mtllib ENV_Galaxy_Spiral_01.mtl
o ENV_Galaxy_Spiral_01_Stars
v 153.874755859375 22.280454635620117 -1975.96435546875 0.4711849545178038 0.4870926008691088 0.5207150726305746
v 607.8344116210938 0.4810311496257782 -710.3352661132812 0.7128651257632977 0.7030463562676065 0.701305393401458
v 240.71995544433594 5.915236949920654 -1931.1343994140625 0.47077938719752227 0.48579135851857186 0.5181180089146291
v -2014.8328857421875 7.327951431274414 1232.0291748046875 0.8369468758756314 0.8807561281056133 0.9612557939979031
v -1297.19873046875 -15.661219596862793 -25.943429946899414 0.8377750531336465 0.8385039681710885 0.8561009855237293
v 1031.2802734375 -16.034650802612305 1361.0177001953125 0.5429582128766923 0.5535977807325048 0.5809366854486833
v 2405.166748046875 62.28927993774414 1619.5198974609375 0.6939375885964171 0.7537441320341315 0.8514079492299924
v 998.350341796875 -3.567089557647705 1371.7977294921875 0.7296793206431126 0.5566623185437083 0.6007536085039799
v 160.9633026123047 -7.667008876800537 504.11669921875 0.9181552939067676 0.8922036806418335 0.8670079920915684
v -190.27171325683594 29.81437873840332 2006.5540771484375 0.7441604211325792 0.7695911530991938 0.8224738712555959
v -596.2937622070312 9.246885299682617 -1688.165771484375 0.6029734400505845 0.6170860274931119 0.6507315964068888
v 267.3234558105469 8.799173355102539 1860.9554443359375 0.7279352943904852 0.7479021053962307 0.7925830625418565
v -754.07470703125 -13.723094940185547 669.2679443359375 0.662060333078396 0.6547949398490226 0.6563067976842178
v -2283.45654296875 22.064966201782227 -1756.0081787109375 0.4336567466254705 0.4721025512253281 0.5350998184912655
v 2243.4736328125 44.5274772644043 1806.0067138671875 0.5553026449394527 0.6033001173266116 0.6819559320970195
v 1050.749267578125 9.833008766174316 1327.881103515625 0.6808669090605246 0.6935023000541933 0.7264634351554188
v 2595.361572265625 67.79354095458984 -56.07951354980469 0.5065863499111903 0.541333671312334 0.6015899518936786
v -1788.677490234375 44.19217300415039 -2372.2958984375 0.5218916555102115 0.5705524131127528 0.6490236763246602
v 2306.30908203125 -2.73528790473938 1729.170166015625 0.6684449516077928 0.7254511542387468 0.8188281639571452
v -2596.201171875 3.672410249710083 -697.9556884765625 0.8190356512610317 0.8777393078558783 0.9775556183903519
v 2605.726318359375 22.904722213745117 782.9913940429688 0.6182991577803841 0.6647957380836672 0.7433370564307417
v -2374.55126953125 -22.301259994506836 638.847900390625 0.5142352472584444 0.5451478160262206 0.6005082064569675
v 133.3191375732422 131.93959045410156 545.7719116210938 0.7574403540151411 0.7366426479417676 0.7171235327337226
v -221.15280151367188 124.96595001220703 -228.551025390625 0.9197272644184394 0.8871768762436498 0.8503049350959482
v -688.8704833984375 5.760492324829102 -1682.8878173828125 0.5544422209902304 0.56827985633771 0.6005697220400985
v 883.3943481445312 19.386220932006836 -622.2866821289062 0.6131049189836754 0.6081161041963844 0.6124304224278088
v -632.9088134765625 47.978912353515625 729.7225952148438 0.5070265445587441 0.5004684318029807 0.500233154825991
v 464.0192565917969 20.265398025512695 -778.8627319335938 0.6441645798910347 0.6345169715792018 0.6317579470874961
v -1254.1505126953125 -8.76717758178711 79.51570892333984 0.5946408703934054 0.5941368329083166 0.6053061812829401
v -2389.4345703125 16.213979721069336 744.8750610351562 0.5068610672502499 0.5387152822824754 0.5951514561115704
v -383.6280822753906 49.005027770996094 -1812.1964111328125 0.5784441108629776 0.5937985281040042 0.628782419436349
v -184.19534301757812 148.93223571777344 -480.3805236816406 0.6098076506992772 0.5917604510492867 0.5739903526788657
v 1456.05810546875 -64.39285278320312 -1674.404296875 0.6291311117845247 0.6577100952357483 0.7125587317862864
v -2662.51806640625 -20.847658157348633 -313.4650573730469 0.5528444079908087 0.5934060086221584 0.6624808877826316
v 269.7834167480469 -7.023046016693115 -1987.9661865234375 0.5736213275796692 0.5933457409055575 0.6345442732962137
v 817.2946166992188 21.232423782348633 -598.8600463867188 0.6885668551325622 0.6811680770906533 0.6829574297169064
v -899.1044311523438 14.58833122253418 619.3001098632812 0.5234532052700154 0.5193746598577 0.5235008172554536
v -2593.661376953125 -10.063858032226562 -686.5355834960938 0.4556244666106875 0.4897600703074427 0.5478667950609515
v -884.9091796875 -28.954710006713867 -1441.0709228515625 0.5091498430329017 0.5187816839513142 0.5439690539907145
v 824.799072265625 47.95559310913086 1526.7001953125 0.7639484486099111 0.7795126312557886 0.8184311744539385
v 2656.252197265625 5.652379512786865 670.5801391601562 0.5502783039541218 0.592746029283122 0.6642140776660183
v -1889.0313720703125 7.124894142150879 1381.6552734375 0.5722332145227862 0.6023417358637705 0.6579993331895089
v 1997.9268798828125 -99.82251739501953 -1281.753662109375 0.5982215017876421 0.6307203977961128 0.6902381892706589
v 629.484130859375 14.990102767944336 -697.7348022460938 0.7153546796380368 0.7056375157821148 0.7041118756593989
v -220.73779296875 -143.292724609375 709.6640625 0.5262672876734988 0.5149265275910591 0.5070513468276117
v -2125.886474609375 -9.624131202697754 1141.400390625 0.49708323976574303 0.5256979409830433 0.5775530462757611
v -454.3524169921875 -55.257110595703125 724.493408203125 0.6500670468339355 0.6390535525820298 0.6341281202009721
v -191.18922424316406 -107.78944396972656 -159.8972625732422 0.871269850939947 0.8383705140238693 0.7997743733854972
v 1529.7781982421875 -33.9312858581543 -1649.2752685546875 0.7282680482451267 0.7622000078415994 0.8266733600907221
v -2453.82421875 -25.6636962890625 472.73126220703125 0.7128868716547745 0.7562574298000473 0.8331692755125254
v 2025.27197265625 9.709219932556152 2144.38427734375 0.6981002748615436 0.7605992685936828 0.8617620873972556
v -2283.467041015625 -12.231842994689941 -1768.56005859375 0.7403510122018059 0.8033041220808429 0.9063161188726979
v 27.375017166137695 29.35863494873047 -1982.686279296875 0.5357130292276251 0.5535973279343018 0.5913800877556131
v 111.9703140258789 -83.9389877319336 1943.91552734375 0.8802675240842412 0.9070172434877356 0.9645870345743693
v -1336.9736328125 -28.768503189086914 -140.40121459960938 0.9037255817770459 0.9062820362084761 0.9279661892329263
v 1212.5924072265625 -28.258655548095703 1030.497314453125 0.8508973955544767 0.8624869906774356 0.8971028509585881
v -247.15341186523438 55.22996520996094 748.3184204101562 0.6070283602432491 0.595135795037152 0.5879016842137216
v -2523.07177734375 32.36160659790039 331.84417724609375 0.6012725224192745 0.6399987042197429 0.707935392482633
v -54.84609603881836 -43.93314743041992 709.528564453125 0.5187279901711884 0.5069159596751013 0.49808948486569354
v 1049.134033203125 -63.71479415893555 -444.65179443359375 0.5153336572270419 0.5123329086709124 0.5180505277348808
v 1567.6455078125 24.576719284057617 -1657.3175048828125 0.5543493980579002 0.5817352285515078 0.6332541640585784
v -2650.216796875 15.993659019470215 -219.78799438476562 0.5403317641194787 0.579316091767499 0.6460040375090002
v 1336.335693359375 -31.4674015045166 -1719.5162353515625 0.46151867169934385 0.48202975177159807 0.5219577614065356
v 586.1931762695312 91.93952178955078 -768.4274291992188 0.7014639306618068 0.6926516411859908 0.6923590977938783
v 633.8406372070312 -25.816102981567383 -1995.034423828125 0.5608378819077994 0.5827357737660391 0.6267531734076711
v 1341.143798828125 -17.912038803100586 233.7362518310547 0.511930290697225 0.5138263164346114 0.5272502685677531
v -1319.3470458984375 -15.519905090332031 -750.2652587890625 0.6725043302022736 0.6795675691268663 0.703951806256944
v -2541.812744140625 1.0495356321334839 -1296.336669921875 0.8014071878030136 0.8673492083231101 0.9759412088452545
v -1280.3990478515625 -43.625892639160156 -966.7313232421875 0.4871061943440767 0.4943415203045965 0.5155099398280943
v 1313.48095703125 28.73218536376953 298.6033935546875 0.6279530078593566 0.6298465348811847 0.6454067777253923
v 2668.74609375 -32.25309371948242 312.88037109375 0.5312756823110386 0.5706060022052942 0.6374996818757819
v -2561.31298828125 -42.64360427856445 -1015.3231201171875 0.5025511562376308 0.5421857447722441 0.6086811251128615
v 2424.176513671875 9.249876976013184 1440.7359619140625 0.6089620679536727 0.6587393590377575 0.741220587773862
v 1344.0086669921875 38.10920333862305 698.32080078125 0.7733470653408476 0.7812809252644392 0.808879291128649
v 2607.271240234375 -42.312744140625 873.1935424804688 0.8143143196174687 0.8758222193448316 0.9791282690366964
v 900.6054077148438 0.284892201423645 1459.017333984375 0.48195436958224863 0.4916724722428391 0.5164664666354127
v -1125.53857421875 27.062904357910156 -1177.1876220703125 0.5646613075064066 0.5735739135849784 0.5987396726412041
v -2630.48388671875 -2.901735782623291 -616.6016235351562 0.7624817429015264 0.818024710821685 0.9122084580094018
v 160.14111328125 -71.0466079711914 105.9425277709961 0.7746862939584102 0.7437719020666174 0.7065640258012665
v 321.8244323730469 -50.91532897949219 -761.2333984375 0.5189399582214482 0.5093966648980885 0.5044174538598184
v 1245.835205078125 32.741539001464844 -1825.8497314453125 0.8472536095064401 0.8845559691004927 0.9563530478863226
v -1666.357421875 48.74535369873047 1596.92138671875 0.5992739941783501 0.6295797990151999 0.6861330509614733
v -1347.8238525390625 -37.205509185791016 -205.43441772460938 0.7863735258359149 0.7892555482384368 0.8092843066829347
v 421.9433898925781 -25.51874542236328 -727.2001953125 0.8080040085882723 0.7940858565070897 0.7873237048099028
v 1819.5203857421875 -62.89231491088867 2318.74169921875 0.791549682868651 0.8616870042940026 0.9752568206967939
v 1000.0625 28.5089054107666 1409.974853515625 0.8846877259179144 0.9022728673597172 0.946522903641032
v 2103.62109375 -29.262451171875 2047.572998046875 0.4336767561188309 0.47380045631425377 0.5389051493753787
v -2595.2783203125 17.993043899536133 -947.5638427734375 0.456934137357852 0.4935581908682101 0.5549111459155436
v 240.87744140625 56.09425735473633 258.7193298339844 0.5260238736986947 0.5072644439986245 0.4864410519872799
v 700.1806030273438 -28.312828063964844 1668.3138427734375 0.6754647121405802 0.6917504079682344 0.7300122488228489
v 2626.975830078125 38.5395393371582 676.2889404296875 0.5231430613837202 0.5627907747631808 0.62987354589341
v -2650.0703125 -8.429384231567383 -19.295076370239258 0.7172624781328027 0.7674256557899839 0.8534026026808192
v 319.4682922363281 5.535639762878418 -2058.83251953125 0.7879535028327157 0.8175250856508379 0.8772076744024861
v 1373.5087890625 50.93349075317383 552.9578247070312 0.5262326544963175 0.5309842711215331 0.5490987841040904
v -1027.177490234375 31.58407974243164 -1358.9058837890625 0.6738886709732465 0.686725570029767 0.7198534821647798
v -1473.132568359375 12.714502334594727 1687.429931640625 0.45913660241927573 0.4811607860382922 0.5231373445012688
v 2377.09375 -4.561308860778809 -735.8572998046875 0.8046125870266004 0.8526674876331916 0.9381047943622645
v -2535.990478515625 -4.734331130981445 268.8586730957031 0.6053565202274849 0.6445219611586545 0.7131437717069119
v 510.2841796875 -63.231346130371094 -2013.699462890625 0.4701604990267431 0.48842793889380326 0.5253901104825561
v 1354.95654296875 -17.27223014831543 244.69351196289062 0.6008623459748502 0.6034624331004769 0.6196268962602319
v -1027.914794921875 -41.528255462646484 -1339.63623046875 0.5622639867033359 0.572735050881088 0.6001928504453599
v -64.16739654541016 -39.91938781738281 -590.395263671875 0.5552263581407116 0.5402504422549141 0.5267111966490753
v 51.541893005371094 -18.663358688354492 603.5410766601562 0.5181135454028013 0.5042739103520845 0.49194890882303527
v -2609.881103515625 -31.740407943725586 -842.6831665039062 0.4392132300315425 0.47397483988969985 0.5324401816201552
v 1521.30712890625 -70.50333404541016 -1649.758056640625 0.5346833916857087 0.5600674257195073 0.6083829095292563
v 1087.94921875 25.346647262573242 1177.060791015625 0.4999675827831718 0.5073386598922353 0.5289550288435667
v 1676.5362548828125 60.19051742553711 2479.60986328125 0.5096842731157377 0.5581142454201948 0.6359173387968841
v -1809.586181640625 28.796091079711914 -2337.854248046875 0.7130556999875908 0.7771253829608754 0.8807082445815225
v 822.2161865234375 -64.20108795166016 -1953.9609375 0.6844815201877856 0.7117354223993468 0.7659421818764355
v -2384.03369140625 48.58102798461914 672.7271118164062 0.8144370673755735 0.8625079853314874 0.9482095826165006
v 24.736949920654297 7.59680700302124 585.9326171875 0.5182107312138261 0.5040025591856244 0.4910405047018889
v 1301.5904541015625 -64.74529266357422 95.78947448730469 0.7126558592398857 0.7135133512478725 0.7290077684939558
v 1868.4466552734375 0.00561045715585351 2317.263916015625 0.49166232632109136 0.5379702538001253 0.6125746470338321
v 1302.7547607421875 7.850229740142822 10.882742881774902 0.5009329782907264 0.5015034917771478 0.5126449719352629
v 1519.0775146484375 -36.74485397338867 2580.49169921875 0.802338961562922 0.8759353571384689 0.9941439184138793
v 612.85546875 -22.66168975830078 1711.0679931640625 0.8787742618183803 0.8999377515249524 0.9493554863743728
v -943.392578125 5.943131446838379 552.1754150390625 0.501236955008071 0.4973432024293339 0.5013565520625787
v 920.4689331054688 -55.13213348388672 -502.9916687011719 0.8803773050905934 0.8722970660888774 0.8765541524740933
v 1994.1785888671875 26.816524505615234 2137.90625 0.788914300797647 0.8575689754541184 0.9692040443641375
v 1180.6434326171875 -20.194637298583984 1052.901123046875 0.59018391546346 0.5981820287773904 0.622447635003046
v 2298.253662109375 -35.534690856933594 -908.9114990234375 0.6308919672041401 0.668603131379032 0.7359294967648258
v -1771.3839111328125 36.89539337158203 1504.5655517578125 0.4559472773994499 0.48004084702056976 0.524788922160021
v -376.1611022949219 -53.842201232910156 736.470947265625 0.676536135424297 0.6643853622352102 0.6580607521411856
v 192.11611938476562 0.3123036026954651 1866.5032958984375 0.5092957584883228 0.5235913773068845 0.5556561921387676
v -1266.5556640625 8.783655166625977 78.3519287109375 0.49821443445798225 0.49805007508855453 0.5079810855681839
v 930.1065063476562 -4.414527893066406 1425.7432861328125 0.859914981186793 0.8759826794897739 0.9174977190862983
v 2510.904052734375 -7.156687259674072 -381.26275634765625 0.7824764703185191 0.8316576012012994 0.9180374962898188
v -2421.686767578125 73.98448944091797 -1588.5662841796875 0.777515941570512 0.843822045762427 0.952165213621515
v 2003.1285400390625 -8.669244766235352 -1352.793212890625 0.45723812416759996 0.4839030375386913 0.5321712870336182
v -1469.7440185546875 -31.430498123168945 1722.734375 0.46074186378031706 0.48347793523863763 0.5264732614353201
v -510.8718566894531 1.967872977256775 780.126708984375 0.5821364166202535 0.5739348155354367 0.5724000043204551
v 147.0204620361328 -7.628134250640869 1928.443359375 0.7080937984519724 0.7294539923335673 0.7757548647933387
v -1300.2347412109375 6.688129901885986 -799.9268798828125 0.8769253655673968 0.8863158502668914 0.918075463629925
v -2608.994384765625 -32.304466247558594 -97.5748062133789 0.4657557712733878 0.49841414235139375 0.5548635452996845
v 264.8619384765625 -45.3401985168457 -1985.020263671875 0.7528454807317981 0.7780565892853507 0.8308054412648905
v -600.0057983398438 16.945693969726562 1995.4881591796875 0.8069853342064366 0.8372358863709644 0.8982819358469096
v -1310.603515625 -2.3902063369750977 -189.75331115722656 0.49540730320517806 0.4964377156559287 0.5082008037060557
v 1240.635498046875 10.32282543182373 -143.56533813476562 0.5649931510740427 0.5643255972756189 0.5746893444248378
v 2517.9453125 -33.11717987060547 1206.414306640625 0.7241436588266117 0.7812428378256713 0.8763587661959756
v -2055.33349609375 49.79249954223633 1135.602294921875 0.5335918051809081 0.5620854936177166 0.6146412174002449
v -707.5700073242188 13.672765731811523 672.9152221679688 0.880607941498586 0.8700463337607173 0.8702409439826829
v -2305.655029296875 -7.4207072257995605 840.66845703125 0.452371151585419 0.4797909754130523 0.5289563332264738
v 205.76109313964844 -37.75371170043945 306.4061279296875 0.529510611627104 0.5109248179980944 0.49048868556922526
v 973.6500854492188 -53.33843231201172 1401.3997802734375 0.6363289546007805 0.648594564693047 0.6801498264685768
v -154.478759765625 -55.414215087890625 743.9357299804688 0.5170583294163715 0.5062235025172132 0.4990270899854026
v 1280.8922119140625 -24.011911392211914 -36.04189682006836 0.6360655496065728 0.6361951975691432 0.6491305220741972
v -1257.8565673828125 -36.3929443359375 -954.0018310546875 0.6088437318955118 0.6169827214599846 0.641813039157829
v -2347.68701171875 0.0221910011023283 862.3577880859375 0.8371149234961354 0.8876051664858874 0.9770973670565294
v 2608.777587890625 52.68748474121094 230.51136779785156 0.44817836558363017 0.4799664111860687 0.5348144203335622
v -2477.064697265625 -58.63041305541992 -1353.4962158203125 0.47007372549665466 0.509525686390591 0.5748642059065795
v 2435.396240234375 14.738200187683105 -618.4833984375 0.6391411314262293 0.6788705497039511 0.7490936468147026
v -2621.951171875 -27.713058471679688 46.952816009521484 0.7614662293351581 0.8132052950934182 0.9024111582852105
v 1194.046142578125 41.665260314941406 -1796.4898681640625 0.7764965762247432 0.8086643229148414 0.8717517891784934
v 671.213623046875 6.424990653991699 1660.6448974609375 0.48960449296050773 0.501304484510449 0.529180911137995
v -987.376953125 17.855850219726562 -1392.375244140625 0.5642391508908076 0.5752392732759359 0.6035241962298693
v -151.9535369873047 30.489925384521484 -473.7099914550781 0.55125238739621 0.5344603081932384 0.517668381168885
v 2229.505615234375 -18.973913192749023 1846.1136474609375 0.7972183968826919 0.8650089580949404 0.975809519183669
v 118.51969909667969 -36.236934661865234 -699.784912109375 0.9374962766299343 0.9169985752623164 0.9016203584735047
v 1085.0582275390625 30.27538299560547 -1856.7530517578125 0.8218149696461693 0.8554517538409943 0.921579915816692
v -189.73355102539062 -58.76438903808594 -408.1586608886719 0.8410075067044693 0.8148220212098436 0.7875934989768871
v -1261.5108642578125 -51.64943313598633 158.42372131347656 0.7359588698975298 0.7357991620276356 0.7501171846127181
v 985.8490600585938 25.78973960876465 1441.558837890625 0.7494596159731592 0.7651442801384363 0.8039613237909939
v -1282.6351318359375 37.984249114990234 -942.8721313476562 0.7152877580352246 0.7251614333616919 0.7546241938822678
v 467.0267333984375 46.2428092956543 1807.13134765625 0.6705746154795144 0.6886293434585641 0.7293827973581503
v 2129.9560546875 -6.13860559463501 -1109.5140380859375 0.580181093227927 0.6127201204897792 0.6718636691661457
v -417.11859130859375 -34.67378616333008 2031.4947509765625 0.46640007047316984 0.48444918158096356 0.5210227995079335
v -1361.7071533203125 10.41063404083252 -108.40613555908203 0.6396109679063743 0.6420630649437631 0.6587118951932179
v 813.6016845703125 12.351470947265625 -594.7132568359375 0.7734298796485325 0.7650223013925752 0.7667463970167295
v 2128.389404296875 -15.662454605102539 -1130.4578857421875 0.4616599846395703 0.4883574948855282 0.5367758486579174
v 61.8150520324707 85.96178436279297 -686.5626831054688 0.5219822796519473 0.5096664371863739 0.500043039428969
v -1228.2515869140625 17.740976333618164 268.29254150390625 0.626999380201342 0.6264846441506815 0.6382331623602665
v -2583.102294921875 -102.30083465576172 141.22401428222656 0.44865936359298336 0.47956691827693715 0.5332717283831474
v 584.9508666992188 55.905418395996094 -1968.5809326171875 0.5358910939627224 0.5557699414285219 0.5964018115924669
v -223.6481170654297 21.225677490234375 -381.8445129394531 0.5433022175806602 0.5256717984797211 0.5072331727914174
v 704.2809448242188 11.567540168762207 -1949.6776123046875 0.46807310080229564 0.4861575490285181 0.5228165553213217
v -99.88555908203125 54.07992935180664 -562.9208374023438 0.9506139204921275 0.9251985971505611 0.9016084288076218
v 1623.02294921875 7.7381672859191895 -1597.47802734375 0.45772658664512617 0.4806656752273751 0.5238720754641708
v 246.01165771484375 41.402339935302734 1847.4263916015625 0.5548035221709862 0.5699004969672953 0.6040392236374997
v -741.9080200195312 42.147335052490234 681.1583251953125 0.5357414727068517 0.52973302095514 0.5309409105103253
v -476.8694152832031 -33.627994537353516 1984.6361083984375 0.6378979466999928 0.6607922852244159 0.707847137788434
v 2375.30126953125 -58.80549240112305 -737.6121826171875 0.6620033751568336 0.702039346255112 0.7732403784295839
v -133.61343383789062 -101.18058013916016 -559.4263305664062 0.6232472150079359 0.606182659267411 0.5904060019189311
v -747.9021606445312 -11.946399688720703 -1619.3790283203125 0.5101366805275221 0.5220906883139709 0.5507424321481017
v 181.3573455810547 33.94972610473633 -715.987060546875 0.5292022789366195 0.5177121382797117 0.5096405226112395
v 842.252197265625 -48.571800231933594 -1959.80224609375 0.5977229482242591 0.6222024710093849 0.6706440400181731
v 402.375244140625 7.6209330558776855 1831.3104248046875 0.7242209509904738 0.7439126006458066 0.7881190258912472
v -143.7113494873047 -111.85425567626953 698.8836669921875 0.5264633218853038 0.5145288658527579 0.5056462593760044
v -151.2143096923828 -39.291542053222656 1978.084716796875 0.4758252336661242 0.49192089107187625 0.5259083054876365
v 2370.975830078125 -49.000492095947266 -717.002685546875 0.7340369075938781 0.7776576637504016 0.8554276647615319
v 1222.3919677734375 -0.7348468899726868 -106.32234191894531 0.5327568513405209 0.53162626133603 0.540660045905887
v 2245.17724609375 -24.873369216918945 1845.0999755859375 0.5059629871822067 0.550984502344596 0.6244195318010566
v 934.9501342773438 -8.74345874786377 1401.6553955078125 0.48006441873496425 0.4890552353676519 0.5127282647037933
v -1197.097900390625 -12.480143547058105 -1025.637939453125 0.4957314747227309 0.5024295817101508 0.5229470153242218
v -2588.236572265625 -25.37708282470703 -265.3738098144531 0.5123412919668638 0.5476317783613852 0.6087512323174128
v 2606.504150390625 28.505523681640625 822.3775024414062 0.4510954174984945 0.4864123510182818 0.545922392178031
v -2408.236328125 -59.24216842651367 -1565.02587890625 0.5148112560817333 0.5593436023430958 0.6324268335131107
v -805.0809936523438 -0.13907593488693237 -1556.40283203125 0.7908457747681668 0.8075567829880949 0.8486958705590241
v -2614.966552734375 -19.291095733642578 11.006726264953613 0.4969220754597414 0.531665588719961 0.5916645382433926
v 2350.5087890625 5.186171054840088 1696.4989013671875 0.4448964278219767 0.4847907042403084 0.5499472898428537
v -2666.04052734375 46.069942474365234 -616.822998046875 0.6955716386627484 0.7480950773329172 0.8365405085881963
v 82.51799011230469 39.95946502685547 -1975.6552734375 0.5066233085548631 0.5234815999318609 0.559195352781595
v -1016.7471923828125 -6.034985065460205 1951.1353759765625 0.5432731746189665 0.5677007752346138 0.6148817279139561
v 820.190673828125 13.523036003112793 -1995.7930908203125 0.4635462816259132 0.48362358881536077 0.5229899858309915
v -2356.164794921875 62.09738540649414 693.0650024414062 0.8115587020913682 0.8584767270062125 0.9425643106741572
v -692.7807006835938 9.749063491821289 654.0008544921875 0.8645984748804849 0.8534284791162206 0.8523179332961869
v -2202.95654296875 -23.825931549072266 1009.9786376953125 0.6757738207093793 0.7140609935983541 0.7832536887090851
v 193.51394653320312 -32.91010665893555 -2014.0712890625 0.6960902722525493 0.7202697738619209 0.7703686722752142
v 752.289794921875 -6.25466251373291 -651.47265625 0.5061392669811898 0.5001861856657238 0.5009301996351374
v -597.51171875 -24.74989128112793 -1707.326171875 0.671763172981969 0.6879524618959829 0.7259999879921112
v -2558.05419921875 -23.75735855102539 -1225.1990966796875 0.4363881040705164 0.4737150521956666 0.5353775229376239
v -1050.5289306640625 52.9543571472168 -1298.5433349609375 0.4804906786127994 0.4891502802545326 0.5123359216817871
v 971.0928955078125 0.38311275839805603 -546.78173828125 0.8473159327479077 0.8417194233755532 0.8493950065765412
v -639.3511962890625 2.349203586578369 -1700.21435546875 0.5717255191347286 0.43353637686201496 0.4687522112105284
v -271.9485168457031 -38.24070358276367 1992.16259765625 0.6818900302612448 0.7051671589612157 0.7536835735227849
v 1764.749755859375 -31.405000686645508 -1499.070556640625 0.8528626449082335 0.8952668557022085 0.9742214893870423
v 839.2971801757812 22.973697662353516 -638.6912231445312 0.6829474470625002 0.6767291533050006 0.680342777188775
v -1039.8284912109375 -18.700706481933594 -1302.8109130859375 0.7823607273380351 0.5977277975899951 0.6447792682985501
v 208.9647674560547 26.73444175720215 -724.5789184570312 0.638779933825251 0.6255037853453046 0.6165455060702022
v -1347.3211669921875 -24.25770378112793 -102.98506927490234 0.5527578782447536 0.5545457548095166 0.5685537555366544
v 1403.3734130859375 16.525524139404297 262.60675048828125 0.4956371374613126 0.4989487115022659 0.5142737343479301
v 2616.274658203125 -40.52825927734375 185.35061645507812 0.5130969806240923 0.549111909186944 0.6112008025659706
v -2042.53125 -5.571895122528076 1204.34033203125 0.46249655416759056 0.4881725848711473 0.5352284578868826
v 2614.50341796875 11.924640655517578 929.6556396484375 0.5987168860359849 0.6459521877047433 0.7248969600583108
v 268.05023193359375 43.022769927978516 -747.8663940429688 0.5111602865575976 0.5011150422548103 0.4951398815902251
v -1069.1434326171875 -55.6083984375 489.6940612792969 0.6894868691399869 0.686598913424459 0.6957160527134723
v 117.66097259521484 76.67182159423828 1968.640380859375 0.5052458897912271 0.5219252968832057 0.5573540809359072
v -193.16566467285156 -56.999305725097656 -1956.3746337890625 0.6978064471770027 0.7199974323312881 0.7672854695334224
v 1328.9195556640625 22.490427017211914 198.14505004882812 0.6116678183949458 0.6134265718994788 0.6284754102983872
v 1912.644287109375 -58.41264724731445 2260.929443359375 0.5858227800349046 0.6394838585629901 0.7261629665666648
v 1370.1158447265625 33.590919494628906 550.395751953125 0.6303602321876957 0.6358474586396554 0.6570294100940227
v 1529.669921875 -37.54068374633789 -1617.58447265625 0.6637515614701969 0.694043699720093 0.7520379286718296
v -2654.5498046875 -27.649629592895508 -194.54248046875 0.6749339997339059 0.7228314785009379 0.8047261119649113
v 196.62770080566406 -14.692265510559082 443.7978210449219 0.5900799532873813 0.5719603960625639 0.5536498210837978
v 1286.3533935546875 0.13346746563911438 -53.924293518066406 0.5459121078745423 0.5461678459928198 0.5576415159420949
v -1227.3369140625 -14.231690406799316 198.6541290283203 0.5927853185102675 0.591947202941309 0.6025522544316293
v 1113.5804443359375 -62.27528762817383 -395.3133544921875 0.7886777739931449 0.7855885677359138 0.7962145097250026
v -1330.5650634765625 -25.512847900390625 -369.4081115722656 0.7026867464367865 0.7058124721784902 0.7246767364309892
v -2622.849609375 -31.687915802001953 -153.5863494873047 0.4969156502326127 0.532046471133461 0.5925523351979257
v 2626.089599609375 20.55327033996582 562.11572265625 0.47839184629366344 0.5141296493106028 0.574931170482268
v 1356.37158203125 -12.157342910766602 242.93154907226562 0.4910751568728671 0.49326363085375896 0.5067591426923576
v 449.8573303222656 -22.559785842895508 -2006.0782470703125 0.49177967073712264 0.5102336105886746 0.5479161170768411
v -1508.3912353515625 6.564900875091553 1683.4193115234375 0.5406706323648209 0.5668039214434308 0.6162883882360795
v -972.6111450195312 -24.11226463317871 -1401.4029541015625 0.5432789427893975 0.5538782551844683 0.5811633575513149
v -2643.567138671875 6.207127571105957 -109.25682067871094 0.4492444672341232 0.4818734238745191 0.5378487879698068
v 2613.844482421875 -15.93216323852539 767.0977172851562 0.45776682329489254 0.49327547122338194 0.5532169523392638
v -1562.15234375 -79.85808563232422 1620.283447265625 0.4675769164617581 0.4902468124723017 0.5333050854201687
v 1397.8084716796875 -53.52407455444336 -1738.7698974609375 0.4650386580467631 0.48707807512301 0.5292078080134621
v -114.04887390136719 89.17048645019531 -556.573486328125 0.8792821918669645 0.8555596606772433 0.8334513763853875
v -667.8320922851562 28.354961395263672 -1632.5233154296875 0.6252888328642358 0.6390766259291324 0.6726778251337677
v 1254.5537109375 48.92298889160156 -129.30638122558594 0.5495701503240077 0.5492075472468729 0.559770695573701
v 221.26564025878906 77.16679382324219 376.19842529296875 0.8520865511370881 0.8251809178682274 0.7969141246992812
v -232.81544494628906 -117.9666976928711 -208.76231384277344 0.5523693592081764 0.41844812057465425 0.4525763260163374
v -849.4484252929688 -10.75814151763916 639.345703125 0.8599805777403107 0.8525577404320286 0.8575060895018621
v 285.7063903808594 -18.42628288269043 -765.7032470703125 0.5509716617857082 0.5407011070639228 0.5351166171130284
v 755.9127807617188 48.47825241088867 -2000.2039794921875 0.531303398914447 0.5534404898827108 0.5971612351448149
v -1522.5819091796875 -3.1876749992370605 1672.2001953125 0.47413704338193835 0.4973833796982398 0.5413847995374927
v -1082.215087890625 -0.9499701261520386 423.3741760253906 0.880859011841079 0.8767354198768098 0.8874047567712947
v -518.2599487304688 67.44548034667969 2003.845458984375 0.5680210980560679 0.5894647767380465 0.6329921602931362
v 1473.9354248046875 16.720003128051758 -1714.2091064453125 0.45991835755371097 0.48251965314102446 0.5253105761539356
v -2626.48046875 -1.8296723365783691 -368.14886474609375 0.5779429759007668 0.619129742169103 0.6896915249598666
v -633.3048095703125 -7.027431488037109 649.4486694335938 0.6006524186895131 0.5916170423351707 0.5890493915441768
v 1163.9837646484375 -49.87417984008789 1129.0059814453125 0.8995822626897243 0.9130223177937137 0.9513532623180304
v -629.5648803710938 13.984214782714844 695.1040649414062 0.5099796062984793 0.5028145124070876 0.5016318751838165
v 1333.2078857421875 -31.90172004699707 265.47943115234375 0.8298874196308847 0.8327770659039838 0.8536207271301564
v -1103.220703125 -13.33978271484375 346.7936706542969 0.6104971582918831 0.607422595720898 0.6147811380516832
v -108.78239440917969 -131.0257568359375 -590.9170532226562 0.5196190050387407 0.505649751379386 0.4931308074872222
v -1164.5736083984375 56.7973518371582 -1034.7613525390625 0.8436008791029095 0.8538301583811063 0.8862445094004469
v 1306.178466796875 64.47494506835938 158.22032165527344 0.5118748421716405 0.512744983587198 0.5245596697659395
v -1324.613525390625 -8.565621376037598 20.188209533691406 0.5727898696001366 0.5739775162362993 0.5874138404561994
v 800.5475463867188 -31.95139503479004 -622.6285400390625 0.5287480150621529 0.5229599145514603 0.5243981291993167
v -1170.4429931640625 -6.092860221862793 -1145.3155517578125 0.7189438580200904 0.7303704669111303 0.7622458992499312
v 571.697021484375 -5.982378005981445 1747.5701904296875 0.47446614279664395 0.48697251831110117 0.5157350238566164
v -942.9332275390625 -0.8416641354560852 497.56549072265625 0.7648189967416803 0.7582589645706574 0.7628404381030987
v -1884.4873046875 42.331275939941406 -2313.136962890625 0.4302786071543784 0.4716002909295233 0.5380928584491045
v 2439.185546875 -13.411654472351074 1412.3995361328125 0.6599542346355203 0.7134941207896982 0.8022331925840038
v 1196.5306396484375 18.15190887451172 -187.7027587890625 0.8935693557932962 0.8911665049429895 0.9048245985406873
v -1220.722900390625 31.297916412353516 239.40109252929688 0.8591104000724337 0.8579512967554122 0.8729538480265877
v -236.41494750976562 -83.16886901855469 -372.8837585449219 0.8931597720065978 0.8651894831573468 0.8359148519434103
v -531.4864501953125 20.091150283813477 722.53076171875 0.9301659968220077 0.9162333297273111 0.9117823823228286
v -1730.593017578125 -15.952545166015625 1489.64501953125 0.4924898080046867 0.5171557045410862 0.5635273007007671
v 2630.40234375 19.20286750793457 0.5764607191085815 0.5898403545237446 0.6309985513116434 0.7018387243691491
v -477.3012390136719 -81.74971008300781 2025.5867919921875 0.5089884328221961 0.5287078421230187 0.5685461783742578
v -200.3285369873047 24.513334274291992 748.1972045898438 0.8071788882836072 0.7912875034239191 0.7811841421410254
v 648.0166015625 -76.52400207519531 1633.5947265625 0.47729169873979943 0.48792878435674597 0.5139964744251728
v 2286.9423828125 -34.85981750488281 1743.129150390625 0.8061559572449049 0.8736396447392795 0.9843199263786392
v 111.7229232788086 57.304908752441406 -728.55859375 0.7991014570553983 0.7822583248212194 0.7703818617680182
v -1252.3271484375 -4.122443675994873 -863.1466674804688 0.49776702131470857 0.5032075996332684 0.5218479603248602
v -0.43543094396591187 11.951766967773438 -623.16259765625 0.5173606395504965 0.5038709995988191 0.49213612428071335
v 1865.0208740234375 -23.889379501342773 2268.72216796875 0.6056042236753774 0.6598983066479752 0.74797579255465
v -227.07843017578125 -9.3621244430542 -211.92352294921875 0.7070960128849547 0.6814704161639407 0.6523251251594893
v 2593.937744140625 -19.305057525634766 541.4326782226562 0.7341863362202125 0.7854353144735403 0.8732787512327408
v 45.3890495300293 -15.31648063659668 1942.5274658203125 0.6254640411893275 0.6447967246246576 0.6864957934854368
v -1390.947998046875 24.97970199584961 -147.4495849609375 0.8576847480657017 0.8621043177344642 0.8858463246055497
v -524.8368530273438 -7.126578330993652 2029.2674560546875 0.849012292803251 0.8812772942680057 0.9460618403806001
v 2617.075439453125 -20.20372772216797 600.9422607421875 0.5968270028241647 0.6404852440119091 0.7147680195865764
v 54.478904724121094 42.875431060791016 1908.9559326171875 0.8483863906395682 0.8726569571838595 0.9260000222671735
v 2626.775146484375 -24.045618057250977 -119.19662475585938 0.7673931281323236 0.8198406315739333 0.9101295515321657
v -1843.0047607421875 16.718067169189453 1414.301025390625 0.4563026880756033 0.48038670208796524 0.5251299603726954
v 2154.0751953125 19.711971282958984 1926.6607666015625 0.4349804030037047 0.4738157363943048 0.5373432356715766
v 395.2075500488281 27.39812660217285 -732.8240356445312 0.6578612552067588 0.6461609473967374 0.6402334838335536
v -1304.985595703125 -26.063308715820312 -749.5733642578125 0.5122755947523192 0.5174818833304231 0.5360343673612696
v -996.2418212890625 -59.82999038696289 1901.82421875 0.801574519359358 0.8342828159253377 0.8986715430875775
v -1301.7708740234375 -7.617789268493652 -95.13037109375 0.5983251409917859 0.5990583125813833 0.612250378842657
v 1201.934326171875 -59.378936767578125 -191.08180236816406 0.5423589066228727 0.5409803519694825 0.5497961480843199
v 2600.529541015625 19.78557777404785 306.8159484863281 0.7165548748277382 0.765280991404066 0.8493613615692249
v 1325.6683349609375 27.410179138183594 17.33356475830078 0.5579450417626419 0.42279440112417677 0.457235890686778
v 2637.11962890625 -33.521697998046875 544.95458984375 0.49606544469890995 0.5332198624276524 0.59633737661026
v 327.05364990234375 60.68157196044922 -747.4744262695312 0.5305975823758581 0.520644239004665 0.5152002093190043
v -757.7509155273438 -13.98179817199707 -1651.4891357421875 0.6830600974766718 0.6997719131700787 0.7388086028482783
v -2324.377197265625 -27.433862686157227 847.2113647460938 0.7448881824948804 0.7889760053070918 0.8676379036269161
v 642.1248779296875 -23.883298873901367 -1971.2913818359375 0.8717735272060679 0.9038267388733602 0.9687948755550212
v -213.38262939453125 152.93243408203125 -247.23416137695312 0.7029182147656852 0.6778098383688004 0.6495024359285122
v -1397.7943115234375 -20.018070220947266 -181.06809997558594 0.5588634463782437 0.5621016197968765 0.5784829619053101
v 1334.6983642578125 37.68632125854492 109.78237915039062 0.6741171286408016 0.6759131850676544 0.6921720067005117
v -956.8884887695312 25.246809005737305 484.04248046875 0.7629855082086382 0.7566278871990024 0.7615044142770846
v -2575.955078125 -40.290496826171875 15.883614540100098 0.4491258132811233 0.47975176769405475 0.5330978074812023
v 1842.6678466796875 -35.971717834472656 2328.994873046875 0.6929874281342128 0.7560198810269068 0.8576894337434585
v 201.47496032714844 -129.72296142578125 -710.3671875 0.5150661439190681 0.503849873972764 0.495966503311083
v -475.4737854003906 -21.506113052368164 -1787.762451171875 0.8648719683910691 0.8870671284634252 0.937720648261324
v -2208.3779296875 16.208478927612305 -1849.688232421875 0.43357023084466434 0.47201205362325654 0.53500174668217
v -967.6355590820312 44.7201042175293 499.2261657714844 0.9272215696275784 0.9201891195918442 0.9270218435241689
v -157.92115783691406 -136.96856689453125 -487.57684326171875 0.9209387480134517 0.8943829221522358 0.8681868377258727
v 1920.6300048828125 -28.26173973083496 2246.346923828125 0.5115859275278202 0.5588174208274131 0.6351894269302987
v 506.1836853027344 -50.92776107788086 -730.8948974609375 0.8562102644006815 0.6552939528227936 0.7064950482384619
v -1079.4208984375 -44.39685821533203 420.177490234375 0.684950410242621 0.6815844011465447 0.689850590411586
v -2402.621826171875 20.799789428710938 -1512.374755859375 0.7166243829986149 0.5464858949069288 0.5898436429032633
v 780.2685546875 -1.787864089012146 -1976.71435546875 0.5269004071345387 0.54849577221676 0.5913610210449205
v -1974.2178955078125 38.89984893798828 1335.223388671875 0.48528218672061046 0.5124365870790409 0.562035973400622
v -930.9130859375 -49.42662048339844 542.66259765625 0.508508525989387 0.5042372438672941 0.507772978631486
v 1034.0601806640625 -41.925846099853516 1383.561767578125 0.724272606607986 0.7388099294753268 0.7754378766555012
v 2469.12255859375 -31.60477638244629 -494.2967224121094 0.760699976560092 0.8076297570860658 0.8904733037357936
v 1317.5908203125 -3.2994396686553955 215.7720489501953 0.8584674630890546 0.8605704909251848 0.8807094843276714
v 2062.175537109375 -12.628711700439453 -1170.0013427734375 0.7083312386896748 0.7461969389293139 0.8155961857709997
v -2322.77001953125 40.86892318725586 832.1642456054688 0.48377964258912504 0.5132820073323027 0.5660069189667023
v 962.6426391601562 -15.509552955627441 -1906.05419921875 0.6122357992510314 0.6373326925435833 0.6869538959582066
v -1667.744873046875 -26.339937210083008 1634.6182861328125 0.45728765350472306 0.4817410070810932 0.5270113765666649
v 164.59039306640625 34.031044006347656 488.0599670410156 0.8475119295754906 0.6485135499828348 0.6992258673694973
v 276.53863525390625 9.576262474060059 -754.5938720703125 0.7569363390488306 0.7427903010318038 0.7346598553324442
v 863.1917114257812 -77.23902130126953 -1926.08349609375 0.585787710187227 0.4444979402163081 0.4805039318109338
v -2677.26220703125 8.416472434997559 -354.90472412109375 0.4409000070996849 0.4745615726028491 0.5316539994426808
v 2299.416259765625 17.23870277404785 -899.452880859375 0.7032849720283599 0.7448784156188838 0.8191796991040484
v 1204.5501708984375 -40.46013259887695 -183.82662963867188 0.8774330553364265 0.6718372502444462 0.7242308620329418
v 2691.451416015625 59.50985336303711 621.0267944335938 0.6487096076260732 0.6990248884687686 0.783324725409623
v 131.413330078125 -174.85108947753906 -702.1218872070312 0.5161157963860578 0.5044094292692018 0.49571170092882083
v -740.5406494140625 -33.637691497802734 -1641.84228515625 0.7646053240088063 0.7825783649772452 0.8250684357219114
v 1352.8612060546875 -30.892696380615234 61.6563606262207 0.6522278296893416 0.654393155977619 0.6708265392783991
v 2543.999755859375 48.98341369628906 -107.43046569824219 0.5764179506761533 0.6137289107243654 0.6791607424649376
v 1014.4680786132812 -16.8909969329834 1400.55517578125 0.7030665830786036 0.717277441267559 0.7530113011933444
v -1215.231689453125 4.798986911773682 250.65524291992188 0.8606508778886601 0.8593777115838938 0.8742275012841628
v 617.5899658203125 -2.2297143936157227 1746.33154296875 0.47507192822206706 0.48791978558542165 0.5171933307023564
v -1159.7958984375 -16.02016830444336 -1119.141357421875 0.5541405447084496 0.5624607393154372 0.5865340232116318
v 1366.3460693359375 -11.170761108398438 190.8691864013672 0.6745029975304259 0.6774750332807381 0.6955792770199798
v 1571.79833984375 18.556455612182617 2544.62109375 0.7784622449216558 0.8498225193914493 0.9645077399361942
v -151.33477783203125 -87.94525146484375 -549.226806640625 0.6182345665194606 0.6011748575347424 0.585303882790103
v -1352.8734130859375 -27.55605125427246 -476.2558898925781 0.49053748744862063 0.49396285989171757 0.5093695692267329
v 1113.1990966796875 58.534976959228516 -297.2026672363281 0.7574849604278628 0.7536004995741937 0.7623739640240129
v -367.53985595703125 29.868518829345703 748.053955078125 0.5098686362671951 0.5006145752309584 0.4959465949372313
v -2509.828369140625 49.27724075317383 337.2375793457031 0.7490836064809326 0.7959785534649688 0.8784831937246108
v 2386.04345703125 35.829708099365234 1573.68505859375 0.6541697796027252 0.7089907424021574 0.799186430880456
v 575.7439575195312 -18.954204559326172 -746.4292602539062 0.6977071728917819 0.6882924009328113 0.6869337806317733
v -134.2371826171875 -1.547001838684082 -1903.84423828125 0.7955927285360304 0.8183993292869562 0.8685589795606585
v 1332.7802734375 16.943145751953125 118.89984130859375 0.7857399457124185 0.7877732228204075 0.8064620025391976
v -159.2744903564453 -52.48858642578125 -1902.063720703125 0.6160810644417135 0.6340791294839176 0.6736596511310391
v -231.0016632080078 -42.25520324707031 2012.15869140625 0.48615940037492683 0.5036330045987951 0.5398037411605485
v -554.5997924804688 -30.853384017944336 -1773.35498046875 0.4739653520493516 0.4869242484735668 0.5163379338674159
v 501.6545715332031 -12.255780220031738 -761.2689819335938 0.7230924811574827 0.7124968679646679 0.7096609216645356
v 240.54415893554688 12.02506160736084 -2029.0311279296875 0.6692912862219602 0.6932963048504638 0.7425874677392652
v 1222.77294921875 -33.20205307006836 952.2567138671875 0.6519301859597254 0.6597392307692895 0.6848768728628565
v 2373.133056640625 -52.051910400390625 -762.0763549804688 0.6880394198819966 0.7297442726233334 0.8038177433930157
v 632.780517578125 0.5104379653930664 -687.868408203125 0.507959118197848 0.5007554746986557 0.4994707752133612
v 2602.405029296875 -11.579010009765625 -31.052772521972656 0.5551220835576952 0.5931007302911209 0.6588644785392684
v -709.0684814453125 6.133224964141846 1969.2640380859375 0.7084958546082297 0.7356341118827093 0.7901912243185777
v 2553.799560546875 61.00067901611328 -68.41217041015625 0.5303885724214996 0.5652547817912942 0.6262806851166971
v 1230.712646484375 39.653175354003906 1001.9995727539062 0.6483821014129458 0.6572530078962239 0.683936841574499
v 908.0595092773438 -6.4908671379089355 -1890.4144287109375 0.6585341481944761 0.6840410223745267 0.7352319950382128
v -2262.3876953125 15.335744857788086 -1869.30517578125 0.5799659309071166 0.6320664153029246 0.7166175015934786
v -579.6371459960938 -6.454573154449463 -1723.7882080078125 0.8312284708220996 0.8513591124756701 0.8983262027817989
v 314.1482238769531 43.29570388793945 -749.9305419921875 0.72740349134636 0.7140280770311597 0.7066248288029322
v -505.6026916503906 -76.72191619873047 741.2019653320312 0.5653206957474127 0.556553804928391 0.5537611817869822
v -142.80780029296875 -156.5609893798828 -518.647705078125 0.8408516806569349 0.8172177930982801 0.7944716462707261
v 1428.2159423828125 -21.623638153076172 -1787.839599609375 0.5043971373218716 0.5297389021624987 0.5773105306552334
v 396.4770812988281 -37.25844192504883 1848.890380859375 0.8749640055674432 0.8991435368587473 0.9528882992237725
v 428.30682373046875 3.2692313194274902 -2019.6402587890625 0.6160452511678215 0.6389728109574554 0.6856158930345978
v -2541.02587890625 -42.498355865478516 407.27630615234375 0.49373663956027586 0.5269944151965116 0.5849578877370292
v -497.6849670410156 -14.171093940734863 -1779.23486328125 0.4890229194457492 0.5020906281174817 0.5319618555375532
v -257.0716857910156 -5.312916278839111 1987.9537353515625 0.6675698565778407 0.6901845008603589 0.7374578910991103
v -672.1597290039062 -48.812747955322266 -1723.34423828125 0.776617448248236 0.7966785104910177 0.8424654461359197
v -50.65464401245117 -50.33195495605469 -600.9111938476562 0.5273647718125989 0.5132496411457185 0.5006354392857081
v 1889.438232421875 -20.167278289794922 -1387.96630859375 0.6043715620592638 0.6361626348324664 0.694862569972502
v -1948.41748046875 -29.915664672851562 -2181.162353515625 0.641516829832845 0.6982281375624957 0.7904250150958714
v 2618.3173828125 -42.47186279296875 939.7770385742188 0.437705555319175 0.47351277569915134 0.5332770110797204
v 548.2359619140625 6.843790054321289 -744.1538696289062 0.5603287047078171 0.5522266408934859 0.5504440438335402
v 56.992515563964844 27.060279846191406 -1990.0374755859375 0.8766280624004095 0.905184218826128 0.9652744334248536
v -2649.63623046875 16.060636520385742 -526.9566650390625 0.4410742153742064 0.4747720520544619 0.5319161545252801
v 1466.062255859375 -47.493896484375 -1656.8521728515625 0.6790689561662481 0.7094903024245054 0.7680043915119938
v -2003.0662841796875 -8.950370788574219 -2186.834228515625 0.4315237979550174 0.4723919317691702 0.5383593087483443
v 2629.593994140625 8.702370643615723 -122.82391357421875 0.5829399060607261 0.6237325976503253 0.6939126343999027
v 1297.5950927734375 39.801029205322266 -21.214092254638672 0.7623098040499253 0.7629870795730506 0.7791123505227635
v -930.774658203125 -19.939483642578125 -1481.8426513671875 0.8650963233127332 0.8831774116405566 0.9277843257054212
v 1221.6739501953125 11.35429859161377 1077.259521484375 0.4854130227263795 0.49318842058972917 0.5151396551161901
v 203.1979522705078 -7.966761112213135 107.59200286865234 0.6295805670854779 0.6048613544473662 0.5756006458134398
v 1075.36865234375 -24.200138092041016 -393.9662780761719 0.5900578589549653 0.5868049342592957 0.5934986869826361
v -566.9105224609375 -67.77579498291016 -1739.1099853515625 0.6690758715981143 0.6858673043262303 0.7247452931193723
v 1219.9775390625 48.76469039916992 -220.04885864257812 0.49684772463336907 0.4960558996628605 0.5049666438814469
v 2283.52490234375 -39.62335968017578 -926.6510620117188 0.7345133829289935 0.777618760123126 0.8547108962395167
v 1266.5560302734375 -9.6122407913208 909.0889282226562 0.7167410899117784 0.7255641401310522 0.7534599880583674
v 2620.003662109375 -40.365684509277344 -53.39676284790039 0.5652680370158433 0.60450978807805 0.6721951046740158
v -970.92919921875 -4.167464256286621 1974.0439453125 0.5434226871161951 0.5678485271762342 0.615030359285192
v -1223.9503173828125 36.263946533203125 122.97930145263672 0.8887044563390567 0.8870022230316301 0.9016867641419448
v -2250.48681640625 -40.059757232666016 -1826.1512451171875 0.5393088836083099 0.5867155768028531 0.6641500328492937
v -779.7603759765625 56.46699142456055 -1575.5118408203125 0.6766621759109637 0.6912991240710048 0.7271537623768556
v -243.79269409179688 8.324932098388672 2036.9329833984375 0.49367166334319795 0.5120727217220228 0.5497198863459055
v 228.5904541015625 -5.873827934265137 363.013671875 0.6662241480621597 0.6446598739588817 0.6218808139578613
v 1320.303955078125 -28.325748443603516 158.52565002441406 0.6171631599902038 0.6185681415048354 0.6331636044721727
v 710.5465087890625 30.577171325683594 -1986.4803466796875 0.4959854185861949 0.5160182347700237 0.5560219485799965
v 387.79705810546875 34.87339782714844 1819.775634765625 0.6819789871314232 0.7001205166316206 0.7412273093215258
v -193.95843505859375 29.27793312072754 757.995849609375 0.537667845543299 0.4069882093160439 0.44029032922334527
v 487.7142639160156 8.438770294189453 -768.053955078125 0.8162128375223978 0.8042908830094824 0.8010186758175076
v -1394.5963134765625 72.12466430664062 -510.9386901855469 0.6655664279803669 0.671593744417223 0.6942607027517734
v -2187.5380859375 2.2576849460601807 1027.630126953125 0.4537579557712435 0.4802348171173712 0.5281658191130751
v 144.0194091796875 11.787124633789062 494.57867431640625 0.753990862295703 0.7320463351978205 0.7104516783864623
v -1073.9696044921875 -28.5941104888916 1913.195068359375 0.8217052097908016 0.8572317471841109 0.9259955548705595
v -380.33978271484375 16.46782875061035 784.0244750976562 0.7687321421435804 0.756336641545026 0.7513709867709841
v -171.63133239746094 42.37868881225586 -89.70671844482422 0.5547642077594368 0.5320745981303475 0.5047849475203348
v 2636.155029296875 -26.606483459472656 206.1125946044922 0.624081502529779 0.6679607596664445 0.7432620722176889
v 1330.737060546875 -12.93152904510498 660.0055541992188 0.552435309407568 0.5575206244025417 0.5766354247684328
v -764.2184448242188 69.60609436035156 -1567.1781005859375 0.501957058048356 0.5127463404066374 0.5395173765357111
v -2679.90869140625 -77.70989227294922 -421.90789794921875 0.7751764610650865 0.8321219085129409 0.9284663747219123
v 2360.32666015625 -2.490499496459961 -762.8757934570312 0.48174456690771933 0.511520842853607 0.5645619267162675
v 607.2809448242188 17.45073127746582 1672.687255859375 0.677694244707322 0.6930544033225333 0.7299975253499933
v 972.4247436523438 6.952527046203613 -1913.2418212890625 0.48782455516145434 0.5085315507641273 0.5493065939254597
v 1169.6693115234375 -3.6950533390045166 1097.25244140625 0.8214372986662211 0.8331127602575543 0.8673029408157142
v 237.32705688476562 -57.595951080322266 274.58843994140625 0.5781804938872662 0.557924783365925 0.5355681413138981
v 1314.94873046875 14.937945365905762 66.03180694580078 0.6454726534536542 0.6465721295905233 0.6612094214276624
v 2500.272216796875 -1.282251238822937 1415.76025390625 0.4784875706043659 0.5202202057564213 0.58869394162053
v -352.3156433105469 -18.600019454956055 2025.67919921875 0.792176084934329 0.820776216672295 0.8791721374420358
v -1132.5321044921875 25.470346450805664 285.34381103515625 0.5007482437090902 0.4984227738210119 0.5049564837870614
v -2656.647216796875 25.63155174255371 -387.4530944824219 0.6494091373133688 0.6965715700092076 0.7768237440302468
v -1151.735107421875 37.686424255371094 350.9585266113281 0.4975043568008804 0.4959533938252058 0.503667046757419
v 661.7158813476562 22.507619857788086 -692.0575561523438 0.598969064128114 0.5911385092033304 0.5905352988277203
v -848.6171875 28.781784057617188 -1497.3353271484375 0.5406986283421953 0.5516495551823497 0.579408433712458
v -203.79327392578125 47.63589859008789 2016.6639404296875 0.8625179886174733 0.6602108691664996 0.7117663879578984
v 1255.3458251953125 -32.33242416381836 -1849.0726318359375 0.5018079941501917 0.525517811387714 0.5707814560669748
v 769.4420166015625 -23.508541107177734 -643.3999633789062 0.6438144752667522 0.6366002405745651 0.6378542615899099
v -260.72381591796875 -22.196327209472656 781.9949340820312 0.6108383682567057 0.5997169138097035 0.5938562014535586
v -2561.989013671875 -6.817132949829102 -1070.1363525390625 0.6092151774136229 0.6572740112734239 0.7375697393102285
v -69.73368835449219 -196.97145080566406 705.5632934570312 0.8211043980212626 0.8029881699105637 0.7893752308929088
v -206.6249237060547 -22.50396156311035 -357.3735656738281 0.5393329029528284 0.5212564527201553 0.5019415501871838
v -547.0956420898438 16.175264358520508 -1768.7596435546875 0.6411497606368313 0.6579950932174301 0.6963996823539056
v -1601.3238525390625 86.00066375732422 1609.2843017578125 0.7009656601651286 0.734513933352763 0.797841625136104
v -402.980712890625 -4.806073188781738 782.1302490234375 0.5142335535563669 0.5058375445619113 0.5026896122367951
v -235.1265411376953 -47.06772994995117 -319.72998046875 0.8368134268860785 0.8092386175695183 0.7794543836339906
v 2546.99462890625 0.24138587713241577 -218.0550994873047 0.6629865173601799 0.705814190609123 0.7807476251641898
v 1346.56201171875 47.83296585083008 719.5996704101562 0.514751621679964 0.5204970416317733 0.5399205584957576
v 2535.638671875 14.090426445007324 1290.310546875 0.4958710836002151 0.5380098444846552 0.6075086205480764
v -2007.25 22.799243927001953 -2180.978271484375 0.6104763567598545 0.6663138136937392 0.7564671110579939
v 501.0767822265625 13.982246398925781 -2007.7537841796875 0.4678019859389368 0.48578504788916305 0.5222947595080407
v -1689.2020263671875 30.514745712280273 1535.6639404296875 0.7725754861817002 0.8098383341243058 0.8799030396202708
v 56.45561599731445 -36.46428680419922 591.0029296875 0.5961332049440303 0.5801495051526129 0.5656959869464454
v -2526.865234375 -47.70246124267578 415.4539794921875 0.7896586666557047 0.8402533197001493 0.928685803728646
v -1341.27001953125 -20.92979621887207 -149.90367126464844 0.6602856110377137 0.6623434090526038 0.6787572155335305
v -2377.619384765625 2.510948419570923 -1561.746337890625 0.7179476694044205 0.7770555402798907 0.8745483091913109
v -695.2096557617188 4.3380537033081055 -1698.6214599609375 0.7921709910840198 0.8120544914575776 0.8578895385205942
v 520.5350952148438 28.281970977783203 1738.8873291015625 0.49793321395770335 0.5104058802313642 0.5395815301059683
v -1298.724853515625 -17.91527557373047 7.001192569732666 0.6535279266894998 0.6541421590555235 0.6681639470545788
v 729.7124633789062 -48.675655364990234 1570.5750732421875 0.814821300288266 0.8312208123020042 0.8723617849657006
v 2605.61865234375 -1.7700153589248657 115.96277618408203 0.7729897245180896 0.8247928690332551 0.9143848752566875
v -1759.5826416015625 59.28445816040039 -2390.40673828125 0.4935340358877269 0.5397030561314097 0.6141928392035738
v -1371.8477783203125 53.416805267333984 -360.4894714355469 0.5301108362645663 0.5334090124123271 0.5493514361585882
v -2593.82177734375 25.67874526977539 69.62576293945312 0.7972842418412549 0.8499598509832755 0.9413305048826779
v -565.1569213867188 -74.25226593017578 725.9140625 0.507232319043828 0.4997424315145796 0.497969350425951
v -1459.284912109375 7.032139778137207 1694.76953125 0.8346266965731677 0.8725769250712748 0.9449905164274932
v -1356.896240234375 4.894105911254883 -505.1155700683594 0.7798614884941539 0.7855659873977162 0.809858509595656
v 925.3241577148438 3.883881092071533 1422.7459716796875 0.6093322693539439 0.6208509746265641 0.6507744916859823
v 158.78216552734375 36.77851867675781 -1944.3260498046875 0.5678358693437122 0.5857560607657021 0.6242475618434161
v 1252.6788330078125 4.524176597595215 866.308837890625 0.8818658477436458 0.8911681527572819 0.9228852545501206
v 1962.735107421875 -14.341999053955078 -1347.4769287109375 0.5533761928528507 0.5838697064411481 0.6396074871811634
v 930.7427978515625 -22.711843490600586 -533.9829711914062 0.7975749130779236 0.7909703893616123 0.7960887745221621
v 2613.462158203125 32.51527786254883 -26.21360206604004 0.4462771090621997 0.47779282335407575 0.5322341570835639
v -313.0594787597656 -45.412967681884766 1942.81591796875 0.5487487776031709 0.5666021948742223 0.6046079759940891
v -1018.8892211914062 18.32387924194336 -1292.74853515625 0.6570767951442429 0.6678472476316548 0.6975614435386749
v -170.55050659179688 -25.134315490722656 -100.45762634277344 0.9468775475735339 0.9097269271975332 0.8651258338205523
v -833.01708984375 -3.8859612941741943 -1524.709716796875 0.8402961819571385 0.8573970278578673 0.9000709443182903
v -289.20001220703125 -23.435461044311523 2004.03173828125 0.8143180989477029 0.842363511445779 0.9004336739603377
v 2001.190673828125 -20.044132232666016 2104.5263671875 0.7805179881506841 0.8474723502573667 0.956720575376378
v 258.55548095703125 0.36288386583328247 -733.743896484375 0.535968140606618 0.5251453337058173 0.5183380920315216
v 247.59945678710938 0.30557239055633545 267.6873474121094 0.6810760772500997 0.6575680810201057 0.6316488271713279
v 937.1951293945312 11.298989295959473 1438.66943359375 0.5905867625131234 0.6023391698405555 0.6322507873109972
v 2119.50537109375 4.887263774871826 -1145.49609375 0.7429009879475732 0.7841001221789249 0.8588329194231199
v 1345.5526123046875 -34.14619445800781 479.7217712402344 0.7530817490474978 0.7579671781970683 0.7804968138127599
v -722.4783935546875 -31.06454086303711 -1623.1328125 0.7257356926749612 0.7420039484644135 0.781223212778187
v -1159.294921875 -42.94053649902344 1823.70068359375 0.4624859003129654 0.4826049066895282 0.5220065067588915
v -889.1082763671875 -61.08207321166992 -1442.935302734375 0.544416850741222 0.5547495591997322 0.5816589285268158
v -2495.9736328125 58.20555877685547 376.7138366699219 0.45917546632573997 0.48893133754897095 0.5413824412520898
v 456.11114501953125 27.13530921936035 -2030.319091796875 0.7158683762472886 0.742815911641892 0.797260151325332
v 1325.281982421875 11.573702812194824 77.20382690429688 0.5894188822433898 0.5907083242901856 0.6046110100616224
v -912.3699951171875 26.919862747192383 -1510.2916259765625 0.47780784110319957 0.4886217431847975 0.5149609165496036
v -2332.806396484375 -67.73503112792969 -1687.7701416015625 0.5292745407399346 0.5751982014940702 0.6504657022435776
v -83.60159301757812 17.667085647583008 680.7900390625 0.7037557783806936 0.6874716992940461 0.6746654444172804
v -1877.027099609375 -32.18027114868164 1430.6514892578125 0.45448980437569547 0.479471871831104 0.5253967489958508
v -142.24891662597656 28.382282257080078 -1931.1468505859375 0.5819246746166126 0.5998224440645952 0.6385678919885462
v -1475.5859375 -42.77022171020508 1709.7767333984375 0.6947950812134741 0.7276186215872764 0.7898081305738184
v -1214.44287109375 -9.818222999572754 -1026.28369140625 0.5635005469961876 0.5713789796625509 0.5949608814496408
v 504.33123779296875 -26.266511917114258 -732.3284912109375 0.8765359388094999 0.8631047295718304 0.8584679118631596
v 1879.4195556640625 27.92732810974121 2302.369384765625 0.43569493602550113 0.47711635904008093 0.5439017948389958
v -1476.4019775390625 15.091668128967285 1661.3526611328125 0.6471397637008164 0.6765994984625233 0.7330700346874364
v 2108.55712890625 -35.5202522277832 -1150.4132080078125 0.6044921105621359 0.6382891707148932 0.6997134347172965
v -2631.49072265625 -1.511242389678955 -402.5677490234375 0.6256557610346257 0.6703367581832219 0.7467248992101454
v -790.8270874023438 -39.67220687866211 -1589.2908935546875 0.5637653566877225 0.5766176932562224 0.6076401783788465
v -90.54551696777344 -11.7845458984375 -578.22607421875 0.8421449971820762 0.8198724033153193 0.7995243426650662
v 20.36056137084961 11.981870651245117 -1976.16064453125 0.6215278297915353 0.6417998332936088 0.6847696268598104
v -1661.6280517578125 -9.49443244934082 1581.914306640625 0.7978042515387398 0.8366992471389336 0.9095811917722179
v 2599.538818359375 32.058006286621094 1015.6002197265625 0.5714247782567696 0.6172886831349017 0.6937056750140912
v 943.9481201171875 7.8724470138549805 -540.5286865234375 0.6543494249011571 0.6492423281138018 0.654130827113261
v -285.9682312011719 -13.614757537841797 773.5018920898438 0.5879104378000648 0.5771799801208845 0.5715345942444963
v -1874.0863037109375 34.84339141845703 1391.6605224609375 0.4768330153488099 0.502193045777152 0.5491547130556177
v 234.01100158691406 10.052262306213379 291.7889404296875 0.759252669794689 0.7334886436620023 0.7052469375865347
v 1101.8060302734375 -3.6007962226867676 -374.7982482910156 0.5564287039872126 0.5537746755444362 0.5608096004684879
v 2640.7412109375 -7.442799091339111 102.96646118164062 0.7939713289716409 0.8487575014467167 0.9428052464624379
v -2068.33740234375 10.13535213470459 1240.95947265625 0.5402460925856264 0.40899796649420056 0.44244495508347254
v 2566.26171875 -28.299392700195312 1067.1905517578125 0.5961012016884351 0.6433205356992007 0.7221708986981864
v 359.90460205078125 -38.553749084472656 1831.6695556640625 0.5418727420026078 0.5567301223566349 0.590262249786634
v -1229.9986572265625 27.52469825744629 -1075.4561767578125 0.49660727846971936 0.504663288067959 0.5272492298111565
v 656.37841796875 47.71968078613281 1624.0849609375 0.8673578099895144 0.8855565006915261 0.9303813790769083
v 96.8026123046875 -142.41249084472656 525.6534423828125 0.9108857734413723 0.8852952105415421 0.860580108486887
v -226.96131896972656 229.2806396484375 -371.408447265625 0.9108625895004404 0.8821771562887948 0.8520143264125785
v -513.1051635742188 -6.456240653991699 -1806.109619140625 0.5680398029102142 0.5838582575792424 0.6193114852394846
v -233.90753173828125 -184.8221435546875 -211.0976104736328 0.8693474058097208 0.8383945219574424 0.8032755807744002
v -1176.5462646484375 53.20684814453125 -1114.334716796875 0.53934735486336 0.5476880414448375 0.5715124755968086
v 443.1982421875 -1.028030276298523 -775.1754150390625 0.9455346191931163 0.9312414723179954 0.9264826524363821
v -20.989274978637695 42.50639343261719 646.328369140625 0.662735517132216 0.5044792250750221 0.5448089316861716
v -2212.31689453125 82.56365966796875 1036.135498046875 0.5663873201162191 0.5995935989612909 0.659303636530102
v 2588.68994140625 -18.435718536376953 -45.01325225830078 0.629960014281999 0.6720750824676678 0.7452194239387141
v 830.4183959960938 13.391337394714355 -623.5541381835938 0.5290614800580296 0.5237908523185693 0.5260814570271318
v -1364.4742431640625 5.6333208084106445 -659.3261108398438 0.49129770392602473 0.4965487355751273 0.514778437293121
v -2526.32373046875 -10.404691696166992 273.980224609375 0.6226579341205807 0.6625082172881654 0.732476221955633
v -42.76509475708008 -49.527984619140625 691.6437377929688 0.6016681180621979 0.5877319522122547 0.5769175038725709
v -2266.023681640625 -13.427021980285645 -1764.913818359375 0.4905556938164661 0.5331975410301423 0.603176245096093
v 1640.3209228515625 -37.76755142211914 -1582.5928955078125 0.5705160570966582 0.5985654164589391 0.6513645350575594
v -899.7914428710938 29.607126235961914 1909.7547607421875 0.5429803739204933 0.5647620178368563 0.6082343209606648
v 216.55572509765625 -18.274200439453125 332.9060363769531 0.7177863111580307 0.6938983047888914 0.6681008361259109
v 646.9521484375 -39.59698486328125 -696.1956787109375 0.8865606446473593 0.875044969318724 0.8737774894412832
v -593.6572875976562 -60.860145568847656 699.5037231445312 0.562518253385418 0.5542363793300096 0.5521968310213451
v -1154.01025390625 32.27677536010742 1798.380126953125 0.4960849893486167 0.5168523317985423 0.5578906810152505
v -516.91015625 48.243125915527344 762.5711059570312 0.6874600018966032 0.6776031615267905 0.6753181245016714
v 42.25350570678711 -30.39334487915039 1941.8831787109375 0.5220203959180082 0.5383949342164609 0.5737272268992551
v -1138.441650390625 3.2890307903289795 -1247.3143310546875 0.7241422971067772 0.7373655410068658 0.7720332778070043
v -195.14268493652344 -15.331571578979492 1967.037841796875 0.8819604867547731 0.675366421644267 0.7280144296054899
v 2240.32373046875 -30.685443878173828 1870.5623779296875 0.4359340391365807 0.4757184668495447 0.5404669936879595
v 604.357177734375 9.751740455627441 1672.7435302734375 0.865170097097895 0.8844219055649295 0.9307607470903273
v -1323.8104248046875 -22.309070587158203 -336.35150146484375 0.5433571677246279 0.5454660447713059 0.5598024478574497
v 806.6177978515625 -49.87989807128906 -651.9673461914062 0.5746256900555111 0.5689135087074852 0.5713332307483363
v -1128.9539794921875 39.545570373535156 -1187.8795166015625 0.5248526885361444 0.533443367204484 0.5573696523653618
v -1992.927490234375 -25.44108009338379 -2181.32177734375 0.4531432320996979 0.4954758034694317 0.5639364001251993
v -216.49525451660156 -19.061033248901367 -1907.6824951171875 0.845939766318578 0.8705690064206492 0.924381919226868
v -1645.59814453125 -59.421756744384766 1590.1932373046875 0.4713147574242392 0.49516098800204283 0.5399236260520319
v 158.93045043945312 14.822919845581055 496.5290222167969 0.5203421987833463 0.5048521012983903 0.4896984781750207
v -714.1123657226562 51.424720764160156 1984.6954345703125 0.7012536578128808 0.7287320818187514 0.7836143522318963
v 2558.69482421875 35.04411315917969 1169.90625 0.4364581988027678 0.47310886369921085 0.5339137720551131
v 1336.6783447265625 -92.46414184570312 155.82872009277344 0.7713770204741253 0.7736266687551558 0.7923896674613254
v -744.6580810546875 -3.4232177734375 676.5023803710938 0.7518079070035216 0.7435691856078925 0.745165252871653
v -1110.1995849609375 16.563764572143555 1858.11328125 0.7643508517553237 0.7963493108769852 0.8589355590479851
v -1138.928955078125 4.8812971115112305 -1197.9688720703125 0.5560003906582979 0.5654248098995501 0.5911957345492891
v -2675.06201171875 -0.7696396708488464 -113.16596221923828 0.7142674215644466 0.7654470295802126 0.8526661615916339
v 633.624755859375 61.19156265258789 -1985.5079345703125 0.7007940416250454 0.7273331898207998 0.7808804140996737
v -1012.94189453125 -16.323633193969727 1880.2874755859375 0.5869690743297332 0.6111289861815782 0.6588898971134234
v -11.157711029052734 -12.784128189086914 629.130615234375 0.5412085326744238 0.5272775011302857 0.5152620719677108
v -1586.4091796875 -45.74250793457031 1607.9864501953125 0.4589140008884834 0.48142085870213897 0.5240589146459619
v -206.77117919921875 -14.281612396240234 746.3109741210938 0.8853222675607394 0.8679864711418158 0.8569604058757467
v -1780.54638671875 32.54778289794922 1440.693115234375 0.8418122509192612 0.8825379927754705 0.9589388328693847
v 1596.9132080078125 52.279048919677734 -1562.7796630859375 0.5121417005807744 0.536275155287569 0.582356204443192
v -2380.964599609375 -15.742544174194336 -1499.7725830078125 0.735292127647631 0.7942514481605836 0.8920584224405618
v 216.76068115234375 119.4847640991211 176.6155242919922 0.8223837627486882 0.7920397473161782 0.7569653720386951
v 228.5287628173828 -60.466278076171875 -703.1537475585938 0.744065519759918 0.7283701909104794 0.7173652857410133
v 1113.484375 -35.38943099975586 -1888.6898193359375 0.8613333855519054 0.8983954961955308 0.9701696743952818
v -236.04379272460938 -126.43814849853516 -295.79119873046875 0.5273823953179896 0.5090357168468044 0.4889803185835921
v 1197.630859375 -17.724037170410156 -1833.159423828125 0.6449918681228493 0.6732063939891582 0.7278994521392683
v 1284.7218017578125 19.99970054626465 -103.61094665527344 0.72440380634173 0.7247784981693549 0.7397281471393279
v 2579.6611328125 69.88815307617188 950.875732421875 0.8067615657656559 0.8677210014121218 0.9701114413646824
v -214.7744140625 -14.575157165527344 -128.94488525390625 0.5354533052770577 0.5145045027824537 0.48994300441719235
v -501.0964050292969 -39.583717346191406 716.962158203125 0.6255958718295959 0.47552862871454 0.5137714532065933
v -2518.752685546875 -39.363441467285156 -1317.033447265625 0.49082745136933476 0.5324885908111332 0.6012346558169485
v 205.69345092773438 -51.20571517944336 150.53761291503906 0.6810644975295345 0.6550485101061883 0.6246096516757244
v 1036.0274658203125 14.721253395080566 -477.33612060546875 0.7656495950387812 0.7613699306624172 0.7696582943863042
v -1367.6376953125 -56.923309326171875 -169.65130615234375 0.49169389785319834 0.4938884704728422 0.5074048972580081
v 825.6739501953125 -38.63508605957031 -630.53369140625 0.905349568300298 0.8966985123564425 0.9004897508245789
v -1108.045166015625 19.311321258544922 350.5057678222656 0.6694369674672233 0.6662471069844501 0.6745095850902185
v -2344.014404296875 -62.90855026245117 -1614.1939697265625 0.7756034962543018 0.8391908023207566 0.9440449872194436
v -1166.068603515625 3.986433982849121 203.42678833007812 0.8484586636418285 0.8452199551846515 0.856709940456765
v 1165.88330078125 22.428274154663086 -279.5777893066406 0.7047182608157554 0.7024376585593295 0.7128079160531525
v 422.66876220703125 6.398337364196777 -1941.048583984375 0.48266597322780364 0.49903691848140247 0.5335595830667874
v 1315.2745361328125 17.064189910888672 733.7469482421875 0.6546217521240149 0.661168457696599 0.684428366121436
v 1.8944662809371948 -7.220524787902832 660.1461181640625 0.5257452804096987 0.5127771561406873 0.5021097173346901
v -203.8686981201172 61.88145065307617 -151.301025390625 0.9540363657680279 0.918340825009669 0.8765565227088502
v 180.7259521484375 13.82657241821289 448.2249755859375 0.5218438269627215 0.5056014955446808 0.4891583568396887
v 3.600004196166992 -66.30980682373047 1972.3035888671875 0.4850498719368766 0.5011318987813572 0.5352891003758717
v 2274.176025390625 42.524139404296875 -936.0232543945312 0.6203295178713447 0.6570139169962157 0.7227063319467326
v 736.7186889648438 -45.99594497680664 1614.0050048828125 0.6072605813009836 0.6209874378800189 0.6541478934700206
v -275.53125 -50.42572784423828 734.5405883789062 0.8559663964157415 0.8394896592029385 0.8293455660650223
v -2443.87353515625 -49.983821868896484 -1437.788330078125 0.5810975491574675 0.6293828211669715 0.7091610239654806
v -726.4037475585938 -15.214693069458008 671.7562866210938 0.5068912598041865 0.5008123860228659 0.5013637559416129
v -2566.60009765625 -13.857698440551758 -980.5851440429688 0.8008859566334244 0.8613390983172906 0.9629149617207405
v 2459.576416015625 -2.3567659854888916 -500.3966979980469 0.6017915238612621 0.6392843083486789 0.7055972941453014
v 1318.0228271484375 -86.02582550048828 20.23224639892578 0.565297577378507 0.5663096879003703 0.5793320887268162
v 2094.5185546875 26.189409255981445 2014.0888671875 0.43562000108194776 0.4749872916747367 0.5392028721407446
v 1330.2926025390625 -10.69015884399414 758.7061157226562 0.4889311388303715 0.4945218167996995 0.5132264006941176
v 1789.9957275390625 32.29660415649414 2397.796630859375 0.6834371737189944 0.7467237063239277 0.8484105802077838
v 197.5646209716797 -25.2507266998291 -749.310791015625 0.9196772683058928 0.9017246815883898 0.8903238845465492
v 2271.993896484375 -45.91550064086914 1723.7254638671875 0.4575691229758589 0.49699152937469354 0.5619285309285339
v -2099.212158203125 -12.47063159942627 -2048.23046875 0.6362199911727279 0.69285657013571 0.7847986875777049
v -1360.3922119140625 -14.973408699035645 -617.5564575195312 0.9019984840519737 0.9103489038907093 0.9409837139658046
v -2072.7099609375 12.282243728637695 1228.331298828125 0.6680664653250243 0.7054052579524817 0.7731338929138779
v -796.4453125 -31.50997543334961 -1560.0350341796875 0.7837233506600254 0.5987899784557846 0.6459180052284306
v 319.70623779296875 65.67597198486328 -746.7789306640625 0.726601297748721 0.7132195948098295 0.705790235610073
v 243.12979125976562 160.95167541503906 310.13330078125 0.6533350380911579 0.6313705403560693 0.6076020414273594
v 932.4431762695312 10.063076972961426 -583.4998168945312 0.5086726492089335 0.5048710747304048 0.5091717455201897
v -1356.3642578125 76.47976684570312 -521.8980712890625 0.5002114650657656 0.5041284988686556 0.5204742252226414
v 1209.896240234375 -53.05642318725586 -206.490234375 0.5473410785978374 0.5461913386119417 0.5554634349834343
v 2592.005126953125 3.5560684204101562 591.0817260742188 0.8163315809122529 0.8733508014927924 0.9709055481226593
v 241.36109924316406 35.67045211791992 -699.6113891601562 0.5373732449104753 0.525752351395549 0.5176187943906048
v -1217.7083740234375 42.941707611083984 -1107.3929443359375 0.49542981221671006 0.5037538299559436 0.5267205122519864
v -1740.9583740234375 -8.975769996643066 1504.73193359375 0.4621906841584064 0.48596279122906955 0.5304148836668282
v -1131.959716796875 45.64964294433594 348.24090576171875 0.5073204510000848 0.5053182880253203 0.5124915998533696
v -2575.820068359375 -18.376951217651367 -1053.740966796875 0.6207543152711754 0.6699114500218741 0.7519390977175286
v 530.5142822265625 49.746158599853516 -1992.1241455078125 0.5951108703929658 0.45176540755957956 0.4882952653423153
v 96.4289321899414 62.759849548339844 -719.9254150390625 0.9446608721380293 0.9245808877530515 0.9100565372954704
v -1202.469482421875 -32.748008728027344 299.80712890625 0.8845481725755091 0.8831861196140661 0.8983349893958711
v 167.9730682373047 -48.030235290527344 -742.7119140625 0.5482590070033239 0.41524406986600126 0.44914132173026716
v 999.78759765625 -42.146728515625 -1906.0118408203125 0.472991538489309 0.4932925187616564 0.5331771776570333
v -2048.765869140625 -43.3001594543457 1265.28271484375 0.4560709841053093 0.4824254549146361 0.5302468277751216
v 1088.243408203125 -31.240520477294922 -1944.0880126953125 0.4836439866602537 0.5063898767165895 0.5499132982598314
v -1895.801025390625 -38.176231384277344 1406.761474609375 0.4633339274380835 0.488767211041183 0.5355131479049587
v -287.90692138671875 19.39129066467285 748.3484497070312 0.6992157237984385 0.6860268327646102 0.678392589775815
v 805.1328125 29.389005661010742 -649.4217529296875 0.8731949386874163 0.8646800522512516 0.868093595709562
v 2179.165283203125 2.1299328804016113 1959.42431640625 0.4315167126178309 0.4713083758597692 0.535931779292328
v 113.75677490234375 35.44794464111328 1981.4112548828125 0.4727901691365732 0.4888141421691245 0.522636384262685
v -1300.028564453125 -10.763229370117188 -781.3836059570312 0.5126705231093831 0.518159117109496 0.5371511672873236
v 1352.1239013671875 -4.071470737457275 396.3682861328125 0.6354816881950227 0.639111516440811 0.6575179729238554
v -1376.0579833984375 -50.61820602416992 -557.788330078125 0.6054760600036612 0.6109888880992803 0.6317473850731137
v -1162.744873046875 60.2772216796875 1808.5203857421875 0.5882083533769291 0.6128674628320875 0.6613549761158017
v 2665.439697265625 -61.872039794921875 617.8566284179688 0.6405450362060777 0.6892034088666315 0.7711460159861453
v 880.1936645507812 14.579690933227539 -536.3824462890625 0.5032918802848771 0.49809543805343576 0.5000262009786907
v 53.58723449707031 59.99040603637695 565.3182373046875 0.635487522167789 0.6179487277409301 0.6015981457035547
v 283.01837158203125 -22.875755310058594 -776.3065795898438 0.6207914171558695 0.6095503283351804 0.6036804052896284
v -566.8776245117188 31.842668533325195 771.98876953125 0.5060962388400061 0.4993830679784031 0.49887433765957284
v -213.01882934570312 -5.403724193572998 -161.03700256347656 0.9217883224499483 0.8876284189862247 0.8478956968544488
v -13.178666114807129 119.15235137939453 622.2652587890625 0.5351961540037612 0.5212712530623798 0.509144949426555
v -402.51312255859375 -75.07391357421875 1993.713623046875 0.859862652739827 0.8897766993838335 0.9514580808611829
v 2291.739501953125 23.471826553344727 1718.06005859375 0.44567451656848484 0.48456139246919366 0.5484712596197997
v -2573.4638671875 25.280502319335938 -1005.5531616210938 0.4637629026455748 0.5008783010550547 0.5630532961178862
v -1191.12451171875 95.36876678466797 -1117.370849609375 0.5384079521589962 0.5470572789536599 0.571328935601133
v 1167.5313720703125 -37.311771392822266 1158.3302001953125 0.7862104357136899 0.7988849368757243 0.8339139063825655
v -1284.282958984375 -41.68001174926758 113.29096984863281 0.49445019470021806 0.49472245887146543 0.5052742024442224
v 831.3767700195312 -2.5322859287261963 1526.2733154296875 0.8631014193625227 0.8806615974615553 0.9244577165110521
v 2371.84033203125 -55.87751007080078 1531.404541015625 0.6799792523393909 0.7352265566770194 0.8267153979017768
v 191.27513122558594 -46.21798324584961 -770.3052978515625 0.5709091986797876 0.559787464860257 0.5531540386600523
v -1363.993408203125 3.4640607833862305 -437.6228942871094 0.6853507038151991 0.6899458320022646 0.7107716248643322
v -2541.608154296875 -15.5742769241333 -1065.6552734375 0.5528067588971187 0.41878907630040846 0.4529418593178583
v 1960.3792724609375 35.52214431762695 -1261.978271484375 0.5575674875092487 0.5866866980873621 0.640653779925202
v -1109.8800048828125 40.2519416809082 1870.6298828125 0.5695530027657092 0.5942724579666889 0.6424378332992259
v 2270.030517578125 26.501462936401367 1889.444580078125 0.44121557297515024 0.48251786840553773 0.5493258289274245
v -2378.83447265625 -29.504589080810547 670.7845458984375 0.8334591413023504 0.8823146687143582 0.9695341519857975
v -1202.721435546875 50.35379409790039 -1035.4429931640625 0.6727623036026688 0.6819409295463845 0.7095500190535865
v 718.2854614257812 17.288896560668945 -690.9577026367188 0.5276304147413445 0.5214813025061792 0.5223062927399662
v -496.0537109375 -49.480995178222656 -1785.9720458984375 0.5382297710049563 0.5526424027802447 0.5854535166590885
v -2466.247314453125 -6.773383617401123 -1461.951171875 0.5653827429029293 0.6136729034180801 0.6929967572487121
v 1871.0762939453125 80.32532501220703 2325.648681640625 0.6795511063875738 0.7421588543988216 0.8428815277452787
v -2028.9090576171875 -39.47429656982422 1296.8953857421875 0.8075247216676981 0.8520028979169191 0.9327105036306866
v 1783.1656494140625 74.81370544433594 -1551.1541748046875 0.4949854035587336 0.5220495753489736 0.5717557206208105
v 1104.44287109375 44.799652099609375 -385.9554748535156 0.7905103192196316 0.7870370124335929 0.7970811027794774
v 2468.3671875 16.33123016357422 1361.630859375 0.5337563322674755 0.5778608372570309 0.6509555086598537
v -2198.440185546875 -38.68883514404297 1053.6448974609375 0.5286855338195003 0.559718709505756 0.615593122206937
v -342.9355163574219 -26.603174209594727 -1841.12744140625 0.8602620148908647 0.8832995290913251 0.9350898126976299
v -2356.424072265625 -2.559048652648926 740.1119384765625 0.45029416725439436 0.4780337006605368 0.5275764152162647
v 130.70233154296875 -44.79632568359375 -1960.4891357421875 0.8325114529597673 0.8586296748191066 0.9143167343601557
v 1067.6231689453125 -42.381126403808594 1265.7969970703125 0.640078127742851 0.6508877958685853 0.6803376090142476
v 74.07736206054688 -113.62538146972656 581.8500366210938 0.6415568671595991 0.6242934232234106 0.608545819224087
v -2646.385009765625 6.739103317260742 -359.44293212890625 0.4430600116959311 0.4760011191236944 0.5322175850603099
v -863.8050537109375 0.7311985492706299 -1469.294189453125 0.718334235053604 0.731986210513652 0.767182360220074
v -1737.1451416015625 70.74705505371094 1572.26953125 0.4806895806473565 0.5064772592993549 0.5541118269517729
v -1034.802978515625 27.301170349121094 438.2768859863281 0.7920546401419433 0.7870978678666491 0.7947831731198541
v 863.1610717773438 -60.732460021972656 1462.24609375 0.7559648239503368 0.7700548822251565 0.8066262915922698
v 2617.926513671875 57.22621536254883 846.099853515625 0.4566939947725465 0.4929487389154424 0.5538209245546886
v 1238.3349609375 -49.53434753417969 -136.56222534179688 0.533469472595454 0.5327658102155615 0.5424914035109688
v 141.76156616210938 17.842222213745117 -1968.8890380859375 0.46947735380995276 0.4851370084648577 0.5183686570413644
v -228.54115295410156 -196.91973876953125 -283.53240966796875 0.6004157648610796 0.5794741671471321 0.5563780068191005
v -142.1316680908203 -13.57740306854248 -1923.8133544921875 0.5618237562323408 0.5789469365650908 0.6161667734250514
v -2541.814697265625 -46.23308181762695 371.4590148925781 0.4475113819675232 0.47783686919264595 0.5307452096343517
v -1049.919921875 52.10182571411133 486.2827453613281 0.5106195775832613 0.5080197938255023 0.5142954079523394
v 1107.3868408203125 44.865760803222656 1219.2947998046875 0.5796900165262279 0.5893202079513145 0.6158505637803973
v -1232.030517578125 -9.015426635742188 205.6982879638672 0.7868701133693153 0.7859691725261782 0.8000505688908428
v -2613.18994140625 -35.12416458129883 -911.73046875 0.45503001599367215 0.4916642009520961 0.5529766359020857
v 191.82728576660156 63.8292350769043 483.4555358886719 0.5987435385728798 0.5811166223365959 0.5638524486543438
v 1315.8638916015625 -9.471291542053223 4.081376075744629 0.7920580248239462 0.7933630294664128 0.8110247636541924
v 1520.575439453125 20.40823745727539 -1687.3001708984375 0.5375282832330606 0.5638575077554911 0.6135407715880018
v -222.37832641601562 -23.32353973388672 1966.4091796875 0.7245295521022789 0.7479861210558623 0.7976389543938587
v -63.328670501708984 18.68236541748047 -1932.1832275390625 0.5576555070303156 0.5747813966151576 0.6119207611839891
v -236.74851989746094 -32.1425895690918 -233.7328338623047 0.8076257630110961 0.7792128190016033 0.7472898555759017
v -1100.642333984375 57.59685134887695 -1305.1580810546875 0.5266740075252148 0.5370159497599577 0.5635986175526283
v 502.86700439453125 -43.78938293457031 -731.7174682617188 0.6636480831487475 0.6532523555721294 0.6496185623109603
v -1234.3955078125 -55.84321212768555 -975.1983032226562 0.794027441288445 0.8042372085338045 0.8356911638643424
v 1266.625 -44.212284088134766 -138.85154724121094 0.9223391618928004 0.922248289620747 0.940108574771877
v 2505.58837890625 -23.10875129699707 1403.545166015625 0.6263544314155075 0.6795969267591263 0.7669773506835662
v 1068.9932861328125 -70.5949478149414 -444.76416015625 0.5394618703218141 0.5367466505974335 0.5433697739606456
v 185.0756378173828 60.204410552978516 446.1695556640625 0.8156276603005069 0.7911060048007897 0.7662757716455494
v -205.30197143554688 -63.6903190612793 1951.7164306640625 0.6754364149685852 0.6968515279349184 0.742567002135815
v 1025.8607177734375 26.8365535736084 -1937.08544921875 0.6915527711125511 0.7217282984795386 0.7801766374453686
v 18.44232177734375 12.683369636535645 1926.217041015625 0.5715796161732272 0.5888936822709508 0.6265867123765906
v -1296.981689453125 12.768454551696777 -725.5523681640625 0.9092224984696676 0.9173230948002996 0.9477087843077875
v 1366.7581787109375 8.038694381713867 447.6846008300781 0.8469014400671615 0.852709434425971 0.8784046998680227
v 2124.671142578125 -36.53351593017578 1972.2481689453125 0.45221566505186034 0.49269944734290255 0.5588168056293706
v -121.66226196289062 -98.69400024414062 -483.44525146484375 0.6004931578824863 0.582359149086499 0.5642419406385951
v 48.117774963378906 -152.36398315429688 605.5759887695312 0.9277328769158889 0.9040587117266687 0.8830233976794865
v -2475.650390625 -9.29721736907959 -1360.5904541015625 0.4423407120821231 0.47977433975738165 0.5417449980716744
v 202.72113037109375 57.56523895263672 161.08840942382812 0.635199345777215 0.6108899440694627 0.582502909405954
v 1257.59521484375 -40.7145881652832 940.0260009765625 0.8272480716611202 0.8377444346347138 0.8702577256427687
v 2624.933349609375 11.260605812072754 249.70150756835938 0.45995179306189066 0.49300718181578534 0.5498233546486397
v -2373.548095703125 51.94902420043945 658.3428344726562 0.8328916188515124 0.8813093756344703 0.9679289328671602
v -393.6561584472656 -29.563077926635742 754.5870971679688 0.5184577394164243 0.5094177363029472 0.5052738529175086
v 516.1228637695312 9.459840774536133 -751.94873046875 0.5344207088783545 0.5264014771552414 0.5242651090820791
v -1308.4111328125 33.94680404663086 -826.8184814453125 0.715075626449435 0.7235155924315936 0.7507971950332446
v -2185.644287109375 -39.623619079589844 -1853.6275634765625 0.4830686379382813 0.524912857063094 0.5936629195877755
v -1245.6099853515625 20.217649459838867 139.673583984375 0.8751826475574784 0.8743435081491616 0.8901500144284954
v 295.2432556152344 42.3368034362793 1809.5072021484375 0.664266221588106 0.6810844040825287 0.7199066758499927
v 106.57357025146484 -13.798670768737793 -1986.79638671875 0.6014123247824203 0.6214953969609486 0.6637808858773172
v 410.0300598144531 28.343921661376953 1771.2177734375 0.5391560758795467 0.40814829391246493 0.44153403779515193
v -1273.82666015625 23.25508689880371 -833.4479370117188 0.48596461013437015 0.49131801446895446 0.5096047046385632
v -1925.2781982421875 22.9075984954834 -2241.9453125 0.45310015005315246 0.4954459521110925 0.5639217228982113
v -614.1585693359375 3.926539421081543 723.1742553710938 0.5074157856292898 0.5005045466163123 0.4996934546442196
v -245.5982208251953 -48.958229064941406 -283.46917724609375 0.6832552018534015 0.6599197885987472 0.6343567662582711
v 2183.886474609375 60.09318542480469 -1016.201171875 0.5273626045665287 0.5574168402309876 0.6119407279075013
v 1164.724853515625 34.662113189697266 1186.5008544921875 0.5536024218868915 0.5632435791221982 0.5892939748472634
v 2379.115966796875 40.533836364746094 -777.6198120117188 0.7475799056702318 0.7930871231422983 0.873709964463787
v 685.8920288085938 20.16346549987793 1680.68310546875 0.7165080777363295 0.7339155611301136 0.7746307625658287
v 2457.76513671875 -1.9105637073516846 -566.7208251953125 0.6219017848626658 0.6610006929903678 0.7299530949765209
v 1268.3895263671875 -56.23091125488281 896.2210693359375 0.7921018814648425 0.8015743439833637 0.8318714560244624
v 2364.455810546875 46.22893524169922 1658.705078125 0.5465814563929792 0.5941969719790041 0.6721117913394137
v -607.7125854492188 75.28866577148438 2027.6077880859375 0.6127152737464702 0.6372201218721887 0.6860197651151373
v 98.62230682373047 50.19723129272461 -1954.999755859375 0.46987022998133293 0.48513573751683664 0.5178089419586068
v 652.8402709960938 -18.60878562927246 -686.3765258789062 0.8091518024008004 0.7984857916557411 0.7971620132425541
v 1615.78466796875 32.11161422729492 -1665.8446044921875 0.5854338862624154 0.6155208022506802 0.6714553389226556
v -571.8593139648438 4.044639587402344 1953.842041015625 0.4780675833702143 0.4955453989806667 0.53155339164302
v 200.66629028320312 27.040576934814453 445.6551513671875 0.9130143674755259 0.8859285022062289 0.8586354433141761
v -76.95348358154297 -14.679808616638184 -612.433837890625 0.6070143992037877 0.5912813381237964 0.5774829304565631
v 236.42840576171875 -9.974260330200195 309.069580078125 0.8283574931455622 0.8008276634412163 0.7709400203607989
v -1863.826171875 -9.709423065185547 -2287.34375 0.7482946232747247 0.5711730590969586 0.6163103442064017
v -1314.681396484375 4.8888654708862305 -746.71240234375 0.5160681709176537 0.5214748755687315 0.5404050163749567
v -2181.963134765625 -3.614940881729126 1057.322509765625 0.6760390475338623 0.7143870955070263 0.7836681855551779
v 2130.5576171875 20.35858726501465 -1137.1370849609375 0.4523849332808954 0.47873992925633274 0.5264735932523101
v -2542.46728515625 17.528356552124023 -1030.545654296875 0.692835340593546 0.745472848555584 0.8339889973946524
v 2424.066650390625 -22.666318893432617 1421.4423828125 0.5320816370254151 0.5757436062384627 0.648226763386777
v -1764.709228515625 -53.60089111328125 -2409.7451171875 0.4643049620862781 0.5086306793616514 0.5799179253863787
v 192.355224609375 -21.040447235107422 385.85284423828125 0.7950244512940644 0.7696674309285306 0.7429238045235853
v -2588.691162109375 9.5134916305542 112.36149597167969 0.4453926611601589 0.4762172195966224 0.5297281722638894
v -1329.445556640625 15.580992698669434 -64.86601257324219 0.7373498935856564 0.7390449665996428 0.7563111723465291
v -2408.103515625 19.286457061767578 731.1701049804688 0.5045474011323888 0.5366951075657499 0.5934638862186141
v 805.319580078125 -8.94572925567627 -1944.913330078125 0.49305286805650744 0.5128537798552967 0.5524680537596905
v -2644.744384765625 -28.108510971069336 -370.79345703125 0.5561082821690102 0.4213626278490173 0.45570093190819866
v 2112.881591796875 -38.492130279541016 2030.1492919921875 0.8033843524104725 0.8735692549033905 0.9875605315533768
v -1699.65625 31.559707641601562 1581.087890625 0.6478320427972716 0.6808729397525444 0.742288085003288
v 77.3680419921875 -10.72815227508545 631.5625610351562 0.8069692367214989 0.7870315875949064 0.7700108177669008
v 614.1531372070312 11.265841484069824 -729.5829467773438 0.5405499952917118 0.4092348729064027 0.4426989404540139
v -87.50967407226562 63.62809371948242 699.6434326171875 0.52425608690792 0.5122012197701342 0.5030693395065413
v 1304.32080078125 23.19586181640625 842.8126220703125 0.6802952410948838 0.6885131045873562 0.7148047614594697
v -633.6633911132812 -20.756074905395508 689.3948974609375 0.8123371193128844 0.8012922041425801 0.799401647301314
v -2512.38720703125 20.60390853881836 345.7142028808594 0.7793754983296013 0.8282069678453206 0.9140449890237244
v 2622.95654296875 -29.76536750793457 681.190185546875 0.5245092244723499 0.5641603125250695 0.6312848708171507
v -2262.694091796875 61.26973342895508 -1769.9337158203125 0.6510144998971626 0.7062183470594138 0.7968046894473033
v 2640.944580078125 -5.570611476898193 107.43202209472656 0.470051506992239 0.5039457992431686 0.562125127989066
v 357.11236572265625 62.386940002441406 -734.8088989257812 0.9289203886341448 0.9122344373124391 0.9031507665392315
v 2411.701904296875 33.035953521728516 -628.2565307617188 0.7245910437073296 0.7683345506858196 0.8460346324989835
v -2626.134521484375 42.972145080566406 -524.385009765625 0.5856353147088871 0.6282763740979247 0.7009364341266189
v -795.6658325195312 -39.72628402709961 622.2344360351562 0.9017935104990622 0.8921634002886263 0.8942860941627012
v -216.0730438232422 -145.51585388183594 -206.13961791992188 0.6312613341848722 0.607930827707153 0.5812261246644254
v 2230.67236328125 -23.86676025390625 -1016.1176147460938 0.4587025846235178 0.4863833145371556 0.5360531631336224
v 1153.30029296875 48.16912841796875 -335.3661193847656 0.8087880575199039 0.8062656818791547 0.8181693336589382
v -1339.5294189453125 -34.735443115234375 -483.99920654296875 0.6828190601899762 0.6871533137679907 0.707528237501829
v -2476.19921875 27.64151954650879 -1280.7767333984375 0.6820549425379443 0.7358832182369218 0.8256228173484836
v -1364.2890625 -30.446075439453125 -677.1508178710938 0.49496893492627986 0.5004305768626832 0.5190508919952959
v -177.93389892578125 -45.841609954833984 1986.6292724609375 0.6385239359699487 0.6599038635799362 0.7048111524542744
v 2550.73095703125 -71.04913330078125 -129.84352111816406 0.5353176315252611 0.5704549668812765 0.6319650552119395
v 254.37448120117188 -3.9617767333984375 1932.5494384765625 0.47856530657574153 0.4938776787475098 0.5267955570395233
v 199.6975860595703 55.44601058959961 365.12628173828125 0.66822078252793 0.6463015186297433 0.6229352791464797
v -402.70233154296875 -52.22069549560547 1995.2947998046875 0.667006472866174 0.6906693118367798 0.7394259683928234
v 1811.353515625 33.0640754699707 -1515.627197265625 0.5625678303737565 0.5929052143110872 0.6486480591215067
v -128.21580505371094 -55.26074981689453 1980.9093017578125 0.5240069820368617 0.5415962933820954 0.578715516782899
v -1269.1102294921875 -4.784529685974121 153.16741943359375 0.8069123880236233 0.8069703840723685 0.8229397734595693
v -2624.578857421875 -17.46733856201172 -720.366943359375 0.4543726216173835 0.48957328074773704 0.5490239148864918
v 2555.445556640625 26.828813552856445 -110.9529037475586 0.45868772997076807 0.4893732019011047 0.5430431089652648
v 1330.5487060546875 5.528102874755859 90.91082000732422 0.6034114096749686 0.6048883677158422 0.6193432072336379
v -373.06683349609375 -13.938643455505371 -1834.758056640625 0.8236877334669526 0.8457849374206329 0.8954769558760222
v -2443.834228515625 -9.133572578430176 -1418.8648681640625 0.5585478534436703 0.6047640281422973 0.6812602125766063
v 812.373291015625 43.49423599243164 -1988.2952880859375 0.48698623250486 0.5077058544286415 0.5484804520070166
v 1377.825927734375 -25.020715713500977 255.0895538330078 0.7125864608732104 0.7163806801825237 0.7364682841484342
v 1259.8670654296875 -20.738744735717773 -1807.1309814453125 0.8601334615561241 0.8976264726104085 0.9699735183463164
v 415.1853942871094 -15.716211318969727 -770.3668823242188 0.5477630570139805 0.5387719115242904 0.5352705954460933
v 2654.705810546875 -52.382625579833984 519.2028198242188 0.612089879245595 0.6575398277409295 0.7345586338325877
v -218.81541442871094 -176.93409729003906 -256.3916015625 0.8863522708408602 0.8554751335648059 0.8208701266184203
v 1649.7696533203125 66.91692352294922 -1653.415771484375 0.7139312737623067 0.7506538201148637 0.8186289671894793
v 841.4769287109375 -73.5703125 -632.5588989257812 0.7153126027909328 0.7087658003867865 0.7124470037109284
v 263.35772705078125 25.12965965270996 -1977.6802978515625 0.7547304596764947 0.7797140710256485 0.8321764751806475
v 853.3367919921875 -0.4802146852016449 1555.8717041015625 0.7550291517366922 0.771830576822028 0.8124073253400689
v -482.6730651855469 -31.11578369140625 759.1692504882812 0.9049836058415027 0.891498000895577 0.8873121406999029
v -2548.703369140625 16.812150955200195 296.7371520996094 0.8169861636566718 0.8694675177483399 0.9610908339552539
v -898.0166015625 0.7178909778594971 -1445.1473388671875 0.4834086657900741 0.4928437787310664 0.5172441259244671
v 157.8077392578125 1.1961003541946411 1927.6663818359375 0.4939005208817456 0.509267035805132 0.5425744472237173
v 1159.1048583984375 12.854262351989746 -1841.9451904296875 0.4940973462953831 0.5158629264537526 0.558254685221451
v -123.90514373779297 116.52325439453125 -526.0867309570312 0.725447378324655 0.7049226304703554 0.6852195438500274
v 2123.642333984375 -0.44905757904052734 1967.917236328125 0.43300338373689096 0.47184155650874987 0.535313496695698
v -922.8331909179688 -18.72754669189453 1938.929443359375 0.4707821483474504 0.4908690266688254 0.5304059192036047
v -1190.16357421875 -28.01653289794922 175.83660888671875 0.915118484258897 0.9123603550341044 0.9258487241207604
v 1358.2467041015625 -39.84454345703125 513.8817138671875 0.49781152642620236 0.501686801509494 0.5179236009603876
v -241.06521606445312 52.883384704589844 -1874.194580078125 0.8834956115005967 0.6765630388609922 0.7292973077928316
v -2293.418701171875 4.765003681182861 855.0963134765625 0.7575339819802014 0.8011611237731467 0.8795156285686319
v 2587.1533203125 -19.146398544311523 -314.088623046875 0.44552783065118756 0.4767852637919427 0.5308683393266646
v -1732.8018798828125 64.45126342773438 1580.2757568359375 0.7403456811517574 0.7787231664716585 0.8495697048903355
v 46.11226272583008 -52.541160583496094 628.2742919921875 0.8420408414218616 0.8211025628055981 0.8030624233395307
v -2582.650146484375 42.422061920166016 54.14763641357422 0.6907020413355064 0.7363058984374845 0.8156129860993534
v -641.104248046875 -36.9567985534668 -1683.9345703125 0.7309008465384664 0.7481602185397982 0.7889403728873635
v -1177.667236328125 9.039525985717773 1882.76708984375 0.48788813880121723 0.5106159873602416 0.5542089396058562
v -667.9148559570312 58.003719329833984 722.5540161132812 0.8420291031108305 0.8321474225214146 0.8327363302382496
v 565.4938354492188 -19.983301162719727 -701.6865234375 0.5101003571490517 0.5021936381728693 0.4997823013055837
v 923.146484375 6.091577529907227 -1930.03125 0.5604075067077724 0.5836788986463992 0.6296195930684443
v -2572.276123046875 -68.2823486328125 -1066.228271484375 0.7476367685641913 0.8060948900718282 0.9036152115358902
v 2622.154296875 15.564343452453613 102.66059112548828 0.49460041138010175 0.5294843481899373 0.58960619286349
v -1968.9617919921875 -22.429014205932617 -2191.7880859375 0.6692907538967994 0.7292486151681228 0.8263539427500521
v -1081.420654296875 -27.863391876220703 384.0050354003906 0.7439049826171958 0.7399460601917343 0.7483486142562393
v 304.96051025390625 5.554067611694336 -709.63037109375 0.5124528810023676 0.5019513067530146 0.4952297267421542
v 159.3971405029297 12.897675514221191 521.6119384765625 0.7433233145793364 0.7224575811950887 0.702528713173095
v -2471.91259765625 -82.58187103271484 -1310.47265625 0.49010769215977584 0.5302443765224596 0.5970306648451855
v 2613.47314453125 45.00764846801758 718.0255126953125 0.7701326893510555 0.826606558661802 0.9222033157184873
v -1828.0155029296875 -38.57209014892578 -2378.518310546875 0.4899386109092508 0.5369071267076628 0.6122771981552466
v -502.2053527832031 -60.02352523803711 720.5902099609375 0.7391047928623996 0.727349456918897 0.7228869563403085
v -179.03431701660156 57.879600524902344 -520.3955688476562 0.676331295792369 0.6573341329045145 0.6392828727833103
v 2474.768798828125 -22.94523811340332 1256.4285888671875 0.43975556530660026 0.4755219407282398 0.5352919210879248
v -195.2221221923828 -19.40537452697754 -383.3801574707031 0.6565635476523071 0.6353161026556707 0.6128917877097467
v -884.553955078125 -16.061471939086914 -1476.2799072265625 0.8481566910586906 0.6490161524206678 0.6997646900740713
v 1160.9202880859375 -51.132503509521484 1000.7171630859375 0.8424267378370563 0.8516978476904867 0.8826302189664058
v 2587.08740234375 -38.50450134277344 788.0590209960938 0.6875912293358457 0.7381613849917623 0.8238663113986121
v -178.9104461669922 52.574432373046875 -126.92129516601562 0.6102343128365824 0.5859994574968352 0.5571752362892657
v -117.55622100830078 -70.11518859863281 -1939.4986572265625 0.6954352271291205 0.716755884553815 0.7627427939084591
v -1919.7530517578125 8.606477737426758 1328.6029052734375 0.5855062642366577 0.6160605788855027 0.6726350298092705
v 47.22050094604492 47.72712707519531 658.1659545898438 0.9187416671200532 0.8969883485657072 0.8790857399217697
v -2612.002685546875 -42.91744613647461 -818.84423828125 0.6622463020259364 0.7124750043363279 0.7970414209225934
v -1394.510009765625 20.033342361450195 -315.44677734375 0.49094117557389566 0.49426906487262584 0.5095323517462866
v 1160.5291748046875 -27.598674774169922 1199.52392578125 0.4835074431905119 0.49218697041382414 0.5154600282030602
v 1029.7646484375 16.219436645507812 -1911.4759521484375 0.519321243178879 0.5419413100453266 0.5860775350007066
v -1998.4998779296875 4.922051429748535 1229.33544921875 0.4808194863298874 0.5067063818167765 0.5544791356264321
v 161.43092346191406 -5.812182903289795 521.5028686523438 0.5950992074705891 0.578118106948887 0.5619077612485778
v 1365.4158935546875 52.83658981323242 672.9265747070312 0.5563826746912264 0.5624322845481838 0.5830983681687197
v -674.2802124023438 -21.232440948486328 -1647.857177734375 0.7691497906973839 0.7864624262031676 0.8280687418931338
v -2380.43017578125 25.927412033081055 704.7997436523438 0.7852181356842087 0.8319227036273418 0.9150770839270225
v -1245.4896240234375 -43.91100311279297 108.04271697998047 0.8061081554635519 0.8052227854149138 0.8196833495810073
v 196.73764038085938 -27.473529815673828 -738.6412963867188 0.5174588676613793 0.5067068884048256 0.49965878051523566
v -518.3525390625 -30.944194793701172 -1781.83642578125 0.5441916804397232 0.558806906414896 0.5920320439677687
v -2594.489013671875 -2.340477466583252 -980.399169921875 0.46713387528544587 0.5048202595343984 0.567821950791781
v -573.538818359375 20.20842742919922 -1688.0047607421875 0.48867681163854365 0.5001535340747763 0.5276828432302518
v 1167.9268798828125 -16.58283233642578 -282.0133361816406 0.8588414733416518 0.8561876509371236 0.8688046751106745
v 1314.1195068359375 2.6439952850341797 -1733.6583251953125 0.5322236397264037 0.5554749599850457 0.6007745372034102
v -2458.477783203125 -80.20887756347656 -1507.39208984375 0.5153027712571611 0.5602859818761143 0.6339523968908486
v 2007.8262939453125 12.83190631866455 2104.514404296875 0.6694873220784705 0.7277504295590571 0.8227397803014354
v -200.89727783203125 -35.54446029663086 -430.24505615234375 0.6255700990525603 0.6062216164153023 0.5864949592875626
v 231.6999969482422 37.695594787597656 281.8457946777344 0.7589546386038127 0.7329650381086056 0.7043135257450911
v -1094.5655517578125 36.099605560302734 1898.6688232421875 0.6256707866228927 0.653170392027355 0.7064426889246623
v 2543.640625 25.14781951904297 1040.9932861328125 0.4412252145041739 0.4763003326772766 0.5352248539183474
v 1.4438236951828003 21.081567764282227 1972.615478515625 0.5601607435407155 0.5784884200489592 0.6174090540725253
v -743.0117797851562 -47.35841751098633 -1610.6273193359375 0.7025500424436628 0.7182369915738765 0.756146636300894
v 1359.662353515625 -20.405424118041992 534.583740234375 0.8535605911477566 0.8602554615522323 0.8874434504343839
v 1712.2860107421875 -2.5387392044067383 -1577.1793212890625 0.7015678574319699 0.7373949569876268 0.8038608664688961
v 675.7420654296875 -5.702998638153076 -737.928955078125 0.7724140982575157 0.7637993954867293 0.7651645950353866
v -750.9783935546875 -18.845149993896484 640.828369140625 0.5190078152284716 0.5127525785985155 0.5132413856417165
v -724.3773803710938 -19.063562393188477 1952.448486328125 0.4718551326266444 0.4903127237537018 0.5275797245809208
v -916.9305419921875 36.701961517333984 -1464.0521240234375 0.6562597730714814 0.669534523691203 0.7029749112873809
v 1299.9677734375 55.97293472290039 667.91796875 0.8726283462648233 0.6680919657436307 0.7202155865157508
v 2445.135986328125 -3.5505237579345703 -540.6618041992188 0.5772305038445991 0.6131211110819387 0.6766879795147205
v 637.6981811523438 52.8022346496582 -738.8931884765625 0.6099559473088335 0.6024391073520169 0.6025601775155663
v 1568.3760986328125 30.309188842773438 -1645.868896484375 0.5453250620254849 0.5720653584320395 0.6224912803152255
v 1303.499267578125 89.04605865478516 823.8070068359375 0.5638710813418848 0.5705047548109694 0.592202380370186
v 2426.138916015625 11.953055381774902 1450.798583984375 0.4721362594393906 0.5118743107792517 0.5776361522744372
v 1165.0718994140625 -24.644989013671875 1120.9449462890625 0.57016656164745 0.5788401441905079 0.6037497389026921
v 2315.5 -31.47517967224121 -794.4929809570312 0.543606788918283 0.5757594879300112 0.6335004322516233
v 595.8526000976562 -29.836259841918945 -728.302001953125 0.908254910514578 0.8961483370573676 0.8943131575808516
v -551.0652465820312 17.873157501220703 757.0261840820312 0.5183345385280502 0.5110331803255979 0.5097828672165955
v -1141.47119140625 -49.527069091796875 1834.1221923828125 0.7399931371189666 0.7708748337084472 0.8313691503820774
v 201.44810485839844 153.32376098632812 194.78431701660156 0.6860431159260935 0.6604284276707854 0.6308298203380548
v 1248.5030517578125 6.6328535079956055 -52.913692474365234 0.6361062429331282 0.6353811006008565 0.6469637173069018
v 2137.397705078125 0.6925667524337769 1923.1241455078125 0.5580284471673284 0.60605646745026 0.6848317465005411
v 557.6123657226562 24.894432067871094 -772.3367309570312 0.7615769887827535 0.7516548261305118 0.7506629158536434
v 226.2333526611328 141.75746154785156 204.959716796875 0.5276206682700975 0.507933472299634 0.4854780398136102
v -2278.255859375 -44.19969940185547 -1810.244140625 0.7105805824858153 0.7722065557635007 0.872656737587212
v -1315.139404296875 20.838350296020508 -765.4133911132812 0.5815779653029614 0.5878617143711922 0.6093563250775915
v 185.97032165527344 4.9356279373168945 1931.117919921875 0.6932176612451861 0.7143706064710277 0.7600706513128028
v 1648.9420166015625 -15.51012134552002 -1547.3399658203125 0.4693990672568216 0.4924299255731542 0.5360272468618884
v -2160.25146484375 -14.228616714477539 -1933.093994140625 0.6241844650295298 0.6783907589256412 0.7669207170923776
v 2225.71435546875 -50.69399642944336 1752.7164306640625 0.5445924054478338 0.5900169281655417 0.6651028690998091
v -1909.3641357421875 27.93622398376465 -2209.894287109375 0.43385646306481396 0.4735314635861659 0.538079860164473
v -753.2443237304688 1.3529175519943237 642.6997680664062 0.8806261062757271 0.8705300768009259 0.8714911599820737
v -1424.331298828125 -11.127676963806152 1732.5477294921875 0.49007399406078783 0.5135030034585527 0.5581154217730474
v 1914.213623046875 -13.480072975158691 -1365.0611572265625 0.4603347436186091 0.4853602290167371 0.5314812096959488
v 1222.487548828125 -21.90978240966797 -266.04547119140625 0.5199612026458655 0.5193908937126198 0.5290792567575624
v -139.50706481933594 -87.83235168457031 727.599609375 0.7470770383217004 0.7313636555849675 0.7203871246294223
v -230.88856506347656 30.248188018798828 -221.61618041992188 0.9227376819927845 0.8901477529052599 0.8532717186560494
v 2461.617431640625 -10.788534164428711 1439.612060546875 0.44090684891088516 0.47904165238573143 0.5418600333126139
v 1344.30517578125 -23.182405471801758 655.0117797851562 0.5801917287178563 0.5857706218778859 0.6061598529774016
v 2294.843017578125 -0.030568687245249748 -927.2996826171875 0.7795255461036469 0.8255746663254885 0.907712620060921
v 1156.302734375 -1.3925756216049194 1182.79052734375 0.4827214936060699 0.4910418058608969 0.5137612481711915
v 224.96188354492188 -119.3250732421875 211.92626953125 0.7033821233734361 0.6778450984102957 0.6487763901978464
v -119.73897552490234 30.333295822143555 2021.72998046875 0.4927431688789486 0.5104266950921021 0.5470336899657021
v 2611.87744140625 15.650618553161621 776.7977905273438 0.6341861417331223 0.681946558259079 0.7625561429095474
v 1313.5654296875 -33.795654296875 150.67459106445312 0.746488274297005 0.7479225728677328 0.7649477297460199
v -918.0553588867188 -4.371077537536621 567.0792236328125 0.5542763630600324 0.5496930444925411 0.5535725931158736
v 515.4857177734375 -20.430282592773438 -737.4888305664062 0.8548419740274332 0.8420662243731563 0.838108087434788
v -1033.9779052734375 47.39752197265625 -1342.6761474609375 0.47997356389275275 0.48919069459980297 0.5132000121337142
v 1290.3900146484375 32.49067306518555 -13.964398384094238 0.831909541340128 0.8323905555468724 0.849488455736971
v 2611.82373046875 -28.37413215637207 314.7476806640625 0.7045136481335882 0.7530048687350275 0.836460676695759
v 1128.3148193359375 40.108943939208984 1175.121337890625 0.7852647629711845 0.7973657257141026 0.8315138434955742
v 2576.032470703125 -15.813043594360352 -80.11509704589844 0.5401423879628301 0.5763401848903044 0.6393735170530574
v 22.63996696472168 -45.46918487548828 -676.2470703125 0.5325588455687669 0.5197647237475506 0.509532178825715
v -1312.358154296875 -14.978363990783691 -208.57769775390625 0.790357134696373 0.7920921556116545 0.8103981233142638
v -196.6151885986328 83.00834655761719 -386.1910705566406 0.8711659129267298 0.8436031423149396 0.8145801565783344
v 1200.170654296875 7.555436611175537 -1806.600341796875 0.5478821371072481 0.5715585050663303 0.6177938417507765
v 529.2389526367188 -3.0908937454223633 1761.241455078125 0.5539813012126593 0.56837506977831 0.6014705655866893
v 2642.700927734375 -2.444143772125244 411.56005859375 0.6131642707703397 0.6575053997377783 0.7331159731543812
v -88.57035827636719 -169.49697875976562 -562.6571655273438 0.8825178397854669 0.8587578515767185 0.8366507377586652
v -1259.2984619140625 -54.554996490478516 22.349302291870117 0.6850853815405341 0.6845925081093022 0.6974457652051099
v -200.2503662109375 -113.37669372558594 -133.48377990722656 0.9221034702976212 0.8871420965767963 0.8459614661893308
v -1314.918701171875 -34.337440490722656 -756.0054931640625 0.546504220655987 0.5523192939292124 0.5724422818686653
v 1394.19140625 -37.91452407836914 235.1577606201172 0.6594793295733555 0.6633756212705956 0.6826395557171181
v 2154.855712890625 73.83224487304688 -1075.6595458984375 0.7196630649846184 0.759627919857049 0.8321377380056568
v 1310.869873046875 -46.57872009277344 -100.7290267944336 0.6141016459180516 0.6151025307733076 0.6290066502825991
v 2378.445068359375 -54.653717041015625 -735.1635131835938 0.5602643541235499 0.5946959598270526 0.655896055499359
v 323.4184875488281 -22.048620223999023 -716.9779663085938 0.7680128489859177 0.7531847982744589 0.7441179010836766
v -10.306915283203125 1.7274892330169678 649.4590454101562 0.5475980915883708 0.5339273141034152 0.5224891663824407
v 1233.578369140625 -38.04914093017578 -250.28414916992188 0.6107999634743989 0.6103362660729122 0.6218672311539142
v 2052.077880859375 11.325745582580566 2154.2666015625 0.47454969247431983 0.5193574432907868 0.591563535346791
v -2550.931884765625 30.775846481323242 -889.8184204101562 0.5058463179396366 0.5439487384424901 0.6085601864959447
v -1055.4384765625 19.185510635375977 405.3092041015625 0.8723229606758043 0.8671334658313673 0.8759294884327382
v 1263.9849853515625 -9.348211288452148 995.5008544921875 0.5815176918822637 0.5901367885022358 0.6151786972367154
v -1336.1881103515625 -41.27365493774414 -751.4851684570312 0.516759362696114 0.5226735115974472 0.5423922235000643
v -738.8623657226562 47.85078811645508 1948.0277099609375 0.710361591686211 0.7372100646710523 0.7913974749911199
v -1096.6953125 -9.971420288085938 400.6495666503906 0.918057859247889 0.9139736861526138 0.9253935302221208
v -2424.21484375 -33.21245193481445 648.23583984375 0.5348327531089612 0.5684845715326782 0.6280122948737109
v -272.98358154296875 -1.8972500562667847 750.5611572265625 0.6352863051129406 0.6231396266431481 0.616024714713342
v -2626.932861328125 -40.9579963684082 -248.1327667236328 0.4473115615181062 0.47960845230439725 0.5350990945250592
v 1175.8240966796875 -35.636085510253906 -1851.7720947265625 0.7799048268064346 0.8137175152753653 0.8791748711615559
v -2369.607421875 -48.189208984375 -1574.4049072265625 0.4439711434696517 0.48213675521337124 0.5450838301953312
v 210.1568145751953 172.4729461669922 156.1431884765625 0.6563398738318841 0.6313488732606425 0.6022066321871073
v -119.16439819335938 -45.1939811706543 -550.4259643554688 0.5286714311153748 0.5137560833299631 0.4997785802948201
v -356.8170166015625 -47.62409210205078 -1861.9610595703125 0.8314190344600935 0.8546666603843821 0.9061856584687337
v 832.6729125976562 25.968467712402344 1563.3572998046875 0.7938116645762467 0.8112952257531616 0.8536342262787365
v -101.82615661621094 -15.655960083007812 -1904.9639892578125 0.4892892634853137 0.5038607956624309 0.5359253943586884
v -2459.868408203125 11.33419132232666 618.6639404296875 0.6815924816381791 0.7247180474973807 0.8005187220807197
v -662.9172973632812 4.254945755004883 678.742919921875 0.5066107993694606 0.49970922779068244 0.4988989421453172
v -2276.688720703125 -2.1614460945129395 -1697.0826416015625 0.6095459246001111 0.6601593493751537 0.7437195276541957
v -1260.1258544921875 -5.586057662963867 28.79311180114746 0.49514424965110754 0.49479833797678235 0.5043853067615597
v -201.24032592773438 -88.73760223388672 -156.46604919433594 0.829979476150808 0.7987005505811914 0.762104279863234
v 2622.817626953125 3.1838510036468506 -10.730072975158691 0.4866766794135539 0.521016885029382 0.5802185162531044
v 366.0850830078125 -12.295304298400879 1797.5343017578125 0.5806202994284597 0.5955113089098185 0.6298607842156003
v -1184.0267333984375 43.725399017333984 310.9972229003906 0.8701111472194824 0.6661297803848718 0.7181119564310163
v -1010.2689819335938 11.351314544677734 1893.6923828125 0.8059378074739885 0.8387857966978967 0.9034648468965542
v -1370.674560546875 22.357540130615234 -612.26025390625 0.4866946346625673 0.49158239946929566 0.5091699203583846
v 423.1413269042969 46.17497634887695 1791.7896728515625 0.4961868432173617 0.5092653998404242 0.5392943133558378
v -263.8701171875 -38.44159698486328 756.586669921875 0.8015437576410357 0.786549407807162 0.7778522896536356
v -1931.0770263671875 29.345294952392578 -2262.150146484375 0.7783444812443592 0.8488086174284776 0.9623771580441215
v -932.5630493164062 50.5671272277832 -1482.9195556640625 0.47828550880599 0.4888091561095444 0.5147282341673938
v -2475.519775390625 31.951086044311523 558.3960571289062 0.5090516920522331 0.5421142804931736 0.6002107416124736
v 2631.2119140625 -28.560659408569336 353.2873840332031 0.5701529882534988 0.6109286160219023 0.680746779745441
v -1277.1666259765625 -71.84578704833984 1830.592041015625 0.6078391541795316 0.6359683031290382 0.6897190027182126
v -1371.1834716796875 43.37974166870117 -467.7653503417969 0.5091738538864672 0.5130497484552777 0.5294982587338921
v 1047.0506591796875 45.15412521362305 1307.2918701171875 0.5172361052340934 0.5266046402359378 0.55155303410452
v -1054.052978515625 31.349149703979492 358.985107421875 0.5011697029612173 0.4977005214275801 0.5023999463920701
v -79.65890502929688 22.335439682006836 -631.9937744140625 0.5965602106330646 0.5815048814220033 0.5686655925906396
v 171.66819763183594 -52.855018615722656 487.09393310546875 0.5209416246532278 0.5053438316101793 0.490013987382847
v 1260.42578125 -54.88670349121094 -159.5372314453125 0.5191825206787379 0.5190456247404696 0.5294063417303692
v -1361.548583984375 -16.48849868774414 -518.2774047851562 0.5664209363703117 0.5708951580308215 0.5893290913328811
v -2531.8330078125 -67.09605407714844 412.29620361328125 0.6456172521054802 0.6877557640011015 0.7613345883991589
v 164.40447998046875 10.186330795288086 505.4625549316406 0.5857020515822533 0.56866499095014 0.5521622206089439
v 910.4911499023438 34.02375793457031 1452.790771484375 0.5913357883072456 0.6030316650877218 0.632873611015468
v 866.1963500976562 -42.95764923095703 -1941.5291748046875 0.8070510757204705 0.8390792936477425 0.9026320895706249
v 1333.1678466796875 -54.83485412597656 205.2870635986328 0.5115106748718479 0.5131237965745862 0.526097534846469
v -851.299560546875 23.827770233154297 -1522.072265625 0.516787729703102 0.5278739873435714 0.5553722386543654
v -1271.3057861328125 -69.62017059326172 1790.3851318359375 0.46923737081064404 0.4905285653581493 0.531713059701894
v -136.8386993408203 75.19384765625 719.143310546875 0.8073905879119231 0.790235645458024 0.7779914150735262
v -2260.386962890625 -3.7749247550964355 890.9664306640625 0.8293093387485345 0.8759344518627722 0.9600600754863556
v -1043.1444091796875 -8.478404998779297 442.9148254394531 0.8009451922735896 0.7962419677114053 0.8045008912268214
v -2090.90576171875 58.58986282348633 -2014.8297119140625 0.6160680080859857 0.6698271263937339 0.7575512782731284
v 1920.5169677734375 23.811290740966797 -1339.01318359375 0.4552181193984777 0.479732060564623 0.5250368002998973
v -155.1468048095703 83.73684692382812 -484.25897216796875 0.932975060122359 0.9059630634289675 0.8792181742700956
v -1314.480224609375 -2.775754690170288 -133.1590118408203 0.8235669268217938 0.8251054817496513 0.8437150137627698
v -662.66015625 13.679034233093262 1944.22802734375 0.8730907380866116 0.9043317616384317 0.9681763716282347
v 427.7947998046875 26.772113800048828 -2021.380615234375 0.4666575274566311 0.48452111153150407 0.5208374081797138
v 869.7571411132812 6.193944931030273 -590.2295532226562 0.8225819368987126 0.8150716500862937 0.8191809945314966
v -468.9903564453125 41.231773376464844 723.2001342773438 0.7103753273769953 0.6986026262410656 0.6935618825488133
v 1109.269287109375 12.486191749572754 1234.304931640625 0.49718512780221064 0.5058581371049381 0.529382093712052
v 1035.6282958984375 13.375272750854492 -1879.8779296875 0.7327696966935122 0.7628238221523073 0.8220028713412534
v -1728.770263671875 -37.40454864501953 1556.7335205078125 0.6923474648989574 0.7276765102860793 0.7932485430599749
v -336.9014587402344 41.17959213256836 -1843.939697265625 0.6680427868255709 0.6862972444766962 0.7272910962574968
v -2311.39306640625 5.261185169219971 855.6141357421875 0.5321439848697928 0.5642098160418465 0.621554062430007
v -74.53888702392578 41.77515411376953 -1961.254638671875 0.6472320486735372 0.667826361723746 0.7117853924072505
v 1366.2821044921875 -13.048038482666016 194.3040008544922 0.49535027569331097 0.49760161714262446 0.5112740798359355
v -1168.8662109375 -18.887086868286133 352.7706604003906 0.6468936569129977 0.645379485803497 0.6559063235501716
v 1215.2384033203125 34.06877899169922 -189.91053771972656 0.49636129107954235 0.49536408945742755 0.5039393273640352
v 2397.432861328125 1.7535258531570435 -801.0991821289062 0.7128895285184998 0.7574762358192356 0.8360053075723958
v 408.1298522949219 -18.673500061035156 -770.7708740234375 0.5843406323794743 0.5747367757782332 0.5709109129148626
v -298.11346435546875 -48.06586456298828 -1891.5111083984375 0.8458746296310604 0.8702909413682905 0.9237944516714897
v 700.299560546875 -53.09452438354492 -688.4790649414062 0.5327308204894706 0.5262154198300505 0.5265339342892127
v 933.7164916992188 -10.72661304473877 -1956.1365966796875 0.48615039374146746 0.50736578202397 0.548815682695891
v -2199.08935546875 67.94387817382812 -1908.56396484375 0.43806865860161726 0.47781764237921937 0.5425862636696599
v 1043.5992431640625 25.258434295654297 -1884.41748046875 0.6371179023260809 0.6637903688707478 0.7161585066760234
v 1350.2041015625 -11.064519882202148 432.145751953125 0.5004364788688703 0.5035505831090853 0.5186584421194836
v 2608.1435546875 -19.85588836669922 676.30517578125 0.5562558651777959 0.5975241064519553 0.6676077318687385
v -831.7339477539062 16.232311248779297 1943.7349853515625 0.6828983089039139 0.7098882694580206 0.7636897293991476
v -1240.3096923828125 -44.79119873046875 -972.8934326171875 0.7938925498816244 0.8042159749145246 0.8358398553078871
v 1225.7257080078125 -5.247944355010986 -155.57235717773438 0.6780918958416176 0.6769236736401418 0.6885761337134797
v -664.3973388671875 48.579200744628906 679.8426513671875 0.743736509249658 0.7339732959476863 0.7329074561100595
v 969.94091796875 -6.218931674957275 -587.025634765625 0.7335199952853272 0.7292011288377936 0.7368318762080273
v 96.8906021118164 39.038917541503906 596.2530517578125 0.8282350260653748 0.8068577248756069 0.7877789997933659
v -2459.37744140625 -1.9294909238815308 -1417.1861572265625 0.6708027877092507 0.7260314619123531 0.8172303435038585
v 1666.468994140625 -21.07216453552246 2466.794677734375 0.4881583650315056 0.5341775857169249 0.6083138265332381
v 832.6276245117188 -46.1296272277832 -583.6693725585938 0.7560883732077869 0.7481249426347777 0.7502524325897495
v 1232.1395263671875 -10.88474178314209 -1821.7957763671875 0.5189248432254571 0.5423347960133833 0.587562891817063
v 1299.7174072265625 17.759078979492188 576.2718505859375 0.6596493799087167 0.6637738463788498 0.6833947955151428
v -1244.3946533203125 41.36153793334961 -911.2874755859375 0.763543936941069 0.7723311415591765 0.8010495341662168
v -204.8316192626953 -13.551887512207031 -141.99197387695312 0.5439364097334588 0.5226632368391497 0.4977063509379213
v -1290.4697265625 39.2891731262207 -719.482421875 0.5454504143535754 0.550281355305223 0.5688751875054305
v 1330.8487548828125 -18.38603973388672 884.2847290039062 0.7633959770509472 0.7740924178507642 0.8057071775013506
v -1403.4449462890625 -5.202857971191406 -519.4901733398438 0.4949695871624777 0.4998252434295148 0.5175176914708495
v -2654.02978515625 18.18158721923828 -470.13525390625 0.448964131995159 0.48301644671153326 0.5408344701648298
v 2171.492919921875 -54.808929443359375 2006.2425537109375 0.5617296793732302 0.6131775307883602 0.69635387848714
v -2427.118408203125 31.784717559814453 666.1217651367188 0.5098657147643478 0.5423254709424065 0.5996424330774807
v 2154.23193359375 -57.16267013549805 -1072.166259765625 0.5737235765466944 0.6060885289624137 0.6648424536891037
v 769.5433349609375 7.824609756469727 1557.3406982421875 0.6683921179742767 0.6821989225257135 0.7166634571951785
v 2531.43603515625 50.47706985473633 1009.4114379882812 0.7536626635854549 0.8097181327963073 0.9043219144540952
v 1373.3553466796875 -31.743656158447266 342.2324523925781 0.5324290300629754 0.5356673799267226 0.5515599149638253
v 92.336669921875 2.597223997116089 568.5287475585938 0.7115060138402832 0.6922415259595347 0.6744478124667956
v 420.6600341796875 -10.583930015563965 -751.6615600585938 0.7754488656772011 0.5923399748660327 0.639003070004082
v 2562.5078125 -42.44012451171875 -342.3819580078125 0.47602463400214595 0.5085613186952018 0.56511801762979
v -2340.306396484375 -0.7057983875274658 725.7715454101562 0.8320608577361639 0.8798148124841916 0.9655241461172265
v 2588.00439453125 -13.912127494812012 -161.54627990722656 0.6958780160046177 0.7422135831840118 0.8226173669807756
v -2014.606201171875 -21.39362335205078 1275.2037353515625 0.4538726644492285 0.4794733992776156 0.5262231619358975
v -939.2112426757812 91.85501861572266 -1395.9669189453125 0.5895121814430049 0.6002762516466299 0.6286931936105079
v 1055.3536376953125 -19.741884231567383 -365.63494873046875 0.508545623437881 0.5051020712577401 0.5099796062984793
v -1346.2982177734375 -29.231037139892578 -43.35653305053711 0.6547118107354596 0.6566795418107383 0.6728495219198357
v 837.6624755859375 -6.316086292266846 -580.6771240234375 0.7169636981790216 0.5467504061097379 0.5901271903897802
v 106.68378448486328 -29.783483505249023 -1961.3887939453125 0.7504814707333852 0.7741648127685946 0.8246748768488039
v 1297.1700439453125 44.69184494018555 939.3350830078125 0.6898759272774971 0.6997288662749438 0.7286810358996518
v -1283.3531494140625 9.500256538391113 -882.8005981445312 0.4972333463861332 0.5035150469506705 0.5234280905479827
v -935.0242919921875 53.48581314086914 1955.055908203125 0.5962127787154242 0.6217297721905354 0.6715914258163592
v 1754.85400390625 -59.406768798828125 -1507.446533203125 0.5156810831518035 0.5422746878509819 0.5918211595415113
v -2601.7548828125 -15.905792236328125 31.189132690429688 0.4990766818587025 0.5335463109302798 0.5932423843623854
v 2653.114501953125 53.724754333496094 106.77082824707031 0.4484351021820047 0.481284383532312 0.5375254039638345
v -1644.531005859375 63.1309814453125 1583.58544921875 0.47256795263277435 0.4963258194483661 0.5409956513598189
v 2185.650634765625 -17.562789916992188 -1086.8763427734375 0.5031756104781132 0.5329451554935638 0.5865021361532109
v -1920.5030517578125 35.27808380126953 1371.9744873046875 0.6620284131277208 0.6971920350844296 0.7618312845979921
v 2425.51513671875 7.33376407623291 -676.0635375976562 0.48962363565280526 0.5209533181211496 0.576260389114771
v 843.7612915039062 32.731651306152344 1456.81884765625 0.7501890581849711 0.7636720164903629 0.7992262549863244
v -825.4303588867188 -10.104780197143555 -1504.6339111328125 0.6380322583893984 0.6506232034367931 0.6826956574340681
v -2631.022216796875 -23.27643394470215 -764.3949584960938 0.43938524232428194 0.474078966626263 0.532461755324793
v 2612.65185546875 -4.394497871398926 371.7657470703125 0.4833817373675123 0.5180083925337262 0.5774975444025805
v -2659.28369140625 -63.26031494140625 -356.7026672363281 0.5685108348163336 0.6101971585470323 0.6811551985156304
v 94.7352066040039 -199.76217651367188 563.3452758789062 0.541877773026925 0.5267835905725591 0.5127660527654844
v -2638.353271484375 -2.1685001850128174 -383.4140930175781 0.7227035412225932 0.7739327286012186 0.8614433555055496
v 1003.2703247070312 -6.58872652053833 -1885.9404296875 0.48688184927491046 0.5072862280619422 0.5476165995540558
v -1457.0123291015625 -25.916074752807617 1719.3865966796875 0.4977100591094276 0.5217716618445847 0.5674293943367973
v 2262.930908203125 9.095499038696289 -933.291748046875 0.516759501679177 0.5474646959192402 0.6026086273135194
v -1551.4561767578125 -2.516331434249878 1675.2645263671875 0.7511817464321497 0.7874981603943311 0.8557747768962662
v 1999.6468505859375 -29.02952766418457 2124.7587890625 0.8101325262181426 0.8801962187894743 0.9942406365030899
v -2036.53759765625 81.75476837158203 1180.4307861328125 0.8490303117759435 0.8930653555904619 0.9741556019183525
v 242.14927673339844 -29.781164169311523 343.1786804199219 0.5235919240701352 0.5061267585394671 0.487558815810685
v 181.5228729248047 -75.04493713378906 -717.640625 0.578177977155915 0.5657602112550593 0.5570725492726865
v 2613.462646484375 17.935670852661133 113.82038116455078 0.4979080313738334 0.5327434349561901 0.5928886734419019
v -208.9409942626953 146.5515594482422 -183.28248596191406 0.9771582639612358 0.9414083349981468 0.900050674908336
v 2573.258544921875 51.8822135925293 -319.2148742675781 0.5398540308990011 0.5765596042395958 0.6402537777885023
v -2430.240234375 -4.389927864074707 -1403.258056640625 0.4366237019744812 0.4730733264890193 0.5336269011947358
v 2589.07958984375 29.089019775390625 612.8723754882812 0.46672081937878523 0.5009243210280163 0.5594178898594283
v -1.5693515539169312 40.45903015136719 -671.8060302734375 0.518504072432869 0.5059227793902505 0.49577505493345714
v 318.3495788574219 -10.420330047607422 -2035.553466796875 0.5328436240434491 0.5528078646022785 0.5934967709371572
v 775.7237548828125 -7.787865161895752 1594.8892822265625 0.6566660612932542 0.6713960299137793 0.7069993998797588
v 1777.319580078125 -12.568750381469727 2384.112548828125 0.5418168732856478 0.5922586952188326 0.6735651332073159
v 1264.338623046875 57.47920608520508 -143.56126403808594 0.6979157033566471 0.6977943015614282 0.7114721239391176
v 2134.337890625 82.6447982788086 -1189.2484130859375 0.8305288220762234 0.8778679946582113 0.9629832196694422
v 1145.21875 -26.619068145751953 -318.3521423339844 0.4976475822947191 0.49577113323764116 0.5029671309983
v 2522.64013671875 -27.055517196655273 -122.49859619140625 0.6535439383313932 0.6946017382156247 0.766951561523562
v -185.06570434570312 -130.5659942626953 -108.28195190429688 0.5513705092698078 0.529188942921367 0.5027489335084212
v -745.1397094726562 -7.198322772979736 -1589.66259765625 0.7644350909996802 0.7807453379445489 0.8207790049331427
v -173.10389709472656 12.97554874420166 1967.4110107421875 0.47570468608390054 0.49157585329437964 0.525238787062341
v 1978.719482421875 -12.189874649047852 2234.728515625 0.5431257554999911 0.5941041487317145 0.6761182106051585
v 932.7821655273438 43.628387451171875 1359.6630859375 0.585070374081503 0.5948304404536154 0.6216581736613802
v 7.889626979827881 2.4342238903045654 644.4013671875 0.6256991428286913 0.6101403595890736 0.5970196923952528
v 890.3291015625 54.886539459228516 1501.5540771484375 0.6314239387227163 0.6447843656087922 0.6778719782325269
v 2610.134521484375 21.36309814453125 293.84881591796875 0.579596424131503 0.6199640865717161 0.6895001226211014
v -2604.7041015625 -60.93801498413086 66.92918395996094 0.5618474181084507 0.6003484373214971 0.6669732767814043
v -1017.6419677734375 -30.70511817932129 -1344.08984375 0.48218540932083037 0.49123541605779025 0.5150374707995665
v 1357.656005859375 16.11759376525879 423.5579833984375 0.5321635206044141 0.5355629168054913 0.5517002379073471
v 1660.7618408203125 -9.436366081237793 2463.849609375 0.7277074919086581 0.793741604989304 0.9002247975136898
v -475.93719482421875 -18.302074432373047 1994.384765625 0.7133406816962214 0.7390689524628231 0.7917319751946864
v -634.4322509765625 -75.87725830078125 699.37548828125 0.5875714945009729 0.5795709344028462 0.5784717243434149
v -1928.7725830078125 -9.576151847839355 -2276.887451171875 0.5460446902429579 0.5972399142098591 0.6796145405500604
v -309.0018615722656 -55.732093811035156 762.2735595703125 0.7860408959251107 0.7719403925710271 0.7644490488351057
v -2139.24169921875 52.29888153076172 1033.8284912109375 0.7500934287853742 0.7902425781487223 0.8637260209484887
v -1269.7310791015625 48.63701248168945 128.39735412597656 0.6987029731427644 0.6986915190585317 0.7125577297502523
v 1357.713134765625 -8.586929321289062 341.86322021484375 0.695736261248782 0.6994124414785298 0.7190050420577883
v 1159.792724609375 -7.921257972717285 -1910.6002197265625 0.7878172125350189 0.8237110188217224 0.8922319851436867
v 1233.4656982421875 2.8586487770080566 -206.31118774414062 0.6730292657844303 0.6722929813206869 0.6845381588247152
v -1276.34228515625 28.002361297607422 91.51022338867188 0.7829281135001412 0.7830270379473662 0.798619209801118
v 1287.42138671875 56.51601028442383 -38.62257766723633 0.49424247056824794 0.4944873216233631 0.5049919873425961
v 1514.640869140625 31.057653427124023 -1695.3253173828125 0.5499411253210125 0.5768841298147296 0.627693837573106
v -109.97772979736328 1.9366285800933838 -568.3289794921875 0.7770473208053662 0.7562149999449156 0.7370379110641925
v 953.0374755859375 -18.941726684570312 -1968.0849609375 0.6865734840453848 0.716352755998837 0.7741397031605827
v 1298.5283203125 -24.267887115478516 -68.26616668701172 0.7142750459245661 0.7149896148522353 0.7302886731714061
v 2593.228515625 26.079452514648438 -187.2444610595703 0.4468527027160824 0.47801780592210547 0.5320141897308179
v -532.28271484375 0.5573818683624268 1998.0950927734375 0.6872983328642495 0.7127757214699834 0.7645348784742928
v 1164.1087646484375 -54.24333190917969 -1849.9447021484375 0.5313668017605215 0.5548853852321481 0.6005388122349031
v 534.4976806640625 -8.443097114562988 1780.1263427734375 0.6415283564151746 0.48794809282370216 0.5270861730755777
v -576.5130615234375 -27.889301300048828 724.11474609375 0.7838955328225647 0.7728884178422034 0.7705222358455442
v -2211.460693359375 -3.815143585205078 -1879.3299560546875 0.5046288851540703 0.5494067323072789 0.6224954449244331
v 566.6624145507812 47.851478576660156 -1994.896484375 0.4814387061473742 0.5000068986630354 0.5376332750384029
v -611.294189453125 -51.00277328491211 1969.7901611328125 0.47766660652104925 0.4958124636682793 0.5327609519438682
v -1336.6893310546875 49.19321060180664 -152.5463104248047 0.8228440721018335 0.8252210972447324 0.8451327239584577
v 1165.08251953125 -41.49476623535156 1161.7532958984375 0.48540932957418975 0.493567387698344 0.5160942967819058
v -528.9458618164062 34.87141799926758 740.6201782226562 0.8230554495834941 0.8110489760738075 0.8077662346990471
v -2606.123046875 27.080665588378906 -768.0859375 0.6608089266974445 0.7100786294815862 0.7933689665254527
v -696.4550170898438 -6.586075305938721 -1639.1126708984375 0.8872301626966221 0.9070427633929052 0.9546389432634682
v -1323.912109375 26.09697151184082 1809.707763671875 0.8271373384610663 0.8650279046079257 0.9371911508223593
v -555.9014892578125 -10.092771530151367 724.0401000976562 0.6381036467826342 0.6286934581142765 0.6262139365310161
v -227.62156677246094 194.82510375976562 -219.1597442626953 0.5437271437127795 0.5236947938170774 0.500977369897068
v -936.224365234375 -20.357688903808594 522.6073608398438 0.6736691965529671 0.6680019861128863 0.6723399282192455
v -2638.835693359375 29.290878295898438 -259.8211975097656 0.45340458404923273 0.4864710507234274 0.5431276982261829
v -382.2430419921875 32.244598388671875 738.5579833984375 0.6464128197181477 0.6348761924454158 0.6290032139265271
v -877.2804565429688 24.656227111816406 1950.0501708984375 0.5290982467119085 0.5511527325712731 0.5947099571315464
v -172.76182556152344 -25.683361053466797 756.0032348632812 0.5118070371217185 0.5013782435256477 0.49476730942019514
v 1376.8583984375 0.16097362339496613 391.6717224121094 0.5917681180156207 0.5957563124790702 0.6139092651841819
v 435.4250183105469 14.374056816101074 -1996.6839599609375 0.47098218219403126 0.4884240090916557 0.5242326283343163
v 1304.85595703125 32.434715270996094 380.17626953125 0.6464469452423702 0.648729975865307 0.6652407510990301
v -1292.684814453125 29.060302734375 -882.4824829101562 0.8352969201715225 0.8457052368389119 0.8782359565488091
v 740.7044067382812 13.6188325881958 1616.2122802734375 0.5841403236016863 0.5974921473262316 0.6296487045194674
v 293.6433410644531 -72.59092712402344 -2020.2734375 0.5462204147062925 0.5660964868259412 0.6069410152152676
v 1070.112548828125 8.406834602355957 1263.7032470703125 0.4811334121441318 0.4894713937960194 0.5121871177456214
v -1373.1185302734375 48.409481048583984 -368.44415283203125 0.8896555997113735 0.895105506301069 0.9210382343997345
v -1333.13330078125 -2.7322773933410645 1822.75634765625 0.48283678340600994 0.5063753956024436 0.5509762741810789
v -1265.64892578125 29.443586349487305 40.96178436279297 0.8541435009794383 0.8537790176695501 0.8699501096364339
v -14.505061149597168 205.91285705566406 -646.21142578125 0.9157804651447446 0.8936539122455457 0.8750496580367798
v -1247.375 -2.5666074752807617 135.7425994873047 0.5562840482525493 0.5557639998255034 0.5662012439707229
v -2369.276123046875 -9.827260971069336 -1608.8768310546875 0.741587708833355 0.8034420879691326 0.9051046384025713
v -881.3120727539062 -26.119739532470703 -1472.745361328125 0.5999868613366776 0.6118902119710126 0.6422073443777793
v 790.2937622070312 -76.84541320800781 1570.939697265625 0.5922178812686563 0.6051830377574728 0.6369254595221228
v -711.4921264648438 27.528335571289062 671.9967651367188 0.587943432603216 0.5807372162304953 0.5809559516541837
v -395.9396667480469 53.203216552734375 1995.83740234375 0.4779225428382298 0.49536814552946334 0.5313272823266152
v 2506.251220703125 -22.73931312561035 1129.213623046875 0.5147505353620989 0.5550389392691556 0.6227150955280515
v 932.0046997070312 -37.10487747192383 1432.9326171875 0.5689390087940822 0.5800888818750926 0.6086871662204854
v 10.568262100219727 -48.42807388305664 637.9389038085938 0.5967546304667565 0.5817172970710877 0.5689129893979572
v 1284.4195556640625 -3.896350622177124 925.2976684570312 0.6455381719063648 0.6542541625819505 0.6806496929399515
v 2227.0927734375 48.628780364990234 -1004.981689453125 0.4678611986546755 0.4958139280527097 0.5460719620501641
v -1897.4835205078125 -51.810020446777344 -2302.9501953125 0.5081242386114291 0.5560873756992752 0.6332622161686186
v -900.147216796875 -41.11677551269531 571.0873413085938 0.6768486548170867 0.6709888788755102 0.6750727769985959
v -200.8712158203125 -54.13016891479492 -417.32476806640625 0.5221787541249292 0.5055526147098236 0.4884399270317544
v 2610.15478515625 4.958634376525879 237.87612915039062 0.722106345083538 0.771289343853358 0.8561137898266168
v -179.39662170410156 -71.22026062011719 -456.4668273925781 0.8202084787013021 0.7957676477779617 0.7711761232602357
v -1127.0450439453125 -25.723543167114258 321.85528564453125 0.6984498356049682 0.6954166535670707 0.7044664939002611
v 99.77648162841797 46.654205322265625 -682.1218872070312 0.54419416787827 0.5314050058009487 0.5214125702933499
v -1335.0244140625 -30.321903228759766 -505.97711181640625 0.6129782937219378 0.6169944719792174 0.6355835356511198
v 197.33253479003906 36.66640090942383 1893.1666259765625 0.6287677539555434 0.6469390825649137 0.6870258802689313
v -1217.20263671875 -4.687772750854492 186.4873504638672 0.5204389651820317 0.5194296958539132 0.5284294954519908
v -2017.2779541015625 49.60983657836914 -2214.90087890625 0.7267776938693142 0.7939602479508666 0.9018404339621545
v 2542.168701171875 -16.18073844909668 1108.546142578125 0.6827866830024422 0.736029963028116 0.825041992235473
v -2582.41796875 -23.364078521728516 -1001.2990112304688 0.44657303533403 0.48266168138209836 0.543036786571969
v -631.76025390625 42.704811096191406 686.3872680664062 0.6126969302412105 0.6041104027193877 0.6025160147766372
v -95.22748565673828 36.880470275878906 -543.0969848632812 0.5479645733236533 0.5323226739211854 0.5174761025574827
v 877.4276123046875 1.827199101448059 -1937.88232421875 0.832480246144657 0.8655088742151605 0.931014572878951
v 254.22425842285156 -59.38029479980469 1861.774169921875 0.6148988001086138 0.631952037377767 0.6701372793073022
v 1684.9569091796875 68.6603775024414 -1614.8731689453125 0.5361899564059872 0.5643670192683671 0.6165517689000066
v 654.6209106445312 43.960697174072266 -688.7916259765625 0.7185229660429893 0.7090584785972341 0.7080106008488284
v 84.6273422241211 -13.441882133483887 -1977.621826171875 0.8721742020940667 0.9000948271146316 0.9591825362899414
v 808.1451416015625 56.47914505004883 1583.7999267578125 0.5476805822033869 0.5602763108348142 0.5906066950050605
v -1326.39404296875 21.76284408569336 -656.0341186523438 0.8150543203705628 0.8221357872529648 0.8492035479743513
v -2296.104736328125 -33.56608200073242 857.7901000976562 0.771806842144535 0.8163546282726145 0.8962924794162623
v 2154.3154296875 10.49824047088623 1987.7760009765625 0.5182582461394148 0.5651703358730009 0.6413479769626761
v -1769.101806640625 1.6127145290374756 1459.271240234375 0.4642449864125801 0.48790201987029086 0.5322433502575498
v 2625.5068359375 -3.716423511505127 425.9787902832031 0.8183338248455695 0.8755490046064681 0.9734125553686853
v 492.3663024902344 -5.373658180236816 -763.2572021484375 0.7143139611306906 0.703744389379885 0.7007850350550808
v 190.12777709960938 -70.1109619140625 452.0399169921875 0.8340416723525842 0.8092129137919474 0.7842297868575254
v -1152.8544921875 15.627481460571289 1870.8609619140625 0.8173545002429654 0.8528585386409769 0.9214950175090667
v 2503.31396484375 66.69615936279297 -258.65380859375 0.6799594559812038 0.7221844033616643 0.7967486209984104
v -2631.32666015625 -37.17866134643555 -76.81327056884766 0.6975242534201896 0.7456433936939716 0.8284281402946775
v -128.10728454589844 -16.176345825195312 717.47802734375 0.8377816731563335 0.8199238884952643 0.8070807978977803
v -2651.37890625 47.0047607421875 -291.5523681640625 0.4723753661538252 0.507154193457077 0.5665479569869893
v 2646.90087890625 -49.322505950927734 163.86656188964844 0.4461076755725933 0.47871027268151894 0.5345677225577198
v 1060.3450927734375 -11.119803428649902 1259.141845703125 0.4838308410260203 0.49198394050953415 0.5144733830101901
v -1027.9071044921875 12.287233352661133 -1288.7642822265625 0.5222116558542809 0.5310037416482115 0.5551825985630535
v -1815.4461669921875 7.666152000427246 -2366.2294921875 0.4590744367032054 0.50280952482527 0.5731997543115807
v 691.751708984375 26.3764705657959 -2010.2706298828125 0.5210875628343077 0.5424904161808246 0.5849600243123466
v -179.61817932128906 -97.22066497802734 -400.5582275390625 0.5413878856690387 0.5237465379171422 0.505247621655241
v -434.22607421875 32.17153549194336 760.0349731445312 0.5624193600417231 0.5532140915367353 0.5496351860590275
v 1361.4228515625 31.84621810913086 203.62477111816406 0.5809219159118483 0.5834350827580216 0.5990959207851432
v 2253.953125 32.231475830078125 -922.2940673828125 0.467036644280626 0.4947208598850123 0.5445980402727465
v 1270.399658203125 0.07051656395196915 905.120361328125 0.8169658765866024 0.8269646702764374 0.8585288781614894
v -681.9215087890625 -2.8064236640930176 646.2351684570312 0.6071129226311187 0.5987554433932265 0.5974347950947059
v -2476.861328125 -31.821937561035156 445.3663635253906 0.7690234200451386 0.8163626758125662 0.8999592894358482
v -1077.6978759765625 -49.882015228271484 400.1988220214844 0.5211898216784255 0.5183787474546735 0.5245100124905581
v -201.27383422851562 19.941932678222656 -475.3440856933594 0.6835102643416824 0.6635035373357278 0.6438356964796047
v -354.26458740234375 77.51284790039062 -1881.430419921875 0.8198240810237015 0.6269307029293965 0.6760872342285649
v -2568.59033203125 -23.60196876525879 -1003.3571166992188 0.6668349664686043 0.7182503698923719 0.8044702411386669
v 2198.5576171875 65.10746002197266 1903.0638427734375 0.45270926332172273 0.4935117124814407 0.5600443092792022
v -1608.3045654296875 29.671167373657227 1625.24658203125 0.49172625602468084 0.5164442282310477 0.5628699964218248
v 2287.208984375 31.255630493164062 1692.1920166015625 0.8163865781049536 0.8830475197094524 0.9929886470352743
v 1110.79345703125 22.575828552246094 1231.6522216796875 0.8235751189852535 0.8373385758036488 0.8747132053922471
v 1126.380126953125 -22.381168365478516 -1828.14990234375 0.48314028844505746 0.5036980395054804 0.5441624664166892
v 860.2625732421875 -17.89418601989746 1517.24658203125 0.8458588755634079 0.8633330936737942 0.9066683068159073
v 1965.2061767578125 -1.3754777908325195 -1257.02001953125 0.590933725387248 0.6216856433800456 0.6786558386535413
v 1304.7825927734375 -30.723752975463867 628.0628051757812 0.6197766625642643 0.6243931385659386 0.6440365304070533
v 1953.370849609375 -33.75614929199219 2216.984375 0.4478314883059131 0.48972559842372504 0.5574756075356012
v 1335.029541015625 -0.042595431208610535 70.94330596923828 0.7681541598248838 0.7701070751226952 0.7883455555409736
v 2339.54443359375 28.009864807128906 -794.134033203125 0.46381575537705927 0.4923182102344575 0.543214271054689
v -521.5839233398438 -20.44118881225586 1993.4569091796875 0.46844749808983627 0.48623141253745944 0.5224725213202577
v 2638.307373046875 -37.97255325317383 879.596435546875 0.4391349873573342 0.4750226493524697 0.5349302730219426
v -2012.1552734375 22.712251663208008 1289.8858642578125 0.6180649270811404 0.6521334055858269 0.7142482378802314
v 2377.064208984375 -43.86559295654297 -592.9119873046875 0.6400600353359399 0.6774640506471947 0.7446034848410659
v -735.70703125 26.221546173095703 1936.653076171875 0.5686492659670965 0.5901719711777322 0.6338245846550152
v -894.5650024414062 -12.515524864196777 -1495.3238525390625 0.4826747923994143 0.49306445263665505 0.5188699852401132
v -2040.277587890625 -42.69334030151367 -2127.331787109375 0.7234563076636897 0.78796085639373 0.8924065084888303
v -1156.998779296875 -83.23758697509766 -1138.7562255859375 0.4938206248265042 0.5015903467422842 0.5236922732523923
v -2448.954833984375 80.19514465332031 556.1581420898438 0.6644478776283338 0.7055707404339435 0.7782808696913119
v -1154.9793701171875 16.134002685546875 -1116.55908203125 0.4888294643769178 0.4961359439635617 0.5174444224706233
v 1348.92041015625 -11.970122337341309 532.9553833007812 0.7445640492253682 0.7501097251591025 0.7735023188799088
v 1914.5489501953125 -14.995548248291016 -1303.537353515625 0.46866736363488787 0.4931451419344776 0.5387125282620716
v 1218.3126220703125 14.493772506713867 -235.76220703125 0.5640420562513185 0.5631837507122853 0.5732270955223161
v 32.456783294677734 -9.167553901672363 -1984.099365234375 0.4689653017303426 0.48486551582066933 0.5184317026667479
v 776.239013671875 -43.87568283081055 1566.37744140625 0.4776328245240183 0.48805864558557793 0.513820156940387
v -1320.952392578125 -33.25080108642578 -139.85389709472656 0.5846134256182749 0.585913654254326 0.5997446590017267
v -485.5292053222656 62.62876892089844 1973.81787109375 0.648812156329407 0.6717822009873463 0.7191728743009274
v 2524.408203125 -48.31321334838867 1201.6923828125 0.5169795297674071 0.5590272368958408 0.629019626514141
v -2293.55224609375 4.239285945892334 -1760.313232421875 0.43601326439341337 0.47496745627163756 0.5386754058374519
v 1186.581787109375 -24.74663734436035 -1871.2047119140625 0.7642156031865621 0.7983041409457066 0.8637976913595298
v -225.93746948242188 161.72091674804688 -339.9478759765625 0.6022030234685277 0.5821178639314548 0.5605881295567856
v 1203.516357421875 -3.1709110736846924 -1820.5977783203125 0.6519590977824746 0.6801981576789227 0.7350784835387519
v -178.7649688720703 111.58584594726562 -111.6705551147461 0.7512978100154526 0.7217135759310972 0.6863932330797179
v -1352.4375 -30.578868865966797 -577.8801879882812 0.8293063868015665 0.8361755948259644 0.8631817190533951
v 1363.359130859375 42.41145706176758 441.91668701171875 0.5106847918018274 0.5142122496002078 0.5301501418638682
v -811.4930419921875 -8.166367530822754 657.0406494140625 0.5083545208370102 0.5033883548132941 0.5057897714969993
v 364.3461608886719 -7.390432357788086 1825.581787109375 0.7288417254272429 0.7481706588704317 0.7919406543729968
v 2630.067138671875 50.80427169799805 217.38343811035156 0.49128478297372563 0.5264217964275352 0.5867868855095196
v 1253.820068359375 -12.603591918945312 -149.93983459472656 0.8493009261841306 0.8488131724436808 0.8646998337931424
v -1166.830078125 -23.942157745361328 331.86004638671875 0.5008466863389854 0.49948009296560164 0.5075496142144577
v -2635.877685546875 -6.144170761108398 -70.70611572265625 0.46484409560635326 0.4982147902450615 0.5555723890239891
v 917.9808349609375 8.854229927062988 -1924.5283203125 0.7429885691823837 0.7728819430419442 0.8320563822289865
v -266.1791076660156 -11.540139198303223 2006.2176513671875 0.6852324095927947 0.7090783182973202 0.7584756910312889
v 167.01988220214844 68.62709045410156 431.83624267578125 0.5385913336531921 0.5214897138570768 0.5038856513575634
v -371.98077392578125 -2.513401508331299 2031.2174072265625 0.8578325553453192 0.8890406529339264 0.952517387683056
v -1329.1329345703125 16.457386016845703 -542.3141479492188 0.5348641091764408 0.5385979861900566 0.5553032087241854
v 227.81369018554688 -27.556884765625 1881.449951171875 0.8135052883481669 0.8362571546139969 0.8866973539186753
v -623.0872192382812 -66.22683715820312 -1746.933837890625 0.4749041821180359 0.4878059048611148 0.5171548097398536
v -1769.3314208984375 55.80225372314453 1479.373779296875 0.48795906651103654 0.5130612024884994 0.5599275931137777
v 1901.048828125 20.284799575805664 -1404.5238037109375 0.6271879877716595 0.6607646158852876 0.7224283149824248
v -2225.1240234375 34.63751983642578 962.1392211914062 0.4528598898040835 0.47948942012614065 0.5276044988521296
v -1321.488037109375 2.0219521522521973 -274.9444580078125 0.5893622979848913 0.5912203504555731 0.6060133120407141
v -2051.829833984375 54.906314849853516 1205.4183349609375 0.45897095914823843 0.48470419257542025 0.5317543001276448
v 2280.0830078125 -27.012361526489258 -868.3185424804688 0.5348448907414779 0.5662669898914068 0.6228135784397985
v 1234.68212890625 -12.186591148376465 -170.32785034179688 0.9205679083060923 0.9194214943184482 0.9355766138786771
v -94.82099151611328 77.6544418334961 -1921.85009765625 0.48295942171118084 0.4977718784277792 0.5300574859696074
v 1023.9544677734375 -22.4912166595459 1345.0015869140625 0.6565326007938939 0.6686602738840853 0.7003972129725173
v -196.4912567138672 -111.16395568847656 723.2103881835938 0.6196205263636123 0.6066025266070353 0.597707424783131
v -2329.838134765625 16.961912155151367 860.2676391601562 0.619923640104074 0.6574772564626401 0.7243224357209869
v -4.466330051422119 -28.920574188232422 -1984.812744140625 0.7995483790565763 0.8254986699651891 0.8802687336342905
v -2343.57421875 21.833003997802734 784.9290771484375 0.5758277997386714 0.6105139886371661 0.6724386814718764
v -282.46954345703125 0.3673573136329651 -1889.70703125 0.8735034005942035 0.8984902914489613 0.9533765962577961
v -258.6201477050781 -28.844070434570312 2018.12255859375 0.8310165063027977 0.8600164275840442 0.9197942910437882
v 239.933837890625 18.684894561767578 -2039.958984375 0.7338628586784242 0.7604159511876754 0.8146810479649107
v -2324.09619140625 24.282291412353516 797.076904296875 0.6202605985316033 0.6568575965846063 0.7224311673510173
v -885.2451171875 3.970879554748535 609.4343872070312 0.6461619222712035 0.6407745366618205 0.6450557746730874
v -1851.828369140625 -13.563526153564453 -2347.932861328125 0.4290851755495768 0.47051350972175504 0.5371010117021805
v 2645.4658203125 -50.47922897338867 216.4210205078125 0.4933561825458059 0.5291063700116807 0.5903263884858506
v 1388.552490234375 -3.977429151535034 460.246337890625 0.6598591579298271 0.6651811491139475 0.6866567419400171
v -1247.1395263671875 29.113908767700195 85.36378479003906 0.6368169823826357 0.6361027374701045 0.6477157342536879
v -2362.15771484375 6.130669116973877 -1676.0125732421875 0.6267605606985442 0.6810647794358731 0.7697951427335696
v -741.329345703125 15.155479431152344 651.7501831054688 0.5048166171330506 0.4987131275054633 0.499185074867284
v -2629.862548828125 -3.86271071434021 -506.49432373046875 0.5380591442409227 0.577540873984861 0.6448144829015241
v -581.9049072265625 3.066791296005249 776.133544921875 0.5767578875042079 0.5694796880356363 0.5693695022116809
v -2425.93603515625 17.507633209228516 701.2808837890625 0.9541971990074142 0.7316753749023086 0.7883823702132586
v 2541.984619140625 -6.512407302856445 1150.094482421875 0.5209077805081914 0.5630443226592504 0.6332620732329038
v 849.3488159179688 -3.4891672134399414 1489.129150390625 0.7987013258743758 0.8141420264463227 0.8535469612729409
v 2465.206298828125 -30.237640380859375 -476.4170837402344 0.45670281559463527 0.48593732565576025 0.5376334806487317
v -117.09658813476562 15.887580871582031 -550.6603393554688 0.519879909792848 0.5051853333924571 0.4914116366830395
v 2271.990234375 -10.206197738647461 -839.0216064453125 0.4691024686593283 0.4965200374477337 0.5460882609515695
v 1272.7681884765625 26.096717834472656 -122.49346160888672 0.6273712902961722 0.6274259951883885 0.6400827329775194
v 1735.3724365234375 41.786285400390625 -1537.7818603515625 0.7229623764428393 0.7594275079454024 0.8272604564139943
v -583.3255615234375 12.14684772491455 2018.134033203125 0.4780870360320639 0.4972355026276111 0.5356105105723153
v 693.4984130859375 10.794471740722656 -1954.65283203125 0.7834406435456845 0.8124709416043555 0.8712923592599978
v -2567.5185546875 24.726795196533203 -959.3899536132812 0.44162119447893494 0.4765039478312208 0.5351921066120804
v 2605.0302734375 30.463138580322266 97.52954864501953 0.637570840136706 0.680848859957296 0.7557188965139557
v -2630.08935546875 23.91572380065918 -619.5206298828125 0.4411748195529182 0.4748951298202518 0.5320710860793221
v -1399.8453369140625 30.01801872253418 -121.15478515625 0.5678595408413868 0.5710347286081584 0.5874845947357277
v -2553.146484375 9.117717742919922 364.09405517578125 0.6885298460922741 0.7338237320869856 0.812666608551482
v -1230.8128662109375 -96.43060302734375 -1090.549072265625 0.7148750407634332 0.726468121527192 0.758516598649247
v -2148.557861328125 -10.442374229431152 1128.4423828125 0.5633648168445412 0.5958759837620394 0.6545780179439437
v 1442.16455078125 5.24536657333374 -1683.3714599609375 0.8511288138979785 0.8888770765707191 0.9613789511318714
v -229.62405395507812 41.73667907714844 -260.3760681152344 0.6818703490394447 0.6579329860514029 0.6312622909805791
v 2595.891845703125 -37.295318603515625 922.5703125 0.6117537000257482 0.6591410269926092 0.7386471994084004
v 1174.3829345703125 66.15357208251953 -247.1884002685547 0.6056370980144823 0.6036837493447156 0.6127491999153473
v 2021.1517333984375 -8.684260368347168 2145.306396484375 0.5579296028758496 0.6087124828881234 0.6909421594103806
v 1293.639892578125 -28.357582092285156 -143.14268493652344 0.5214975754906812 0.5220605514027351 0.5335690290137355
v -1370.3189697265625 34.852386474609375 -606.0164794921875 0.7993755634380285 0.8069836653722614 0.834568248329472
v -88.48564910888672 21.507566452026367 2003.07763671875 0.7900557965059194 0.8165249741945405 0.8718419093806791
v 2604.082275390625 54.07501983642578 19.66054344177246 0.6667311480812952 0.7117211063806466 0.7895988564100364
v 670.7642211914062 33.078468322753906 1669.5263671875 0.4976265115487118 0.5096982427333909 0.5382787812239759
v 1067.41162109375 -34.838905334472656 -1885.1727294921875 0.46493750888252255 0.4852911801906539 0.5250742272582904
v 856.1954345703125 -25.45724868774414 1557.6954345703125 0.5578480283216068 0.5706406356387176 0.6014596714408307
v 69.12001037597656 61.06614685058594 607.994873046875 0.7470461953702964 0.7278427800964956 0.7108792850868166
v -2057.519287109375 -18.22629165649414 1254.9200439453125 0.6663980882836752 0.7036769441321346 0.771284659039673
v 1509.674072265625 40.47787094116211 2569.756103515625 0.43056847166067436 0.4718153379764248 0.5382240219782383
v 1332.6094970703125 23.285381317138672 101.80860137939453 0.5802441295216229 0.5817406211399317 0.5957990318356265
v -903.13232421875 18.5153751373291 599.5025634765625 0.760240394833836 0.7542568951914113 0.7596901934437901
v -2644.0791015625 -3.192340135574341 -350.2888488769531 0.453838104748122 0.4873891862934407 0.5446884185125895
v -396.6335144042969 -44.33518981933594 756.2263793945312 0.530931912546075 0.5217536605428459 0.5176174228871256
v -2633.7734375 1.8429943323135376 -40.94074249267578 0.44676190242717645 0.47889344677105833 0.5341535381428367
v -1121.9515380859375 -8.422114372253418 447.74951171875 0.6802543031850109 0.6783024346001677 0.6887464331571975
v 1210.095947265625 20.076034545898438 -241.48727416992188 0.4983563034092569 0.49744024323201513 0.5061813394070992
v -600.5517578125 -42.769996643066406 714.3850708007812 0.7853004696729018 0.7745065500063666 0.7725203821666214
v 631.6612548828125 30.282939910888672 1677.6357421875 0.8646561103909314 0.6618775368808665 0.7135531982058673
v 54.725006103515625 96.3950424194336 589.763671875 0.5180946441995182 0.5040001046962358 0.4912328973380912
v -188.8199920654297 -57.94691848754883 2008.6474609375 0.8157124758839883 0.8435007649865269 0.9012332742869795
v -248.71231079101562 -58.69575881958008 708.8203735351562 0.7392016559079084 0.7239241586377116 0.7135338874901039
v 899.4125366210938 -16.182435989379883 -575.232177734375 0.5675930267687215 0.5626450961468141 0.566179629005807
v -929.5447387695312 26.024982452392578 -1444.1820068359375 0.7709450031890621 0.7859976037991357 0.8242909110044738
v 1376.537109375 21.00116729736328 192.5345001220703 0.5323716320267247 0.5350079091658331 0.5499638137522982
v 2245.11962890625 -34.505374908447266 1809.6844482421875 0.7143265177803806 0.7750011179904428 0.8743670074750469
v -2448.487060546875 50.2022819519043 492.4997863769531 0.4841404204392778 0.5145494234844611 0.5684941742253861
v 2207.786376953125 -15.584677696228027 -1006.8884887695312 0.6743508895708593 0.7126848714512483 0.7819062638868102
v -2507.450439453125 20.783897399902344 489.54534912109375 0.7566137406878469 0.804957528951774 0.8895716428637974
v 1791.7169189453125 16.646438598632812 -1445.382080078125 0.7974739301768169 0.8366973240759406 0.9100220754509202
v -1782.4407958984375 -23.24720573425293 -2394.55126953125 0.6267803320139452 0.6849005325215763 0.7783999216436961
v -1351.636474609375 -28.856252670288086 -361.2012939453125 0.7036693365296255 0.7073530476340795 0.7271040063617148
v -2308.05322265625 14.938984870910645 870.3748779296875 0.9217780203354925 0.7064044295247759 0.761289788439007
v -8.479522705078125 23.257062911987305 641.39794921875 0.6972239051526005 0.6799548273067916 0.6653254697188451
v -577.18212890625 -19.112327575683594 1998.9957275390625 0.47770746150642357 0.4963226507321766 0.5339365443744554
v 251.29434204101562 -32.9852294921875 168.85037231445312 0.5444184985269713 0.5241168778766778 0.5009296374770176
v 1347.100341796875 -22.83285140991211 741.597900390625 0.844473460869433 0.8539548292678623 0.8852463573945899
v -790.5458984375 -9.915252685546875 631.8323364257812 0.5132651236570742 0.5075857576670666 0.508912411016705
v -465.9698181152344 50.602622985839844 1999.5235595703125 0.7399031073649955 0.7666243793343356 0.821255139212155
v -19.177061080932617 84.41401672363281 658.9227294921875 0.5167651690593362 0.5039793684401765 0.49344556946799684
v 33.09463882446289 53.72553253173828 -715.3785400390625 0.8952556938277002 0.8758371743681954 0.8614664257890512
v -404.755615234375 -47.05095672607422 -1832.5849609375 0.5889458004120922 0.6052706327935893 0.641877962894322
v 67.63113403320312 35.44098663330078 -693.729736328125 0.5178796662573898 0.5058004340631854 0.4965005631077914
v 2619.5712890625 -18.857004165649414 308.6391296386719 0.609400678532159 0.6520838356135586 0.7254341524344533
v -2615.260498046875 -16.943965911865234 -559.0646362304688 0.7689844259076974 0.8236563239454128 0.9168869296865695
v 2311.251220703125 -31.68853759765625 -843.6215209960938 0.48190270121105766 0.5111005201302251 0.5633715420726167
v 265.54888916015625 7.758120059967041 1886.457275390625 0.7571854915937722 0.7788306572332203 0.8265346962628937
v -501.783447265625 40.93815994262695 -1767.85791015625 0.49162134529615903 0.5045078467461928 0.5341655621016539
v -2583.573974609375 -30.21755599975586 -1070.944580078125 0.6451477234266318 0.6966556190431822 0.7823805685136463
v -999.3211059570312 -0.3896595239639282 -1335.4100341796875 0.64928629619399 0.66060386957487 0.690990621224472
v -2610.721435546875 -16.988140106201172 -745.7882080078125 0.5957380692414931 0.6404603343430202 0.7160906261546581
v -665.211181640625 -24.58392906188965 741.8230590820312 0.7147728466800374 0.7066408915688843 0.7077181847466616
v 224.67872619628906 34.10319519042969 1907.607421875 0.5403188342239671 0.5566170726824228 0.5922098063261024
v 73.6200942993164 -61.08451461791992 -1990.1553955078125 0.566837423791726 0.5859173920311829 0.6260539153063596
v 333.8866271972656 -62.55797576904297 -789.4373168945312 0.9284703639008639 0.9131761340234275 0.9064197293332213
v -737.550537109375 -15.441605567932129 672.9419555664062 0.8284740919690121 0.8192059139416621 0.8205489656324872
v -209.13015747070312 -158.4888916015625 -123.60464477539062 0.8743019833384695 0.8411153539223771 0.8020664265661558
v -1114.5267333984375 -37.077552795410156 -1153.808837890625 0.8486465030322553 0.8607006515082591 0.8959768044517392
v -223.4857635498047 103.08474731445312 -251.80459594726562 0.6122118638689621 0.5903185410998255 0.5657764792024185
v -851.6845092773438 -17.89874267578125 -1492.702392578125 0.6519846122382817 0.6649035713382265 0.6977325816250135
v -1293.811767578125 6.498981475830078 1783.0689697265625 0.4827705279688003 0.5048047989823002 0.547321438949495
v 137.8090057373047 -100.01576232910156 522.7559814453125 0.7583270043431616 0.7369411470560348 0.7164142279484276
v -2607.076416015625 65.72826385498047 25.794021606445312 0.8034741531601959 0.8571362268605779 0.9499633987618065
v -671.8317260742188 -69.62771606445312 -1650.2919921875 0.7278064146654211 0.7442969277364309 0.7838843733638858
v -172.13851928710938 164.03749084472656 -399.2277526855469 0.5412848375450435 0.5235659520167998 0.504927512585845
v -324.81378173828125 -9.443032264709473 785.0313720703125 0.6827948099067271 0.6711247124430406 0.6657271232836144
v -225.0850067138672 -14.796040534973145 -358.8686828613281 0.5612710899579187 0.5427393253085844 0.5230877898021976
v 2577.00537109375 -41.22978591918945 990.5479736328125 0.6800978410147605 0.732598490471362 0.8205828782798613
v -181.5587158203125 -45.66524124145508 1995.0970458984375 0.5666843084272114 0.5861071625471482 0.6267311557191233
v 1720.92578125 -15.444967269897461 2442.099853515625 0.5375843663156337 0.4069231409139374 0.44022055838868723
v -1610.4342041015625 41.18650436401367 1605.8402099609375 0.6454816020277337 0.6767110486071992 0.7355882407980084
v -793.5267944335938 -45.8316535949707 672.0913696289062 0.6806291622297133 0.5184274271296808 0.559762575772226
v -2589.82470703125 -1.2196276187896729 -943.2818603515625 0.7406951676465154 0.7973080841551422 0.8922687274347274
v -452.8655090332031 4.373126029968262 775.3541259765625 0.7617648529205451 0.7502418388029889 0.7465984009510627
v -222.53622436523438 -55.55556106567383 -370.4232177734375 0.5809208780344435 0.5619708447341953 0.541998906821163
v 1411.93115234375 -25.976953506469727 -1724.044677734375 0.46759898466309874 0.4896799341745172 0.5319243423693759
v -231.37196350097656 45.23441696166992 -300.748779296875 0.5252743201327346 0.5070127349783548 0.48706328259471815
v -26.96160888671875 -9.307806968688965 641.1475830078125 0.795731350597749 0.7762081901526586 0.7596758203132514
v -1705.2940673828125 36.15166473388672 -2459.344970703125 0.587205475650777 0.6422645438361754 0.7307244586591217
v -580.999267578125 15.46861457824707 772.193359375 0.7471151474557687 0.7377671404976253 0.7374504989527523
v 971.7924194335938 7.414429664611816 -501.595703125 0.5695599896911284 0.5651995795747073 0.5697247238772641
v -671.906005859375 -41.04707336425781 692.6838989257812 0.5411726180551477 0.5341959906596252 0.5339132831108602
v -1684.2332763671875 -9.294076919555664 1529.586181640625 0.4580740014127827 0.4809716972709693 0.5241290277361531
v 2511.070556640625 36.1796989440918 1328.39990234375 0.5607745245038406 0.6077178245577242 0.685201793774604
v 116.07991790771484 10.751398086547852 1923.8917236328125 0.7512337870434186 0.7735527381133049 0.8221117986442131
v 2171.741455078125 6.232665538787842 -1072.0166015625 0.4672234197325232 0.4945414546774078 0.5439302741871683
v 220.87075805664062 -46.38154983520508 -744.9859619140625 0.5119496365076283 0.5015485092655796 0.4949871645201562
v 1991.1861572265625 -14.717443466186523 -1283.68408203125 0.47872518628188615 0.5051488775487764 0.5536023086885935
v 259.7458801269531 -8.4269437789917 -777.6177368164062 0.8088630350637345 0.7942993704142466 0.7864692226561609
v -988.8628540039062 8.261312484741211 -1389.62646484375 0.6117126292176264 0.6235158870153334 0.653909369264505
v -130.2628936767578 61.815189361572266 1971.1103515625 0.672673660347078 0.6944489673214552 0.7406253186562156
v -776.005126953125 5.096381664276123 -1604.8199462890625 0.753449186840799 0.7705082368786434 0.8114343475053772
v -1401.7503662109375 22.039514541625977 1714.4686279296875 0.5192500612816029 0.5431121561692821 0.5889756094384615
v -1356.1539306640625 9.52391529083252 -717.1613159179688 0.6210151900546274 0.6280384925261799 0.651399658448641
v -2263.031005859375 -40.23910903930664 -1686.149658203125 0.4678543029479309 0.5071204624129345 0.5721586014914272
v 370.8381042480469 -33.01403045654297 -1994.6846923828125 0.47858090630371825 0.4958985602122606 0.5316892280643577
v -2585.009033203125 -52.02085876464844 -17.878469467163086 0.44566287466550064 0.47633337773446377 0.5296486546752819
v 2156.59033203125 -49.56869125366211 -1115.46728515625 0.5808483804211483 0.6143171116039149 0.6747305494707949
v 1095.3837890625 67.65794372558594 -355.30181884765625 0.574001540352836 0.5709794497228392 0.5777477315492136
v -811.9016723632812 77.1069564819336 -1584.5849609375 0.6009802820460668 0.6147602998196288 0.6478768283977385
v -291.8583679199219 -6.716312408447266 1951.9923095703125 0.480564555529219 0.49654782610231823 0.5304713105505522
v 2215.995361328125 -1.2266331911087036 -959.3694458007812 0.49808249622648065 0.5268030170681063 0.5788248517062061
v -2458.269287109375 32.076873779296875 526.5052490234375 0.8030719055754589 0.8522461227213822 0.9391359796229072
v -973.6709594726562 0.3248891234397888 504.8080139160156 0.7521189787596261 0.7465787329067473 0.7525800155054669
v 989.9041748046875 -34.12428665161133 -515.0542602539062 0.5013894257182805 0.49796839567598633 0.5027497169378118
v -1373.4547119140625 -19.325803756713867 -314.7474670410156 0.529467562083286 0.5325408890602499 0.5481225487006741
v -2581.158447265625 -42.07525634765625 -803.7755126953125 0.7576592362771812 0.8129516432009575 0.906679552133666
v 1480.96142578125 23.0893611907959 -1720.5306396484375 0.8539347518351253 0.8942657427326629 0.9703998063828806
v 843.2037353515625 30.404497146606445 1589.5474853515625 0.6327686258512688 0.6477959754553504 0.6833708955561865
v 2689.766845703125 23.080543518066406 174.4093780517578 0.734235094573081 0.78756596864053 0.8781161150773421
v 1199.620361328125 -6.842340469360352 -226.63844299316406 0.6576180026593348 0.6560780037421216 0.6667613507345878
v -1165.19775390625 -11.4555025100708 -1122.731689453125 0.7086737051070265 0.7193122343588776 0.7498059475617974
v -228.1575164794922 116.554443359375 -218.57757568359375 0.5966377568500308 0.5748348063073042 0.5501091626827663
v 905.08056640625 22.314651489257812 -1946.7857666015625 0.7086819432428902 0.737840625439486 0.7952430578594056
v 635.822509765625 -19.856306076049805 -699.5672607421875 0.666814953300959 0.6578556986494568 0.656667175211284
v 2623.620849609375 49.65700149536133 536.6915283203125 0.5713769410404725 0.6130680128537428 0.684109695842671
v 1354.136474609375 -25.471786499023438 591.1565551757812 0.8921777820515799 0.8998007364134486 0.9291352573592492
v 2191.5615234375 15.722821235656738 1988.056884765625 0.4652840177014836 0.5087695066045433 0.5790421864070379
v 1070.55419921875 30.082435607910156 -449.2274475097656 0.8082937680569124 0.8044540776626915 0.8142385220104825
v 1975.9656982421875 -11.356971740722656 2205.126708984375 0.4331886204601395 0.4740528171232173 0.5400668416708274
v 1234.265625 16.14284324645996 -62.55990982055664 0.5339156685607775 0.53298382485658 0.5423551303523367
v 1542.307861328125 15.95091724395752 -1654.6785888671875 0.6422272070201697 0.6728752065663108 0.7308779552579772
v 1304.574951171875 59.38744354248047 95.81333923339844 0.5275747755667528 0.5282937813182726 0.5401599658083822
v 518.2574462890625 -6.524839878082275 -2018.0760498046875 0.8471877901417982 0.8788412125142693 0.942723205980258
v 1065.1746826171875 -16.274921417236328 1222.4471435546875 0.4823169821322851 0.4898783355619755 0.5114483943189723
v -628.8162231445312 -50.12190628051758 691.9531860351562 0.7318995169714808 0.7218399116505818 0.720060033121434
v -798.3268432617188 19.437828063964844 1969.7554931640625 0.498805779294563 0.519365177025199 0.5601702219834644
v -100.02937316894531 63.644588470458984 734.2227783203125 0.525395902175469 0.5140284702265326 0.5060908163957143
v 393.1852111816406 -22.567798614501953 1788.2830810546875 0.6128219901223443 0.6283637511668996 0.6643016307446322
v -256.52764892578125 -23.260051727294922 -1896.2972412109375 0.47553018922769236 0.48987749306154044 0.5213402684776319
v -2229.50634765625 13.605229377746582 -1781.62109375 0.6028102446539882 0.6534858136529591 0.7369277193506766
v -1356.0963134765625 -1.297584891319275 -683.7320556640625 0.6597083632679854 0.666675820255085 0.6906746994592415
v -2591.852294921875 -44.627418518066406 -903.8348999023438 0.7430481756034162 0.7992926227204512 0.893845577035124
v 2618.601318359375 42.472415924072266 282.5935974121094 0.6693356890840627 0.7157084821170112 0.7954656600455781
v -277.70440673828125 -32.037559509277344 1994.3587646484375 0.7472907781886564 0.772746618207057 0.8257300725649165
v 2486.44677734375 -15.366510391235352 -481.16900634765625 0.6511557427629087 0.69234693419515 0.764813476849221
v -412.9945983886719 -2.223790407180786 1992.5057373046875 0.7392174862180211 0.7652215102701336 0.8188183744729831
v -1312.278564453125 29.807573318481445 -633.931640625 0.49868658927491255 0.5026849109280528 0.5191277432218275
v 921.2915649414062 -25.42009162902832 -525.2599487304688 0.8685364410519241 0.8609532629159005 0.865799867437417
v 2252.70849609375 17.557031631469727 1829.0604248046875 0.5110278709663343 0.5563038765712223 0.6302109139559737
v -2539.759033203125 -40.85625457763672 358.5066833496094 0.5733454015016439 0.6111284874187858 0.6771059297761306
v 2139.175537109375 26.152677536010742 1997.4481201171875 0.5008978662188985 0.5462316991551799 0.6199051295717662
v 797.52783203125 28.816389083862305 1582.3546142578125 0.5565946728417516 0.5692110282360784 0.5997455020619034
v 532.319091796875 19.322301864624023 -1969.1103515625 0.6163572131388015 0.6384970890620114 0.6840283432188263
v -2640.230224609375 56.03032684326172 -462.4927978515625 0.4611229246511526 0.4955497299740928 0.5541830242920066
v -1325.9295654296875 3.783646583557129 -739.4884033203125 0.8531386105349988 0.861972459225306 0.8924369365601377
v -219.776123046875 -91.2600326538086 -434.5610656738281 0.6410910963318368 0.6215739982828898 0.6018775656324247
v -125.31198120117188 61.735809326171875 734.7216796875 0.7063049218012253 0.6915071669232421 0.6812873081770967
v -2562.326171875 0.6204077005386353 258.8056640625 0.4741702949337648 0.5062987035220172 0.5622698686408792
v -1315.864501953125 9.38424301147461 -237.65188598632812 0.5486242114728823 0.5500620023980077 0.5634454021400355
v 1073.7884521484375 23.475830078125 -444.2837219238281 0.7790734690428802 0.7753980214286617 0.7849063892850022
v 2516.013916015625 -24.133384704589844 -464.6989440917969 0.7309217782838501 0.7779006625897794 0.8600548976197074
v 916.837158203125 12.749841690063477 -559.809814453125 0.5247149826655367 0.5202497887174617 0.5237717243826616
v 1305.749755859375 52.46221160888672 -1770.409912109375 0.6889687855131752 0.7193335453919107 0.7779882054147459
v 81.20414733886719 -107.44290161132812 -670.479248046875 0.8205251202326598 0.8014236774316102 0.7861128626301325
v 1404.9586181640625 -39.40669631958008 -1772.3153076171875 0.5444597200154874 0.5707989296233467 0.6206528204461739
v -205.482666015625 65.65242767333984 -387.4925842285156 0.9655161586122721 0.9353164366362123 0.9036396898591266
v -913.70166015625 -15.326383590698242 530.2539672851562 0.5068328664926334 0.5021347144969595 0.5049447810736811
v 1366.9696044921875 9.252484321594238 594.4420166015625 0.5164236732426309 0.5213301284115265 0.5395000352787541
v 2335.03369140625 -36.78648376464844 1635.4002685546875 0.6989808802641387 0.7569198561317352 0.8523769226912169
v 1256.5421142578125 32.24064636230469 -85.60211944580078 0.5044646109951922 0.5040911019725994 0.5138060177481695
v 782.70849609375 64.5866470336914 -1971.2554931640625 0.9521663040366332 0.7300922798893084 0.7866851588163672
v 951.1885375976562 10.975791931152344 -581.4893188476562 0.9165911099400109 0.9105795758888754 0.9188681669203238
v 2421.521484375 48.35761260986328 -690.8564453125 0.4811510702196125 0.51199845009876 0.5664518291944737
v 127.06377410888672 63.29913330078125 -735.448974609375 0.8852847752906589 0.8670408339729829 0.8544738187805135
v -1107.7919921875 -55.08390426635742 -1174.2236328125 0.5034616489979676 0.5111515499680538 0.5333154718572564
v 1365.3509521484375 2.438183546066284 459.6081237792969 0.5946764093796105 0.598924177584354 0.6175325444690279
v -1333.0694580078125 -48.788421630859375 -636.8220825195312 0.7262316998365447 0.7325133116966076 0.7566994466126856
v -991.2725219726562 -14.764966011047363 1885.545654296875 0.46571136185879763 0.48516610534017096 0.523706804248529
v -493.7406005859375 -38.240169525146484 -1788.4129638671875 0.7373448472000576 0.7566575029748308 0.8005727234366574
v -976.05224609375 31.975059509277344 1915.978515625 0.8104899145193957 0.843679988387603 0.9089369076797729
v 1316.6246337890625 -10.077608108520508 -1784.160888671875 0.48316533439228765 0.5056039402235146 0.5486907638021817
v 160.26333618164062 -40.88713836669922 -733.6708374023438 0.9072108550679768 0.8886942575927996 0.876093792618147
v -322.5048828125 -22.13157081604004 -1874.861572265625 0.8600102875184337 0.8842837458716525 0.937864770221771
v -2633.720947265625 47.07438659667969 -804.3442993164062 0.5355323358990742 0.5774621751592887 0.6478277398380934
v -1099.1942138671875 12.739771842956543 -1218.36279296875 0.6195795365144969 0.629635720978415 0.6575640870774323
v -191.0186309814453 185.63775634765625 -451.1152648925781 0.7825825634612182 0.7591772066043206 0.7356160621143668
v -167.70431518554688 -25.520702362060547 -1907.1263427734375 0.6698519197633555 0.6894850123457207 0.7325163103347648
v 1302.104736328125 -26.60413360595703 770.5079345703125 0.8869452644319291 0.8959045369334692 0.92719185759845
v -895.883544921875 5.675463676452637 -1489.6666259765625 0.7687118762232122 0.784477306420956 0.823786521057695
v -1642.6534423828125 -3.129002809524536 1629.6207275390625 0.5632204073032948 0.5920436285208779 0.6457370453751696
v -1037.2264404296875 -11.253527641296387 -1320.52099609375 0.4893812738562722 0.49839421166497117 0.5222784570315533
v 264.4840087890625 -0.6532739996910095 1858.7591552734375 0.5767276711199768 0.592763845999555 0.6287073082932673
v 2524.117431640625 18.961374282836914 -272.1186218261719 0.4588710567283713 0.48902151218521767 0.5419882079579892
v -184.65966796875 18.5794677734375 -482.1893615722656 0.565486952654304 0.5486803164818153 0.5321605449229322
v 2671.65380859375 -13.702611923217773 555.1363525390625 0.6336214252589504 0.6814955725483292 0.7622361967957921
v -1727.77294921875 -54.87956619262695 1524.1929931640625 0.4822197685151108 0.5069920434464091 0.5532746458900843
v 1072.226806640625 -6.912220478057861 -1893.714599609375 0.4617793616023575 0.4822611841899959 0.5221541103965348
v 591.1808471679688 9.090861320495605 -735.1497802734375 0.5074173975256485 0.5003967230601317 0.49940467413729567
v -852.35693359375 30.94784164428711 -1503.2374267578125 0.5929249692453427 0.6050343237694736 0.6355217420087124
v -2408.74609375 7.604519844055176 677.0001220703125 0.4531585145229114 0.4819466636121645 0.5329601544019118
v -468.1224670410156 -22.297138214111328 758.8078002929688 0.9164211689607037 0.9024976246815541 0.8978001883372755
v 242.01483154296875 -17.35015869140625 -764.9307861328125 0.6610984873018668 0.6485881662303193 0.6413600230432541
v 256.0040588378906 -23.893590927124023 -1982.3306884765625 0.6455213921905046 0.6672565110760824 0.7128164396358847
v -1210.187744140625 -24.936182022094727 1854.5767822265625 0.5178298586493288 0.541631008393368 0.5873783149131013
v -774.4468383789062 29.15482521057129 -1583.3387451171875 0.7916392493527417 0.8087516920364588 0.8505001241256918
v -2626.182861328125 7.686076641082764 -49.62143325805664 0.44966208777013733 0.4817652334946237 0.5370647624651465
v -1270.2578125 -15.100427627563477 55.02690887451172 0.88313902727384 0.8829506865884458 0.8999347090519492
v -187.01080322265625 20.58510971069336 -504.9617614746094 0.574926747837422 0.558319247216417 0.5423441208805541
v -969.4131469726562 34.95783233642578 526.2081909179688 0.6166322414528244 0.6121792680162739 0.6174278823799886
v 1354.16748046875 -15.838388442993164 107.28465270996094 0.7649120438541915 0.767557753039557 0.7868212026286899
v 236.54110717773438 47.6968879699707 260.29229736328125 0.9730019263246813 0.9397536767737812 0.902808315278521
v 351.1394348144531 45.13094711303711 1845.525634765625 0.7867002563457638 0.8081108710743594 0.8560656597838283
v 1853.1790771484375 -24.03696632385254 2300.584716796875 0.874636767707759 0.6696575291778487 0.7218940007680815
v -53.25291061401367 136.9852752685547 -571.32763671875 0.8530476586171509 0.830160735021315 0.8089680853573509
v 2625.6875 -14.969222068786621 99.26543426513672 0.7321649860681212 0.7822799075737261 0.868588808755848
v -2273.863525390625 -14.215561866760254 -1772.024658203125 0.6590513422475986 0.7153283311185926 0.8075067624308948
v 1659.409912109375 -0.4840977191925049 2488.1318359375 0.6105079957041945 0.6674796078294333 0.7590435027576258
v -1961.7479248046875 46.636619567871094 1325.8175048828125 0.8225640685283048 0.8659478827856861 0.9455312046693466
v 1108.3089599609375 52.55223846435547 -1834.4586181640625 0.7134605169069307 0.7426642072050704 0.8002332823570548
v -649.5513305664062 -17.201353073120117 1952.8948974609375 0.4732331226863817 0.49111665637230767 0.5275997607176067
v -582.2139892578125 -60.61882019042969 701.0738525390625 0.5277567522707212 0.5198129939294778 0.517675545945877
v -2650.880859375 53.77925109863281 -122.64804077148438 0.4428143079322898 0.4752526254836939 0.5308081149400915
v 2511.931884765625 -15.12969970703125 -263.4678039550781 0.6775994069792817 0.7200551310269194 0.7948665533032805
v -192.79293823242188 236.95578002929688 -466.1498718261719 0.7094030599895791 0.6884029780870355 0.6675335141587315
v -1252.65576171875 70.71661376953125 -1041.98291015625 0.4989730208228372 0.5069573178746651 0.5294801554700694
v 365.3657531738281 -19.443086624145508 -755.75634765625 0.9127427604372653 0.8970910537165334 0.8894337413324729
v 2615.111328125 -22.010101318359375 330.7513122558594 0.7422618689206885 0.79340089055218 0.8813152591157606
v -1352.367919921875 -21.677326202392578 1829.1915283203125 0.833238720698197 0.8728650707161244 0.9475597455991424
v -447.6471862792969 -29.12320327758789 -1793.3692626953125 0.49443033998776714 0.5076494747004524 0.5378490815493373
v -1957.58837890625 13.691492080688477 -2147.070068359375 0.4328072670457176 0.47194101100348723 0.5357786027247335
v 225.2060546875 0.6926663517951965 432.9241027832031 0.5361171804148352 0.5195628594794205 0.5028710979052692
v -613.5964965820312 -13.20015811920166 1983.7254638671875 0.5477496613108024 0.5686899856938236 0.6110762640610441
v -1265.7611083984375 39.32833480834961 52.39863967895508 0.5574815539542686 0.5572487417887508 0.5681631859540522
v -2461.8623046875 -30.9386043548584 558.7949829101562 0.6436546575482514 0.6840958756209543 0.7553780691168246
v -1249.560302734375 10.465499877929688 -942.5570678710938 0.6978636413535354 0.7066653052379767 0.7341744164331273
v -93.80254364013672 122.32219696044922 -624.2717895507812 0.6564046777303664 0.6398306745431656 0.6255777463289728
v 2366.8427734375 -7.542420387268066 -781.75732421875 0.6731575218781657 0.7140316257522269 0.7866275330938587
v -603.8565673828125 -36.09078598022461 2008.7249755859375 0.810465680199663 0.8414175915357841 0.9035280771833946
v 1779.9183349609375 50.749263763427734 2375.0546875 0.4606125666243504 0.5040041211255611 0.574015132731623
v 1350.2188720703125 -3.9286773204803467 304.52850341796875 0.8649822352837273 0.8688970594768578 0.8919883265632735
v -326.8165283203125 -28.44780921936035 -1871.835693359375 0.854526614053712 0.8785605900681428 0.9316841751073012
v -2457.578125 5.621614456176758 -1330.764892578125 0.5133285584043493 0.5550707548327305 0.6245690097762564
v -176.05213928222656 -91.99665069580078 709.9684448242188 0.5290019240936362 0.5173732836380931 0.5090620480538793
v 753.2008056640625 -19.525426864624023 -648.1548461914062 0.5044775535570118 0.4985120031197153 0.4992043366095274
v -1109.3341064453125 14.737791061401367 360.6577453613281 0.5156058731886424 0.5131870976261218 0.5198455183017001
v -2595.306396484375 -7.762233257293701 76.7818832397461 0.4875243473866144 0.5211067850972533 0.5793368690107271
v -1192.061279296875 8.97395133972168 -1099.75927734375 0.8763222652716175 0.8894467128638878 0.926861523343594
v 835.8321533203125 26.7055721282959 -643.8928833007812 0.8309562522064164 0.823504195678197 0.8278645234041639
v 1817.81201171875 66.15093994140625 -1481.26025390625 0.7296556457968858 0.7675059275300872 0.837384714409938
v -1841.2685546875 -7.657463550567627 1406.9171142578125 0.4826619338449382 0.5078238314499747 0.5546499133395039
v 1374.7821044921875 53.184356689453125 -1729.2991943359375 0.8472070017412758 0.8844527887812136 0.9561702288644315
v -120.48274993896484 55.121891021728516 1952.4180908203125 0.8400110939553662 0.8659852458492672 0.9216182159347958
v -260.2348937988281 18.12966537475586 774.0829467773438 0.5104138957267583 0.5008186358094471 0.4955875671510919
v 53.28077697753906 -116.99823760986328 -678.7994384765625 0.7818597005413639 0.7637574744565063 0.7493897577352655
v -480.8731689453125 -11.65223217010498 -1760.4140625 0.5123785697748734 0.5254269612055608 0.555731333643076
v -93.45626068115234 15.244660377502441 1979.7525634765625 0.46965627788528 0.4855179536437472 0.5190431216189766
v 2296.732421875 -35.297115325927734 1769 0.47298639377991286 0.5151299649879405 0.5839573481427693
v -33.731014251708984 22.855722427368164 -622.014892578125 0.596731232377986 0.5813658833268261 0.5679949154170335
v 2229.598388671875 -9.895562171936035 1786.478759765625 0.4368284263830051 0.474810934797354 0.5373168692849538
v -191.3954620361328 -2.5465030670166016 2017.876953125 0.7085063616352675 0.7332160748888712 0.7843291822647135
v -1390.4051513671875 -12.840182304382324 -505.8457336425781 0.9044720312364742 0.9122733452614337 0.9421107201217931
v -200.470703125 -35.28521728515625 -404.01318359375 0.792877842685773 0.7681237493367699 0.7424016999327911
v -1229.6871337890625 8.738057136535645 -954.9931640625 0.5162521919362885 0.5227333893206583 0.5433065941432749
v -1777.1485595703125 -46.94939041137695 1508.9525146484375 0.5196526794877121 0.546966478676421 0.5975890447519918
v 23.01881980895996 -90.04936218261719 671.45654296875 0.6595374283766384 0.6438632360711276 0.6312218408125465
v -2034.39013671875 52.033172607421875 1218.52001953125 0.689611195577201 0.7265653299411245 0.7942857750780612
v 298.1309509277344 23.861427307128906 -2003.0665283203125 0.6326822221832618 0.6548789450502764 0.7008318007132329
v -2635.602783203125 36.60026168823242 -349.90771484375 0.45161097773345954 0.48476847554188923 0.5414958279766894
v 847.2391357421875 27.9106502532959 -1967.267333984375 0.5227099354571192 0.5446271668010019 0.5878537199851647
v -202.31175231933594 -12.164435386657715 -335.0572204589844 0.5336366718069341 0.5153340446428015 0.49549329306507656
v 2236.9619140625 -9.677168846130371 -970.0698852539062 0.695613964764723 0.7355365970341505 0.8074097665553274
v 1399.60986328125 -23.05008888244629 399.71917724609375 0.866009646365295 0.872592518130579 0.8998388792685784
v -603.5155639648438 -62.54417037963867 742.5154418945312 0.6187834018690053 0.6106996821761451 0.6100519616056432
v -2540.703369140625 15.836967468261719 -1043.4298095703125 0.49781481270881117 0.5368312223023362 0.6024000646485361
v 2556.020263671875 -5.13564395904541 1177.9468994140625 0.441416446740596 0.47846459896294696 0.539918250510248
v -2646.8642578125 -74.16081237792969 -619.286865234375 0.4478090648219963 0.4824589001204846 0.5410179437728706
v 2636.45361328125 8.58675479888916 117.346435546875 0.7591571341570195 0.8115250532328552 0.9014920660793735
v -237.37655639648438 62.4412727355957 -156.19573974609375 0.6212634717289056 0.5979701246620421 0.5711075981528736
v 1817.5306396484375 5.563427448272705 2329.1435546875 0.4307246059871369 0.4711811901891007 0.5366110238873021
v 1293.1220703125 -34.496925354003906 873.7636108398438 0.4862047806075184 0.49242874391468844 0.5120471015817706
v -1154.2962646484375 -65.0736312866211 313.8232116699219 0.7242603338276337 0.7218393486134531 0.7323457965838404
v -763.52734375 -17.553802490234375 1987.8011474609375 0.4775659338001685 0.49744163676376524 0.536828926860876
v 198.49746704101562 -55.057411193847656 446.38641357421875 0.5221799123591581 0.5060258682030283 0.4897451813402101
v 776.9959106445312 -10.824581146240234 1634.7484130859375 0.507197551002765 0.5197498690627591 0.549224471117772
v 2635.833984375 -16.79367446899414 -86.2469482421875 0.5446755043757021 0.5831852049193996 0.649369838798721
v 1383.616943359375 14.847065925598145 265.6343994140625 0.4906016677056461 0.4934668326939789 0.5080064286152012
v -1333.7203369140625 19.302165985107422 -761.1991577148438 0.5092077907720813 0.5151059944960336 0.5346591067619036
v 1306.20361328125 40.899139404296875 -44.724002838134766 0.7845380970970638 0.7855372475571716 0.8025791599035459
v -186.43637084960938 -94.7280044555664 -1906.5753173828125 0.4929803706207257 0.5078527520089198 0.5404273397529543
v -2250.214111328125 -16.480335235595703 1024.9892578125 0.6107836673306759 0.6474329599318983 0.7128439921817468
v 248.8401641845703 -2.7630460262298584 -1963.9085693359375 0.6535393636282582 0.6748820419915524 0.7200449837550817
v -2409.2705078125 -6.450719356536865 675.545654296875 0.6617206288300742 0.7023286270072866 0.7742853167305235
v -1246.9813232421875 -1.5824419260025024 -904.1060180664062 0.8834086903569716 0.8933987817380872 0.926194761473069
v -769.3772583007812 21.45113182067871 2001.1259765625 0.8646591587399287 0.8996390725920087 0.9685775225176597
v 198.6730194091797 69.3900146484375 228.72865295410156 0.6629260019713047 0.6386154025264268 0.610852441747412
v 143.54966735839844 16.47522735595703 -744.7285766601562 0.8285293101686299 0.8117536224085692 0.8005684020984702
v 2234.764404296875 47.3323860168457 -970.5028686523438 0.7536634619787798 0.7965934690012167 0.8739172781261975
v 735.6466064453125 2.279278516769409 -657.0951538085938 0.5289993605828811 0.5226171875571236 0.5230848093361309
v 217.3392333984375 153.05902099609375 256.53424072265625 0.8561681248819892 0.8262569061746616 0.7927182101654825
v -499.47857666015625 46.668312072753906 2032.62939453125 0.7535496607887061 0.7822919660543342 0.8400722114344928
v -325.9120178222656 -16.559938430786133 -1856.2847900390625 0.521089702081267 0.5359033338907901 0.5689571558770057
v -2291.157958984375 -33.5935173034668 854.77880859375 0.47377726799956227 0.5021052173584291 0.55301112475097
v -506.758544921875 -38.990806579589844 -1761.483154296875 0.4844806588682959 0.49708265589722406 0.5261829406508793
v -209.7241668701172 -103.21443176269531 -208.29641723632812 0.5403794524793444 0.5200824760745583 0.49681296219024035
v 1737.0828857421875 -10.088815689086914 2415.557373046875 0.6098269811403889 0.6660846545199833 0.7567406308752299
v -187.5200958251953 -164.09353637695312 -161.6830291748047 0.7945363701677662 0.7643197955057096 0.7288434133062721
v -380.19989013671875 -31.417142868041992 -1871.9844970703125 0.4722056217263802 0.4863810808713735 0.5175280495044657
v -1292.12890625 20.464296340942383 1771.6431884765625 0.5037528890152947 0.5263606696742172 0.5701381333635587
v -773.3020629882812 3.1312620639801025 654.82958984375 0.5038892384853187 0.4983300322292669 0.4996781803554156
v -2657.102783203125 -14.664144515991211 -361.4359436035156 0.472326460484015 0.507535427652731 0.5674867054419708
v -836.5103149414062 -4.804064750671387 -1535.1329345703125 0.5643227804392678 0.5764478115401523 0.6064056744582568
v 1348.4281005859375 51.74847412109375 267.0059814453125 0.5435044491113324 0.5458228804783014 0.5604890803174993
v 1708.670654296875 13.904942512512207 -1604.7646484375 0.8834228281571197 0.676506321298716 0.7292364909591705
v -2655.465576171875 -59.76015853881836 -518.6229858398438 0.6180468365400116 0.6639275948564364 0.7416664078262941
v 2194.594970703125 18.009906768798828 -1036.0140380859375 0.6337848685452991 0.6699975983692968 0.7353835609135742
v -217.96949768066406 51.87931442260742 -347.6501770019531 0.8694618751831263 0.8412719387859248 0.811099090353808
v -1295.6536865234375 34.17780685424805 4.515578746795654 0.8771209595232798 0.8778162925705292 0.8960852670509429
v 1186.658203125 33.286415100097656 1100.050537109375 0.8076532000476229 0.8196712571868311 0.8541182016268919
v 2164.3212890625 57.38803482055664 2027.41357421875 0.4422387480773762 0.4840078770578576 0.5514292452695718
v 993.1251220703125 20.2860050201416 -519.6087036132812 0.9100777300290561 0.9043235307189825 0.9129072213702467
v 153.74583435058594 -57.710540771484375 524.0697021484375 0.962917440935139 0.9363366191429376 0.9109686007488228
v 1344.9698486328125 30.907196044921875 130.01211547851562 0.5376966570356778 0.5394399348861583 0.5531003522916551
v 189.13507080078125 -35.962345123291016 147.08340454101562 0.550101516960709 0.528430846515537 0.5028925631260482
v -254.87124633789062 9.052651405334473 2016.773193359375 0.5430732405540039 0.562596803159083 0.6028739968258979
v 2590.5439453125 -35.58802032470703 34.14580535888672 0.48818851312747574 0.5216383115005353 0.5797113103008753
v 1345.9906005859375 -58.531951904296875 689.4036865234375 0.7046438613591548 0.711846374215109 0.737043508152118
v 1965.2474365234375 20.17256736755371 -1337.0015869140625 0.5263990635156329 0.5554226019027217 0.6085291446190706
v -209.97669982910156 -74.3185043334961 -302.008544921875 0.553107321978658 0.5337472610864988 0.512443282649804
v 1636.0712890625 4.836450576782227 -1595.343017578125 0.5849194276734473 0.6138060154427913 0.6680838955642442
v 1022.057861328125 0.6700790524482727 -419.7854309082031 0.9159360833284635 0.7018505915121777 0.7564077071782122
v -232.76910400390625 -2.289919137954712 727.3789672851562 0.7926964647176507 0.7767551816581144 0.7662848121008878
v 1016.5673828125 -11.306917190551758 1313.03466796875 0.8712784959858472 0.8858691766461192 0.9253929205056707
v -112.43191528320312 25.253089904785156 -1931.492431640625 0.4959338263732284 0.5113738202619886 0.544828513319203
v 1253.4066162109375 -5.383349895477295 890.993896484375 0.5399972407603427 0.40880398912181865 0.44223700179915965
v 2679.02490234375 -60.271480560302734 340.0559997558594 0.5320338059278106 0.5718759360161274 0.6394532994809625
v -2639.126220703125 22.93097686767578 -185.51312255859375 0.5914694020803307 0.6332946615004721 0.705049200258918
v 90.68536376953125 -3.0580670833587646 -1978.187744140625 0.5725876330537426 0.5915111923380596 0.6315419301624986
v 1332.49267578125 -6.797329425811768 123.37240600585938 0.613863965991754 0.4663835364202467 0.5039671429482996
v 1962.022216796875 35.521846771240234 2239.4208984375 0.6148152642646254 0.6715823279681414 0.763026998294428
v 795.3798217773438 -35.00434875488281 1625.8492431640625 0.8861798319476927 0.9071924948635526 0.9565343199690289
v 2575.160888671875 47.27389907836914 906.2877197265625 0.49294872252529504 0.5310838223830243 0.595383162815652
v -233.77493286132812 -2.616718053817749 -330.8346252441406 0.9445481310745404 0.9139024644869093 0.8809835357581032
v 2146.053955078125 -7.200546741485596 2001.0333251953125 0.44835758546421073 0.48964302534710696 0.5566489700967836
v -1914.2864990234375 78.91956329345703 -2291.628662109375 0.4389160960614065 0.48104820259791387 0.5488172564717545
v -1062.5560302734375 66.93064880371094 -1250.41943359375 0.6708892523447665 0.6817097539453273 0.7117615138657123
v -640.3748168945312 59.17195129394531 2009.1961669921875 0.7015405420707468 0.7290116792341894 0.7838898267175559
v 199.0730743408203 -31.568506240844727 463.28851318359375 0.5865937430430015 0.5689634142628576 0.5514396832311731
v 973.3573608398438 49.74382019042969 -490.8971252441406 0.5662100711535748 0.5617927328098475 0.5661633758386101
v -281.1240234375 -11.107985496520996 741.572265625 0.831835606964302 0.8160581665677107 0.8066268134062963
v 959.7847900390625 60.942996978759766 -525.5597534179688 0.723021332661638 0.5514723891114532 0.5951895616599617
v 53.48075485229492 -28.208831787109375 -1970.0455322265625 0.8438438828205127 0.8705455608046029 0.9273028224158101
v -2350.139892578125 -56.51539993286133 -1671.8062744140625 0.7272536992210338 0.7889694161540349 0.8900321912080426
v -1398.16015625 7.472229480743408 -415.41864013671875 0.4881792217240886 0.49212817486866495 0.5082998403481236
v 408.1712951660156 22.663482666015625 -746.2350463867188 0.5094263060741984 0.5005182295092637 0.4964220875163961
v 462.5447692871094 -44.90404510498047 -2001.9525146484375 0.8610962777642444 0.8919615967874273 0.9550209345722943
v 310.1201477050781 -72.18751525878906 -789.35888671875 0.7967056293308294 0.7831893688231879 0.7768840767586346
v 1964.5513916015625 58.18629455566406 2213.53564453125 0.6732709333622756 0.7341703841048618 0.8325728608158737
v 402.8512268066406 -3.757941722869873 1823.051513671875 0.6650825201586666 0.6830179050032407 0.72348808604764
v -825.1521606445312 17.994348526000977 -1561.251220703125 0.48168495654323634 0.49261113658607764 0.5191916239585029
v -2110.56591796875 -5.149091720581055 1118.4959716796875 0.6987675394104275 0.7368619855461499 0.8063448302032475
v 1615.84912109375 31.727617263793945 -1655.158203125 0.6065758127101434 0.637394803380745 0.6948186630990331
v -915.136962890625 78.23218536376953 1935.4410400390625 0.700603325187369 0.7292299624302687 0.7857118262865365
v 1796.902587890625 -24.28592300415039 -1498.6280517578125 0.7010832168414417 0.7373543140259928 0.8044148017845287
v -2514.3935546875 0.00001232139766216278 370.0563659667969 0.7968784614319395 0.8469901285604443 0.9349677807752002
v -1359.1070556640625 7.838261604309082 -414.28326416015625 0.7912116923650513 0.7960646720098823 0.8192500232911013
v -535.6765747070312 29.852277755737305 1965.4161376953125 0.475926231733851 0.493366792170469 0.5292770426350655
v -745.5994873046875 2.9322195053100586 670.1829223632812 0.8051506411371804 0.796256156210709 0.7977755227767088
v -2002.433837890625 -36.80785369873047 -2140.12939453125 0.45983532779621056 0.5019530209360902 0.5703503069824678
v -1313.188720703125 -12.646990776062012 -0.4437152147293091 0.5146182777729522 0.5154356588229213 0.5272179304063838
v -134.27508544921875 47.772300720214844 -544.4535522460938 0.93323991943603 0.9079077628729989 0.8841054093742897
v -1352.611328125 7.855404376983643 -294.2232666015625 0.4951772693166086 0.4975208331319462 0.5113337893219658
v 1246.958740234375 1.485248327255249 -100.89474487304688 0.49981725454948206 0.49926545497805125 0.5086120719596556
v -552.9584350585938 53.198509216308594 -1721.468505859375 0.48116864299834944 0.4930938631495038 0.5211363501798599
v -2463.390625 -13.536231994628906 469.3568420410156 0.6251471819484765 0.6638888874824764 0.732447811138135
v 2646.004150390625 -62.16679000854492 220.22732543945312 0.45409804908258117 0.48731364775670477 0.5441831478371812
v 95.5920639038086 14.400364875793457 1950.658447265625 0.7324724536589166 0.7552104618435775 0.8039930474163564
v -46.52456283569336 137.90248107910156 678.4046630859375 0.5443894445325533 0.5314059597394173 0.5210844150649881
v -2315.045654296875 -37.152732849121094 811.5926513671875 0.7560779617066359 0.7998695242337395 0.8784090539690318
v 2582.1630859375 31.036026000976562 150.15052795410156 0.7045675218096195 0.7511605928510605 0.8321282203200979
v 890.4093627929688 -4.090429306030273 1481.3507080078125 0.5289127916200314 0.5398331676626092 0.5673195228248108
v 184.65550231933594 -16.52190589904785 -1972.5086669921875 0.6557444922209872 0.677204527028223 0.722581036702049
v -1603.999267578125 -18.40266990661621 1648.465087890625 0.4722691940424592 0.496475548781596 0.541754132219083
v 194.13922119140625 28.87355613708496 91.8314437866211 0.7012384785947283 0.6735825555346894 0.6406223070159552
v -1309.3565673828125 -60.519474029541016 1828.334716796875 0.7738534003862034 0.8097310781461672 0.877916487010114
v 2262.1123046875 -18.28679084777832 1867.1605224609375 0.8065318707580292 0.8771371629458359 0.9917504808814034
v -2282.381591796875 -4.442678451538086 -1764.75634765625 0.537402340964853 0.4067812406348688 0.44006844992121374
v -504.33685302734375 -14.829414367675781 -1796.2708740234375 0.6414760629479355 0.6587821254260716 0.6978653222071906
v -450.4126281738281 35.08391189575195 1975.6044921875 0.4761224286107569 0.49329531900678186 0.5288284993054843
v -1295.597900390625 -33.935035705566406 -66.0792465209961 0.7123555263959555 0.7129767482520626 0.7280933150168587
v -2355.806396484375 23.342737197875977 678.0806274414062 0.7050661804280062 0.7460323763437237 0.8195368285013063
v -952.3755493164062 -25.324798583984375 -1399.075927734375 0.6203301783924542 0.631900846471287 0.6621127413677749
v -1352.757568359375 89.57003784179688 1771.4012451171875 0.46570711954055116 0.4877195504148368 0.5298268559890084
v 2533.435791015625 28.02175521850586 1136.0103759765625 0.8893908172461876 0.68115840734834 0.7342239232051347
v -2546.436279296875 46.14845657348633 -1191.1351318359375 0.4365377637950735 0.47312857254923874 0.5338595550465011
v 248.37628173828125 -82.65227508544922 341.2672424316406 0.5269113155705866 0.5093843674946682 0.4907780924535779
v -280.1540222167969 -45.6792106628418 1958.556640625 0.8553668262018274 0.8827410652116525 0.940699943131663
v -429.1241149902344 -36.03464889526367 773.6067504882812 0.8377152381128699 0.8247002544722976 0.8200174158638349
v -1696.77294921875 -75.27799224853516 -2470.541259765625 0.48866903988651017 0.535432755479886 0.6105090694435744
v -80.74483489990234 -23.397035598754883 -1928.9039306640625 0.6334724534405686 0.6526336958994179 0.694247820852167
v 874.125732421875 66.58328247070312 -551.9378662109375 0.6076200299902722 0.6015266104393746 0.603939296574311
v -600.5335693359375 10.730594635009766 -1730.89990234375 0.6061531998852909 0.6215731930563008 0.6572011882882691
v -2629.322998046875 9.159109115600586 -572.456787109375 0.7474373778619202 0.8014504809006586 0.8932434365278604
v -561.2678833007812 -10.211153984069824 -1705.6395263671875 0.8825354273211689 0.9028633577571141 0.9511270036830156
v -2501.68115234375 3.391345262527466 379.3515319824219 0.7724827229608242 0.8206460386599215 0.9054238908428451
v 1980.0333251953125 -63.62982940673828 -1281.1927490234375 0.4770593177890807 0.5031006502970322 0.5509954634959219
v -2567.925537109375 16.677701950073242 172.07473754882812 0.5234372219695829 0.5585024383654283 0.6196128823765146
v 833.4454345703125 -25.712316513061523 -1933.5614013671875 0.7437468372165583 0.772624254655429 0.8303860802347609
v 951.9033203125 -0.5188316106796265 -532.5231323242188 0.9188298911412975 0.911926706234649 0.9188132437440304
v 2461.872314453125 -10.594291687011719 -582.2036743164062 0.6631930467288308 0.7049752608770613 0.7785296633432893
v -1888.939453125 -34.973228454589844 -2310.727294921875 0.6253145479208576 0.6832848726473248 0.7765523354322639
v -1149.255615234375 -11.713958740234375 344.7934875488281 0.5983285747356346 0.5963905412610827 0.6053456147535624
v 302.2000427246094 3.107361078262329 1885.2708740234375 0.4850676855148253 0.4995673919122448 0.5314429977017309
v -1364.8128662109375 52.3464469909668 -260.2304992675781 0.8728353083698133 0.87697969259752 0.9005735113858939
v -2010.5596923828125 1.6861822605133057 1251.31201171875 0.45914113585769695 0.48456933091827253 0.5312096858537273
v 1779.63232421875 33.94863510131836 2409.91748046875 0.45724568908198954 0.5012636279652224 0.5719474470990623
v 1068.39892578125 -3.8343794345855713 -456.7719421386719 0.6535732383243769 0.6504474293786737 0.6585196521395477
v -1267.2232666015625 -22.243242263793945 -741.3987426757812 0.8873193221234247 0.8945404658789925 0.9231663254889226
v -1232.5965576171875 -58.48624038696289 1838.3695068359375 0.5220035642095523 0.5459446307816825 0.591978740891858
v 2069.89111328125 -41.04051971435547 2052.887939453125 0.4367179350359039 0.47646441729337147 0.5411891047852546
v -2497.0419921875 37.52830505371094 568.4464721679688 0.4698466241057409 0.5012886944191631 0.5562433762875303
v -1003.2822265625 7.653707027435303 443.30792236328125 0.8879590206983197 0.8814900368338997 0.8885073451302903
v 1361.456787109375 -62.004085540771484 484.5168762207031 0.8865205175051842 0.8928478404223162 0.9200801793392729
v 231.22731018066406 -54.07398223876953 172.7032470703125 0.5640156100426191 0.5427791709669597 0.518344414422501
v 1111.271240234375 10.999149322509766 1180.7100830078125 0.750867417369257 0.7622082123663952 0.7945593980032483
v 2213.6142578125 19.51598358154297 -1011.6277465820312 0.45200880616830647 0.4788544017207373 0.5272397152821905
v 1078.2181396484375 -14.241995811462402 1294.6904296875 0.5938520100926143 0.4507840853237645 0.48724321720765423
v 2640.5048828125 -4.506044864654541 643.24853515625 0.44068603485618874 0.4748269643895409 0.5325331740660711
v -2187.21337890625 21.793359756469727 -1890.304443359375 0.44746664162602273 0.48731905216941945 0.5524999444967622
v 2584.425048828125 34.68538284301758 -239.2198028564453 0.4586123171854774 0.4903769905397352 0.5454669675825886
v 1356.5333251953125 -5.50926399230957 427.62200927734375 0.509872531571418 0.513146185990404 0.5286760070450602
v 724.7207641601562 -73.74533081054688 -2009.5675048828125 0.532318762380134 0.554435809330368 0.5981503197912057
v -2071.177978515625 -12.050637245178223 -2109.259521484375 0.5561089855994349 0.607077233211697 0.6894821737856324
v -875.6795043945312 -2.55787992477417 643.2798461914062 0.5600910149462495 0.5556352921631957 0.5598300409038123
v 729.6380004882812 -13.051178932189941 1681.7271728515625 0.5124300630831845 0.5256916095106169 0.5563092483436749
v -1315.3629150390625 -42.441253662109375 -717.464111328125 0.5546772688220356 0.5601055414876448 0.5797885251996044
v -1399.98876953125 35.57844161987305 1771.9151611328125 0.4584869717117129 0.4809597112908272 0.523541071992859
v -1362.4637451171875 35.53523254394531 -350.8390197753906 0.4946602404427179 0.49750288248403923 0.5120826100378303
v 1320.0625 26.178142547607422 747.8466796875 0.593827689101972 0.6001116552555834 0.6218352844554703
v 1861.4051513671875 30.68460464477539 2311.371826171875 0.46613851446599913 0.5099854633364592 0.5807348201509417
v 823.2919311523438 69.35850524902344 1522.544677734375 0.5142538930534666 0.5249631926613803 0.5518531597717986
v 2592.26123046875 -54.55070877075195 437.92388916015625 0.7413180230176635 0.7920805057575437 0.8794777786751382
v -2478.7021484375 19.627704620361328 486.09356689453125 0.4535088501746963 0.48298378996147956 0.5349192168735544
v -125.52276611328125 69.02432250976562 715.4614868164062 0.8759202794549754 0.6706580432674492 0.7229666308109786
v -1006.4017944335938 -47.821746826171875 1919.4324951171875 0.48709108675606766 0.5083357114611309 0.5498469627341133
v 2554.506591796875 -11.811272621154785 -319.0703125 0.51702263533609 0.5517205320757129 0.612181681678746
v 1126.6746826171875 -49.69742965698242 -336.5255432128906 0.555869613129599 0.5534977857806446 0.5609750878839544
v 2650.216064453125 -2.269197463989258 683.8521118164062 0.5310257474750079 0.5720539052393343 0.641134520775445
v 810.8740234375 30.33798599243164 -632.1209106445312 0.698170436168036 0.6910881912604051 0.6935753528217798
v 2186.3720703125 23.860931396484375 -1120.0101318359375 0.49115484189210495 0.5207420354536002 0.5737613495007094
v 979.8406372070312 -52.38589859008789 1440.9857177734375 0.7760167575919424 0.7920777981140653 0.8319666316166856
v 41.016029357910156 131.6953125 631.4414672851562 0.518532026560427 0.5051987134747624 0.4937573963079634
v -1735.6279296875 43.213294982910156 1520.296142578125 0.4636383937846931 0.48764301290202067 0.532446917017126
v -1378.424560546875 -54.160518646240234 -389.46429443359375 0.4894261958569662 0.4928033149058168 0.5081147734342916
v -227.76278686523438 -146.3562774658203 -373.0768127441406 0.532035606761815 0.514635602067918 0.49636431325130387
v 2447.62841796875 -25.830215454101562 -606.8804931640625 0.602678499981916 0.6406484054979552 0.707617885172109
v -2074.655029296875 -31.212093353271484 1161.4730224609375 0.6796786628019085 0.7163820205077446 0.7835275945279182
v 171.73895263671875 -134.25770568847656 66.56880187988281 0.7563317975637575 0.7259094281972902 0.6891732137251648
v 1188.010009765625 -31.443809509277344 -275.92401123046875 0.5900355548647473 0.5886115455600675 0.5982339069011796
v -1279.5623779296875 57.00860595703125 -873.7117309570312 0.7820138348991118 0.7912449433742017 0.820985607684587
v -995.5606079101562 -31.038095474243164 1920.6806640625 0.6347571700190517 0.6616552587912345 0.714287562692788
v 1751.00634765625 49.33063507080078 -1532.30126953125 0.7179828431699568 0.7545401921348862 0.8223839323289911
v 1259.08935546875 37.0796012878418 -97.86263275146484 0.7046088158052903 0.7042030438257288 0.71755402396249
v 2639.97705078125 16.9324951171875 854.0618896484375 0.8010240120710898 0.8628682303612597 0.9662325449374746
v 1354.741455078125 11.041601181030273 695.0799560546875 0.48589540226190114 0.4912569150557106 0.5095547207549801
v -1139.0361328125 -31.363731384277344 -1137.0283203125 0.8688522571987165 0.8813811505703488 0.917756109499503
v -202.248291015625 -182.297119140625 -482.8606872558594 0.5289451034055336 0.5132645162054861 0.49795632355362246
v 2667.061279296875 -30.567073822021484 89.24456787109375 0.6821105438659698 0.7307715193172051 0.8138520027381017
v 711.3529663085938 4.317291736602783 1621.6236572265625 0.6180162334633778 0.6318641042082036 0.6654126326298627
v -798.149658203125 -7.2787275314331055 602.48974609375 0.8007714719702232 0.7918438974888923 0.7932269944415781
v 1035.647705078125 29.1752986907959 -458.9024353027344 0.9077851685524402 0.9024761966803566 0.9117359554200379
v 2561.8935546875 30.076948165893555 1235.2259521484375 0.5603505800883274 0.6073868039814733 0.684976176043111
v -2426.126708984375 13.135159492492676 636.9807739257812 0.7021236306974973 0.7452768689839656 0.8216308486946151
v 2504.69140625 48.72848892211914 1315.732177734375 0.4956035214959997 0.5371914227301182 0.6059835143566457
v 1386.5023193359375 0.7235491871833801 340.3867492675781 0.5591340214223712 0.5628260230915136 0.5799159783885902
v -187.57330322265625 11.106910705566406 -1941.1334228515625 0.5339028077141278 0.550829536056916 0.587199254742694
v 1375.873779296875 20.36956214904785 498.5980529785156 0.7296474565259926 0.7355079476206684 0.7591092662942065
v 2286.1796875 -28.02216911315918 1677.55859375 0.6613368206486057 0.7157211289638582 0.8055732045009502
v 1132.9652099609375 -20.804237365722656 -291.1495056152344 0.6034407874748065 0.4582586230274313 0.4952565312664427
v 1773.3321533203125 29.885896682739258 -1492.1973876953125 0.7141756151466851 0.7501864572756713 0.8171952564492801
v -1609.350830078125 27.701963424682617 1624.5672607421875 0.8009042160081722 0.8396115590030333 0.9123067481326868
v -1108.49853515625 -40.93496322631836 394.3587341308594 0.7258417732105323 0.722830735815006 0.7324218455525773
v -2661.410400390625 -13.904111862182617 -54.55801010131836 0.810410881551576 0.8672131795419067 0.9643270753295409
v 2086.51318359375 28.720109939575195 2082.2822265625 0.5242746769207363 0.5722818284010035 0.6500122519480245
v -2092.458740234375 1.6127548217773438 -2081.181640625 0.6037624797743748 0.4585093733590418 0.4955253715862767
v -1234.0064697265625 36.79050064086914 206.7702178955078 0.4960932491917002 0.49554891588122457 0.5048387414264379
v 130.4273681640625 100.65687561035156 -717.47265625 0.5398433656470477 0.5279533029963548 0.519410241541897
v -273.3116455078125 -31.910526275634766 -1902.3228759765625 0.5865085505460568 0.6041029106912424 0.6425028860685781
v 930.9957275390625 -3.507784366607666 1450.7301025390625 0.6838319714911407 0.6975007270815206 0.7320582014117741
v 2405.730712890625 -49.800559997558594 -692.1520385742188 0.44927827175888085 0.47788099514754084 0.5285507734833306
v 1156.4552001953125 -13.805371284484863 -312.1167297363281 0.584060196619734 0.582114838099312 0.5907950080171289
v -943.3916015625 -12.18233585357666 523.3601684570312 0.6565424239538262 0.6511835499604209 0.6557041117377029
v -771.2408447265625 -1.2231318950653076 1972.9825439453125 0.4718574703015976 0.4912353008226035 0.5298000438552617
v 2433.76904296875 15.514628410339355 -589.1251831054688 0.6385367107216394 0.677902216382775 0.7476258958928885
v -112.3055419921875 -36.933998107910156 1959.02685546875 0.4880356080595744 0.5039503103678042 0.5379281938151012
v -186.62750244140625 23.21286392211914 -1905.241943359375 0.522382553259465 0.5380180028167089 0.5722898578643815
v -27.625774383544922 -3.8122217655181885 -671.8886108398438 0.6832308852418558 0.6670520081802847 0.6540172880755806
v 2524.96728515625 -33.75703048706055 -256.3852844238281 0.8156952325853435 0.8667434254876234 0.9564386866865412
v -2339.0166015625 -22.051652908325195 -1593.07421875 0.44302198003860105 0.4806610733048888 0.5429125238497973
v 2251.26904296875 -44.28954315185547 -936.8171997070312 0.45442303152765723 0.4815220563860803 0.5303066697531938
v -1007.2068481445312 7.284894943237305 1908.588134765625 0.7975927069306523 0.8306162326193419 0.8953597529875325
v -986.3651123046875 13.23713493347168 490.30120849609375 0.8523267998454378 0.8462596999123445 0.85326687178922
v -1553.076171875 47.53562545776367 1681.3568115234375 0.4610629296879905 0.4844580102227744 0.5283670264973152
v 218.92193603515625 -39.951053619384766 -2011.3468017578125 0.47275505102387777 0.48974179364879095 0.5249395621843262
v -2593.424072265625 3.8201637268066406 -911.8628540039062 0.45847903746683166 0.49479346035874133 0.555792130206864
v 89.88556671142578 -20.588029861450195 573.042724609375 0.7956021504545773 0.7743383116248992 0.754790984499205
v -1233.888916015625 52.544044494628906 1820.16650390625 0.9205515070697567 0.7054483528876568 0.760264790222907
v -424.3238220214844 -7.489716529846191 753.6531982421875 0.6088264914026132 0.5986845732353712 0.5944276826539451
v -1404.0303955078125 -18.66514778137207 1759.7562255859375 0.6874083245915592 0.7196348823583862 0.7808342426197835
v -701.9447021484375 -57.03208923339844 700.2457885742188 0.7809114834630956 0.7719318070418637 0.77285677894047
v -1622.6697998046875 2.7712771892547607 1607.626708984375 0.46722899472833085 0.49077751560125743 0.5350380109383354
v -771.1264038085938 7.255957126617432 629.0750122070312 0.5054032204974903 0.49945810400820684 0.500201392117948
v 636.6436767578125 -27.131847381591797 1639.200439453125 0.5536129209008706 0.5658038113132897 0.5956515071732594
v 2335.697265625 -6.810369968414307 -792.4974975585938 0.45938327990368705 0.4875258764270158 0.5378313783397269
v 0.12937484681606293 -15.647075653076172 1978.657958984375 0.47879617518375256 0.49485130272413197 0.5288416368908415
v 1583.37744140625 20.289987564086914 -1618.061767578125 0.6809519614561254 0.7133730064982342 0.7746948762853334
v 1328.061767578125 53.606815338134766 19.747207641601562 0.7684331582660332 0.7701029353449252 0.7879023841337451
v 2331.75634765625 49.95622634887695 -751.9982299804688 0.6159965743924524 0.6521101466118897 0.7169311982275799
v 1344.2125244140625 -45.62750244140625 544.1392211914062 0.5032709954176056 0.5071381268902682 0.523463612314828
v -1052.576171875 33.08014678955078 458.5904235839844 0.7763930513158216 0.5930759292447977 0.6397920730368238
v -769.3602294921875 21.574235916137695 1983.9249267578125 0.8195033701359014 0.8520753181474986 0.9166600860455772
v -533.0991821289062 -60.11084747314453 -1745.8060302734375 0.5365435034168576 0.5501603113666338 0.5817739581365944
v -216.78836059570312 52.6658821105957 -297.70904541015625 0.7223883601949902 0.6976498779914774 0.6704349417701434
v -786.92236328125 20.368637084960938 -1601.099365234375 0.5500720168997218 0.5628784747075658 0.5935662613556145
v 1340.901611328125 50.594940185546875 175.75357055664062 0.6566372349736652 0.6587624066953915 0.6752142803679315
v 504.15374755859375 49.13214111328125 -2027.7877197265625 0.8078576196029185 0.8383805339737371 0.8998300216393165
v -2641.408447265625 -64.3164291381836 -465.8997802734375 0.7464253297676224 0.7999638865671158 0.8911139863865362
v -1339.141357421875 -40.79656219482422 -606.796875 0.6878037677539206 0.6935579430652238 0.7162182736185516
v 217.88848876953125 -48.05931091308594 1880.1666259765625 0.871171540962671 0.8953301534043917 0.9489685638070254
v 2397.7255859375 52.97340774536133 1599.8602294921875 0.4771606711092931 0.5190914153461513 0.5877756035773496
v -1530.7274169921875 20.945758819580078 1739.8575439453125 0.7025694963381569 0.738027382809509 0.8040120179195983
v 2618.8740234375 -1.278333306312561 -95.46992492675781 0.7206832944892173 0.7697604158523248 0.8544088589039348
v 840.9631958007812 -16.435495376586914 1556.029296875 0.83392762655648 0.8521373075783181 0.896329335454812
v -1001.9009399414062 25.67290687561035 -1353.337158203125 0.6294211906572478 0.6408913231731059 0.6711270331306002
v 522.6669921875 40.781822204589844 1766.6593017578125 0.476148675262229 0.48878250196793543 0.5177646714443652
v -1118.7413330078125 -57.28392791748047 345.3908386230469 0.5609550523568554 0.5584459637607775 0.5657971229463847
v -801.72705078125 -31.671199798583984 1960.454833984375 0.4638119159782412 0.48288588716049335 0.5208505723745049
v 1197.7342529296875 13.775948524475098 -1824.74365234375 0.5151955587777651 0.5379796748989876 0.5822544035754382
v 932.2404174804688 29.475173950195312 1430.654052734375 0.5577156159552871 0.5686172399807761 0.5966301185426182
v 218.3631134033203 -1.2444573640823364 284.24249267578125 0.6085187634408382 0.5871987035189213 0.5636030156937838
v -2314.478515625 -24.86606216430664 -1657.9241943359375 0.457160754932116 0.4963997001820842 0.5610924443556177
v 1844.8677978515625 18.694366455078125 -1407.2562255859375 0.5205395340093683 0.5475656074670519 0.5978157188760703
v 16.588176727294922 48.09088134765625 1913.4425048828125 0.5064847673566928 0.5216677468853693 0.5549641861180262
v 2636.455322265625 46.21427536010742 125.23515319824219 0.4981758134829826 0.5337684861574878 0.5949112701754182
v -2160.697265625 -10.64660358428955 -2018.515625 0.44538383912747986 0.48714015098904845 0.5546428554025881
v 217.7209014892578 -162.42037963867188 137.02833557128906 0.5295472788507619 0.5089289263956218 0.4848326139025015
v -440.1134338378906 34.93525695800781 1993.8319091796875 0.5715148668546709 0.5922369645755499 0.6348138113713925
v -538.7507934570312 26.77042007446289 721.3484497070312 0.7536537291086879 0.7423144937715884 0.7388226883475755
v 659.9992065429688 -28.518150329589844 -716.6237182617188 0.7231898792322466 0.714342824689362 0.7144017701291555
v 45.78987503051758 -31.9326229095459 -1991.5716552734375 0.8291176683768166 0.8562694802888883 0.9133696485913296
v -215.45079040527344 140.44879150390625 -374.8117370605469 0.9390723379351099 0.9094557461164758 0.8782464400970752
v -120.3320083618164 66.91606140136719 736.36767578125 0.6702825898863229 0.656205007912906 0.6465026639099886
v 1294.8499755859375 -64.59762573242188 715.8909301757812 0.6024686983902017 0.6078147450879909 0.6282609473283327
v 2501.873291015625 25.779935836791992 1241.043701171875 0.5965849805306475 0.6443646293582959 0.7239449727101198
v -2137.8818359375 -26.620052337646484 -1970.87451171875 0.7542727704784055 0.5758330747667205 0.6213062719104877
v 1775.7423095703125 -55.859718322753906 -1484.6336669921875 0.5244617284509546 0.5515001160758013 0.6018576525496324
v -221.53680419921875 10.179055213928223 1956.656005859375 0.6425629739985992 0.6632324574506174 0.7072040082809601
v -1286.19384765625 -45.64079666137695 51.68339538574219 0.7343699202449178 0.734698078921064 0.7497578350383846
v -2338.703369140625 -49.17778778076172 -1715.474365234375 0.44387272977663966 0.48373550343172483 0.5488217774686545
v 2280.059814453125 8.54313850402832 1749.117919921875 0.4764760151690685 0.5180646898537203 0.5862971174560091
v -905.2112426757812 11.781231880187988 1950.99072265625 0.4798012854251907 0.5003230388361789 0.540664653818459
v -1256.9752197265625 -37.679988861083984 47.1583366394043 0.5303270983573133 0.5299000270008327 0.5400065585384166
v 1170.7030029296875 -29.27291488647461 -268.439697265625 0.5167213876628067 0.5150521875420015 0.5229314231494586
v 2593.803466796875 -17.171878814697266 -44.6783561706543 0.7027583543832174 0.7495674889028625 0.8307724099745043
v 803.8151245117188 -6.354378700256348 -688.766357421875 0.8158420081642225 0.8086283315591831 0.8130954539786385
v 2528.509521484375 31.89992332458496 1160.8345947265625 0.5842007266656514 0.6306690781049394 0.7082216114141948
v -1865.9580078125 46.09284973144531 -2325.880615234375 0.4333870452611453 0.4749191428414922 0.5417702183148886
v -418.732421875 24.725061416625977 -1846.46826171875 0.4978489366279401 0.5122849472636539 0.5443249115933543
v -2372.587890625 7.482604503631592 -1522.651611328125 0.4517558261955152 0.4897217147746488 0.5526412399290077
v -1225.9639892578125 -11.611550331115723 170.13002014160156 0.5809136128262066 0.4406985385095513 0.4764306480091058
v 1131.358154296875 -13.940823554992676 -376.91156005859375 0.8482639964055044 0.8453298117370724 0.857303490632255
v 1848.092041015625 37.61857986450195 -1365.2406005859375 0.5847649481079885 0.6140574555214205 0.6688889805355599
v -2549.156494140625 18.23288345336914 -1129.0892333984375 0.44460524687739295 0.48109804285134045 0.5419346223839918
v -14.589860916137695 12.789894104003906 665.0867309570312 0.661219177432211 0.6453487515502507 0.6324039482125866
v -2526.973876953125 44.872589111328125 200.5474853515625 0.6854137445357922 0.7286992898193934 0.8048087733915623
v 2378.520751953125 12.665396690368652 -808.99169921875 0.7676096853360357 0.8146754166106851 0.8978729495978626
v 1326.49658203125 -10.419207572937012 40.53302764892578 0.6509320343891695 0.6523330354687816 0.6675446864424329
v 157.1998291015625 -28.611242294311523 -2029.859619140625 0.4676526785038135 0.4847922106569343 0.5201012246063611
v 727.2176513671875 -24.450817108154297 -672.68115234375 0.7936462370433248 0.784502886156772 0.7853978145922137
v -1270.35498046875 -8.961396217346191 -1001.0956420898438 0.779003745427546 0.7905976470147759 0.8238628939540787
v -202.27044677734375 -2.7501776218414307 -380.3089294433594 0.7744749974831633 0.7497207431603988 0.7236053997218538
v 267.4930419921875 57.13591003417969 -1999.63916015625 0.7607107938366527 0.7867417366532488 0.8408245035541275
v -219.26458740234375 -145.56637573242188 -203.0853729248047 0.6731344931566595 0.6483857063674167 0.6200611001927978
v 172.91616821289062 8.330119132995605 -1984.83544921875 0.48955029981651604 0.5062803681390834 0.5414592098383938
v -2025.1114501953125 13.251288414001465 -2141.11865234375 0.767540082390947 0.8356727327364444 0.9460021984205927
v -151.26132202148438 58.05039596557617 683.506103515625 0.6961813941697934 0.6804197292003312 0.6683572332619468
v 774.43505859375 87.01130676269531 -635.1962890625 0.571453396600629 0.5649544901696735 0.5660266441543756
v 2696.199951171875 15.642613410949707 422.93597412109375 0.5766050389781836 0.6205320353025257 0.6946090944737875
v 330.64019775390625 -10.301591873168945 1854.1988525390625 0.7612959795932538 0.7822402903132141 0.8290093436900507
v 261.1650085449219 -6.346919059753418 -1978.7843017578125 0.518342906902614 0.53605481417325 0.5732329425353094
v -573.4918212890625 47.02806091308594 2030.162353515625 0.47448275447217897 0.49373053827409735 0.5321685345799512
v 55.382598876953125 34.40212631225586 -1975.226806640625 0.8242084353910855 0.850542860519434 0.9063704029156471
v -176.1295166015625 -83.7891845703125 -462.9515380859375 0.5666497231376515 0.5493876723676078 0.5320928275836324
v 214.22164916992188 202.00233459472656 215.81541442871094 0.621278316716594 0.5984014717679857 0.5722914040620904
v -2464.112548828125 -24.923250198364258 449.7486572265625 0.565189161210556 0.6004173975420836 0.6628018051701058
v -1362.2171630859375 14.422646522521973 -753.6920776367188 0.5316840891898842 0.5383367590649767 0.5594602783782803
v -1897.5804443359375 9.423998832702637 -2241.900634765625 0.4535579608152312 0.49536391027255705 0.5631796806462812
v 2453.668212890625 37.07077407836914 -620.8499755859375 0.4816815480282593 0.5129401318079182 0.5679528172958404
v -1995.03857421875 38.30390930175781 -2228.020751953125 0.5125479938523009 0.5611325019884568 0.6392171618017147
v -135.64495849609375 95.79571533203125 727.51220703125 0.6308991485372171 0.617442895272715 0.6080241653118377
v -2436.3798828125 46.00935745239258 -1443.8482666015625 0.5244217602815772 0.5682859873939277 0.6408051318439828
v 1784.677734375 -14.074960708618164 2369.760009765625 0.580122580246632 0.6335160520698919 0.7196853112875309
v 1386.7645263671875 -33.005462646484375 559.1812133789062 0.6584367222489028 0.6646989149780045 0.6875937567412402
v 30.449007034301758 49.740482330322266 683.70556640625 0.5167673464242616 0.5044669193548904 0.4947662816184836
v -2127.26025390625 3.5040042400360107 1104.2332763671875 0.47332688084507796 0.5002564683863837 0.5492673209923499
v 1018.0053100585938 -44.09574508666992 -1958.2994384765625 0.4961365780094365 0.5188312837456768 0.5625613978800191
v 593.107421875 -34.50932693481445 1718.46435546875 0.4799309846696895 0.4920651651304558 0.520390156254177
v 2607.901611328125 12.045106887817383 863.958984375 0.44287399258032606 0.47803242297297127 0.5371099963266812
v 359.4251708984375 -45.12031555175781 -726.2578125 0.889353612122048 0.873119454447802 0.8640319805428099
v 2640.06640625 89.01065826416016 330.3629455566406 0.45437204069186304 0.487766757902425 0.5448768570586504
v -2266.908935546875 19.057254791259766 -1720.481689453125 0.6570822239261318 0.7115876975012593 0.8014693548901669
v -1324.6507568359375 8.002986907958984 -209.7109832763672 0.7936724256375738 0.7958283743094549 0.8148556976141453
v 654.0951538085938 11.051603317260742 -664.6720581054688 0.9106293429828446 0.8981999166482586 0.8958750823053551
v 2195.31396484375 26.455039978027344 -991.333984375 0.644634659925206 0.6807419410200433 0.7462467375187339
v -852.2659912109375 1.8514615297317505 1928.1490478515625 0.7957379373690353 0.8266016400717666 0.8882733711333928
v -505.48809814453125 35.94537353515625 702.9340209960938 0.6264656821254067 0.6160763750543086 0.6117433392584315
v -2443.989990234375 4.3018879890441895 -1335.4718017578125 0.5619636816590846 0.6069194532018892 0.6819070261037344
v -324.39544677734375 10.75942611694336 -1844.6422119140625 0.8799510119181444 0.9034907390565593 0.9564047770482157
v -1439.1884765625 33.65185546875 1691.8682861328125 0.8051493857726836 0.8411784731611256 0.9102736280801138
v -504.724609375 48.41688919067383 -1727.8763427734375 0.8070705778021668 0.8259347143102654 0.8705672440945189
v -2553.96533203125 -22.271562576293945 141.38429260253906 0.6333487799325481 0.6744685871560541 0.746388137269808
v 1643.8428955078125 47.75230407714844 -1607.3043212890625 0.4592000475494011 0.4827798663365159 0.5268997441816832
v -229.9938507080078 -44.496490478515625 2032.731689453125 0.5409125034753985 0.5607329864899782 0.6013873258545751
v -325.2262268066406 -70.51818084716797 750.0499267578125 0.5446127482612798 0.534455321488986 0.5289384463328887
v 50.2728271484375 69.75106811523438 -660.1005249023438 0.6449541764116834 0.6293679575826682 0.6165862130023633
v -925.2376708984375 -33.26230239868164 553.4229125976562 0.7318413122327914 0.7258942968708133 0.730859079636484
v -1429.0552978515625 66.9354248046875 1709.8734130859375 0.5385989532902499 0.5636797409996984 0.6116633096795809
v -599.9742431640625 -68.07068634033203 701.6802368164062 0.5223893316283647 0.5147644089751497 0.5130545326962319
v -2248.737548828125 -15.798362731933594 938.9237670898438 0.4599698684265004 0.48732171277567354 0.536580724932193
v -1341.7828369140625 -20.380701065063477 -435.8243713378906 0.6529688943122948 0.6567410975394897 0.6756920639968854
v -2569.02587890625 -0.09353906661272049 -732.3283081054688 0.4833657272493051 0.518993839262232 0.5797872446174389
v 187.021240234375 41.173152923583984 117.79795837402344 0.6529921137987534 0.6272355503196059 0.5966243061439008
v -2606.287841796875 42.543094635009766 -827.644287109375 0.4413816643810384 0.47606121360997694 0.5344811422119148
v -123.89081573486328 -19.900381088256836 680.1845703125 0.5154233573870747 0.5032868348055293 0.49384015066269565
v -2578.430419921875 7.135993003845215 123.61103820800781 0.44645126862003376 0.47706637155735193 0.5303291157585743
v 1884.5093994140625 -25.75224494934082 -1423.075927734375 0.48038851370866625 0.5066793734152993 0.5549915500803276
v -2295.407958984375 -19.774137496948242 -1715.343994140625 0.44022771548930467 0.47873141002922087 0.5419963774945878
v -504.0674743652344 33.864742279052734 733.009033203125 0.7752455358103182 0.7632869083555732 0.7591744575108339
v -1185.0924072265625 -35.024349212646484 1878.127685546875 0.5563757009843376 0.5819714065012511 0.6310647208847933
v 1988.4423828125 39.32044982910156 -1299.9345703125 0.6509906145650851 0.6861864634647051 0.7506093330019317
v -2628.853271484375 5.485669136047363 -206.5045928955078 0.6980695278434627 0.7464172446475746 0.8295151024177511
v 217.55397033691406 58.23712158203125 382.8562927246094 0.7977170375594579 0.7725305420105679 0.7461465967395485
v -607.1943359375 -16.521730422973633 1985.3643798828125 0.6847969733206831 0.7104871916250058 0.7624948862194155
v 2102.9462890625 -25.396732330322266 -1101.901611328125 0.8220426438789047 0.8656962051668108 0.9456332664885604
v -2464.133544921875 -65.64967346191406 490.461669921875 0.7518127509125843 0.7979806531387718 0.8795884657205694
v 79.42546844482422 22.1123046875 602.8629760742188 0.5958640566611799 0.5801973528987165 0.5662876933025746
v -1346.2064208984375 58.82038116455078 1772.3515625 0.46037151663325665 0.4820747615819417 0.5236347516106161
v 1988.3232421875 19.343524932861328 -1283.945556640625 0.754580922929022 0.7945652169173532 0.8679308011935584
v -1816.5989990234375 41.64133071899414 1480.0247802734375 0.4647758952488374 0.4898021397149919 0.5360279397521963
v 2658.404541015625 56.59862518310547 299.5917053222656 0.4763659750364035 0.511649609967937 0.5718068846758533
v -214.15724182128906 91.88861083984375 -104.94074249267578 0.7753390029338918 0.7455737628226906 0.7104781390474161
v -1021.9178466796875 43.03561782836914 -1254.266357421875 0.5179296371861344 0.5259055869141037 0.5487747338906771
v 1231.9344482421875 -20.749170303344727 948.755859375 0.6025688114933125 0.6099730968209492 0.6335694081035582
v -85.57748413085938 35.67665100097656 -1929.0814208984375 0.5468613160388234 0.5636228206171848 0.6000173480300972
v -1494.7271728515625 -59.89279556274414 1687.2669677734375 0.8270117387470869 0.8654280657176333 0.9383146063470775
v -1259.270263671875 -33.98511505126953 -879.2131958007812 0.5424030865052999 0.548652722889748 0.5693629764787892
v -1189.844482421875 48.10024642944336 1912.489013671875 0.4696256386271435 0.4924300732802113 0.5357201697833731
v 2372.27587890625 -17.300107955932617 -779.799072265625 0.49702215594546223 0.5281464411270131 0.5833650492395627
v -445.68536376953125 24.400041580200195 2006.9984130859375 0.5647526099790046 0.5856691057471277 0.6283802333824364
v 2280.508056640625 5.803443908691406 -897.2908325195312 0.6262346484224272 0.6629236889965715 0.7287665600080576
v 1159.539306640625 -7.313209533691406 1175.1290283203125 0.8729453188967214 0.8871759553577206 0.92619113634918
v 2614.702392578125 11.26058292388916 627.08349609375 0.8072645221106317 0.865200905117805 0.9637031188347337
v 1152.7906494140625 -8.951794624328613 1123.8116455078125 0.8905225733533079 0.9033658542976666 0.9406250473806065
v -1363.5809326171875 61.239219665527344 -377.67022705078125 0.5532036395336861 0.556545737701336 0.5729836188991969
v 605.0845947265625 -10.375904083251953 -716.5282592773438 0.5071035721052966 0.49997515002458864 0.4987988679004362
v -1262.4417724609375 -20.94728660583496 138.21633911132812 0.5471153695799092 0.5469601564241429 0.557806464570162
v 1305.08740234375 -8.505470275878906 937.3003540039062 0.48324227743701337 0.49048154372033775 0.5115829714934028
v -1222.79541015625 -21.080581665039062 -1004.5147705078125 0.49886334264074855 0.5057423735898734 0.526593090460091
v 718.9494018554688 14.08327579498291 1604.7392578125 0.5669631723579126 0.5794197548536729 0.6099196713005728
v 204.74246215820312 50.18323516845703 383.60711669921875 0.529634988637503 0.512263556394088 0.49399153283539826
v 1358.65185546875 -38.985713958740234 365.2875671386719 0.5485591376932998 0.5516803123159985 0.5676893465281208
v 230.06674194335938 48.989715576171875 -1958.68994140625 0.5487260538374074 0.5666999931631372 0.604878462188183
v 1364.442626953125 -19.459407806396484 731.47509765625 0.7987662355621711 0.8081372107511585 0.8384046738008758
v -896.0864868164062 16.026905059814453 610.4432373046875 0.5969029624160719 0.592124582416065 0.5964794613871999
v 1074.924560546875 -8.012724876403809 -391.94500732421875 0.8338977215244169 0.8293778670033521 0.8385418897160762
v -890.0765991210938 9.810391426086426 -1465.466796875 0.8632167257498763 0.879835233308404 0.9222342319418726
v -2219.679931640625 96.738037109375 -1821.1373291015625 0.4609141656493609 0.5012045021003586 0.5673373246211683
v 2191.362060546875 69.4241943359375 -954.8665161132812 0.5929053439393885 0.6257093767869213 0.6855146241652097
v 164.5614471435547 20.773439407348633 1918.187255859375 0.47146247423776894 0.48598386664330334 0.5176163595835105
v -1099.7379150390625 3.530681848526001 356.7402648925781 0.6416229954890962 0.6383969483378842 0.6460872692493961
v -39.651649475097656 31.53349494934082 -663.6900024414062 0.5771820999233834 0.5631658919805638 0.5517263018128163
v -746.400146484375 2.139864683151245 718.5283813476562 0.7750323126178615 0.7674681321196963 0.7706027511545877
v -1896.8192138671875 25.848236083984375 1386.7279052734375 0.5197871503905827 0.5476570560567351 0.5990407354643599
v 236.09031677246094 121.12086486816406 255.91041564941406 0.7310095129778298 0.705500849501534 0.6770963814812667
v -1215.7982177734375 -54.346473693847656 1840.0064697265625 0.6160521622767303 0.6436276430175721 0.6967931522453582
v -117.7882080078125 54.727142333984375 -1940.064208984375 0.7269307220433334 0.7491672577942862 0.7971146342284537
v -1593.740234375 27.354034423828125 1617.55712890625 0.5417445326321704 0.5682434240790543 0.6182558685901631
v 1180.2425537109375 -44.234764099121094 -1838.6041259765625 0.5210114748117527 0.5440883811264101 0.5888988342017364
v 1338.1229248046875 -43.565216064453125 330.99298095703125 0.7820511849403006 0.7854224185250355 0.8061349987274606
v -1226.3419189453125 13.060481071472168 -967.4473876953125 0.8419922427586665 0.8523589966958485 0.8849522399172204
v 341.7299499511719 70.72376251220703 1836.6497802734375 0.8403918533398154 0.8627402833995109 0.913131041782372
v 1446.5205078125 28.5316104888916 -1718.6490478515625 0.5035997891592836 0.5277095512463611 0.5735663128155464
v -2479.6025390625 20.993959426879883 479.8913269042969 0.5476410747579017 0.5825621774297383 0.6440982518404003
v 2317.554931640625 6.990965366363525 -833.9244384765625 0.5770638587730943 0.6115264834915431 0.6731822887245499
v -242.94944763183594 -155.48631286621094 -344.064208984375 0.8097925129389464 0.7837208219189017 0.7560261285763885
v -904.9967651367188 -12.292067527770996 -1506.4671630859375 0.843335503165669 0.861286373024732 0.9052785852944871
v 1354.923583984375 -16.301101684570312 518.6270751953125 0.8887591839121833 0.895320448342058 0.9229555911588863
v -143.6383514404297 -26.261962890625 -1863.8089599609375 0.8067154110130667 0.8282690974835736 0.8768313503169505
v -2167.161376953125 -64.76261901855469 1031.9332275390625 0.6230327928503793 0.6577200544840354 0.7207901218728784
v -547.3873291015625 -53.0221061706543 -1745.3756103515625 0.4746451183947568 0.48692817686465156 0.5153672990384641
v -749.8477783203125 -22.83269500732422 2002.8084716796875 0.6112727078355744 0.6364391248058353 0.686137110243216
v -1219.858642578125 -58.20120620727539 139.90179443359375 0.7297034505083779 0.728219663599262 0.7403213211186028
v -532.4279174804688 -16.05040168762207 2004.2237548828125 0.7985178358242537 0.8280580871889471 0.8879201420166447
v -1311.262939453125 25.082443237304688 -610.8551025390625 0.5637669327900635 0.5679621849516534 0.5859162864947275
v 1252.264404296875 -1.9074498414993286 1051.4320068359375 0.8457607798375323 0.8589652523340575 0.8959216576066111
v -1176.6019287109375 53.6561164855957 184.06329345703125 0.5224597896024825 0.5205491121670013 0.5281482287464194
v 889.8919677734375 -17.084428787231445 -560.459228515625 0.5105774178865385 0.5057488956969696 0.508416240316007
v -1131.075927734375 34.626556396484375 372.32958984375 0.8987592388891374 0.8955987465981249 0.9081422302693761
v -1198.5322265625 -32.467647552490234 1836.3863525390625 0.6120663845363672 0.4649823106902761 0.5024649107837146
v 2623.59619140625 -1.9331096410751343 417.79840087890625 0.4711497557050864 0.505523289695306 0.564356719361813
v 92.80186462402344 30.45270347595215 -709.5347290039062 0.8824682274634557 0.8632929702328279 0.8490847884637552
v 2189.08349609375 28.0441951751709 1902.6380615234375 0.5262490735478884 0.5726925299186731 0.6485240616107558
v -2465.98681640625 -92.9333724975586 -1445.2528076171875 0.46533813437970045 0.5055627438042801 0.5717430101717432
v 2093.18017578125 25.211519241333008 2053.597900390625 0.5693120779461746 0.6204445327657807 0.7034595449489573
v -2290.01220703125 66.73854064941406 -1796.3189697265625 0.7418597118854073 0.8060332945176774 0.9106248943422921
v -323.1011657714844 -54.747276306152344 754.1702270507812 0.7990827562948482 0.784702291312239 0.7769916811063245
v 1348.7506103515625 54.73072052001953 465.67376708984375 0.49036583742405054 0.49362681823569915 0.508775853738803
v 2017.869873046875 30.486055374145508 -1251.2552490234375 0.6863653035007607 0.7232728798162398 0.7908534858413234
v 1011.7024536132812 6.415144920349121 1302.5909423828125 0.8394180532704535 0.8530742279800282 0.8905892175442456
v 1862.5872802734375 20.028038024902344 2308.7578125 0.6441703592898425 0.702938883458577 0.797786146223747
v 1205.3482666015625 27.1302490234375 -201.05543518066406 0.4968375331609815 0.4956696111738494 0.5039818549350854
v 867.859619140625 35.218143463134766 -1942.3236083984375 0.5179841131754334 0.5393119263288341 0.5816093213304351
v -1367.4007568359375 -35.68397903442383 1716.0968017578125 0.8045652584124299 0.8394075213382656 0.9068412615169185
v -1239.8194580078125 -55.36836242675781 -976.2890014648438 0.5549019196465286 0.5623630258486522 0.585150614129546
v 350.68743896484375 36.64389419555664 1828.9393310546875 0.775303537723615 0.7958035887030172 0.842205089457964
v -547.357421875 55.08803176879883 -1779.4056396484375 0.8162032808967472 0.8376905756101183 0.8863449254155635
v -1120.6787109375 -9.178653717041016 1878.3739013671875 0.8170696655321984 0.8521148431643106 0.9201063335750723
v 2405.9677734375 24.720897674560547 1606.4422607421875 0.6445654835916562 0.7001418993495501 0.7910058307547057
v -104.82135772705078 38.88072204589844 -539.8323364257812 0.5209413800804154 0.5059727887067698 0.4917432561440313
v 100.41218566894531 -26.90761947631836 616.2093505859375 0.5169090663683389 0.5034524560410316 0.49176553274303153
v 142.1556396484375 -16.31195831298828 -747.4219970703125 0.5146518390438808 0.503882510601462 0.4967501158560557
v 2506.830322265625 -20.926185607910156 -352.80322265625 0.699767977118167 0.7437513242150803 0.821148849378928
v 87.03650665283203 -82.34931182861328 -696.3672485351562 0.8644172473172713 0.8451799402286853 0.8305088341310823
v -1208.6712646484375 7.936911582946777 -1025.0379638671875 0.7868104208869263 0.7973478545889877 0.8291630330470987
v 412.1646423339844 36.78085708618164 1821.11572265625 0.6965585118497547 0.7152828133676742 0.7575292235209917
v 2437.113525390625 51.159427642822266 -672.8023681640625 0.7572347273765493 0.8044205973165954 0.8875169960160926
v 830.3661499023438 35.09588623046875 -607.390625 0.9855274533598278 0.756097497314958 0.814564942466079
v 2657.356689453125 0.8247162103652954 384.5296630859375 0.5348361830235103 0.5743372301347068 0.6415488084130931
v 40.5939826965332 -26.355323791503906 -663.7521362304688 0.5424369807894647 0.5291934981924832 0.5183867457763917
v 2614.33251953125 52.085208892822266 686.4031982421875 0.592131749931389 0.6361440435068937 0.7107578375736033
v -2143.60302734375 -22.542842864990234 1138.65283203125 0.7475739116852379 0.7897867093275357 0.8659983652002459
v 1834.8614501953125 6.945537090301514 -1446.7467041015625 0.4709138611384636 0.49605546061815525 0.5425815313239467
v -2548.10009765625 -46.18345260620117 73.32144927978516 0.77156306422883 0.5893109586012354 0.6357556918403433
v -1174.2520751953125 -13.047331809997559 213.84136962890625 0.5247844546628214 0.5229248514418202 0.5306485493072758
v 910.376708984375 30.858051300048828 -534.7988891601562 0.7603660445960375 0.7535303431583958 0.757580053932734
v 2633.064453125 -60.57679748535156 666.20947265625 0.6293095073769568 0.6763744012656195 0.755952138118704
v -2191.249267578125 1.3069859743118286 1050.7816162109375 0.5348613299492984 0.5659782787437007 0.6221149293255985
v 243.5812225341797 49.248958587646484 217.39859008789062 0.6582750143218882 0.6346434401692465 0.607999564931445
v -868.2852783203125 10.682844161987305 1959.7884521484375 0.8403135568383465 0.8743493595903805 0.9414375120017927
v 1544.698486328125 -3.1830830574035645 -1653.7794189453125 0.8301026775320981 0.8690530864857869 0.9427458983706392
v -2256.162353515625 -10.882072448730469 936.4754638671875 0.45163526950130867 0.47870559611882585 0.5273839303787533
v -767.8912963867188 29.629711151123047 684.0723266601562 0.5032685044888657 0.4980241394982095 0.4998761365455197
v 1312.2164306640625 -25.90589141845703 595.845703125 0.7041869087996626 0.7091670118714342 0.7309372292889428
v 2592.34619140625 47.35281753540039 -59.65126037597656 0.7490990884489748 0.7987184525542241 0.8848205350161917
v 829.5607299804688 48.74248504638672 1553.0550537109375 0.49676089393524064 0.5078675429972264 0.5350077909415747
v -1228.24853515625 60.652591705322266 -965.2257080078125 0.5701570766685928 0.5773854205440122 0.6001061668611162
v 350.8987121582031 -11.43639850616455 -755.8253173828125 0.704013110154764 0.6915741580275528 0.6852946039444505
v 1343.2513427734375 37.110626220703125 -1770.076416015625 0.5034026731374427 0.5268166557640307 0.5717062075842092
v -585.2855224609375 18.029403686523438 2022.8072509765625 0.7448062204874333 0.7737313757802045 0.8315830691942375
v 269.703369140625 46.112342834472656 -1995.56494140625 0.819531104590306 0.847283516282879 0.9050441247923564
v 442.19952392578125 -31.852720260620117 -743.1239624023438 0.5346825191091664 0.5256701059602855 0.5218832523632358
v 1370.852783203125 25.446624755859375 -1784.0975341796875 0.7754782786235709 0.8114733857322213 0.879857484468152
v -1796.15673828125 -7.673760414123535 1480.5340576171875 0.4558516086377527 0.48003567833384714 0.5249051661533095
v -278.5015869140625 12.889066696166992 -1897.1568603515625 0.5818862499767521 0.5992251727050475 0.6371623379278762
v -248.60682678222656 80.77043914794922 -292.8551940917969 0.6929842053113457 0.6695555623841141 0.6440381854241851
v 110.68131256103516 -26.565792083740234 -1998.1533203125 0.8314214082023024 0.8590261081388093 0.9168218560437261
v 615.4436645507812 25.16357421875 -704.6110229492188 0.8744452595521688 0.8625818913571196 0.860510290082912
v -1082.6827392578125 30.312705993652344 399.7120666503906 0.5432152567126223 0.540398713091381 0.5469283425893042
v -1390.2677001953125 67.41120147705078 1753.564453125 0.466684987463811 0.48897521875033373 0.5314888248523426
v 164.76068115234375 23.603256225585938 -1979.2794189453125 0.7222274472840637 0.745877593475422 0.7957606363940556
v -2333.1630859375 1.136481523513794 836.6817626953125 0.6147674027394099 0.6518538370224506 0.7179475479022102
v 2440.92236328125 7.251049995422363 1494.11376953125 0.7465872776195698 0.8087311683388516 0.910907029643766
v -165.32984924316406 125.0809097290039 -82.06634521484375 0.7591637999433726 0.7286447845117388 0.6917978401179604
v 1078.977294921875 -38.24040603637695 -1912.1546630859375 0.6406940745432087 0.6689394772991896 0.7235808444815698
v 440.76904296875 -13.860490798950195 1776.021728515625 0.5690879351380814 0.5835809381584476 0.6171200146033656
v 2390.465576171875 48.85595703125 -693.479736328125 0.46631823642900466 0.4954796629722373 0.5473179933047103
v -164.2489013671875 57.47001266479492 -498.87744140625 0.5379901523235628 0.5220998036477329 0.5066124936743734
v 2257.346923828125 -35.83420944213867 1837.692138671875 0.7175193700429664 0.779747710436033 0.8811633867911446
v -2518.197265625 -57.38856506347656 398.7979736328125 0.5425866120611358 0.5780084939423048 0.6400801014200824
v -1337.2413330078125 37.49901580810547 -800.5921020507812 0.6242478530404564 0.6320002374650642 0.656532669010937
v -228.37791442871094 62.01409149169922 -289.4646911621094 0.5464443210395877 0.5273129805724246 0.5062721430924343
v 89.52181243896484 25.864500045776367 -2013.9515380859375 0.4801841697355404 0.4972245105366609 0.5326531343581327
v 645.5255126953125 59.94602584838867 1748.4908447265625 0.8510648149172275 0.8735010194405519 0.9242321031214153
v 2399.50732421875 24.927919387817383 -660.9537353515625 0.4520445271746219 0.480403378832901 0.5308168468939927
v -216.13970947265625 0.36022132635116577 -332.3287658691406 0.7243859118306174 0.700276369266364 0.6742273432931956
v -752.5930786132812 -1.574324607849121 651.3097534179688 0.5044858155636188 0.49855277263802483 0.499298712052527
v -2071.540771484375 -7.274918079376221 1184.1414794921875 0.5375409752884075 0.5674080858840456 0.6219217307629904
v 235.3402099609375 -192.40765380859375 350.5455017089844 0.6521234506925895 0.4962070320279575 0.5359404496711359
v 494.42742919921875 87.0863265991211 -727.199951171875 0.8102621919768119 0.7974851944840748 0.7926756794679607
v 2631.2998046875 -22.101171493530273 66.3028793334961 0.5889326210687694 0.630096533662997 0.7009201805057517
v -2608.60595703125 -28.070024490356445 -638.9353637695312 0.6584265504590991 0.706232580604182 0.7875637431867475
v -1215.94140625 60.24774932861328 209.12411499023438 0.611824575576314 0.6107165053535392 0.6212433277183486
v -150.0542449951172 40.9451789855957 1988.10693359375 0.8615057997475879 0.8897242866881473 0.9490193099769658
v -810.3031616210938 66.25162506103516 647.886474609375 0.6170792790414239 0.4688898925917763 0.5066541681554869
v 1327.195068359375 16.7879638671875 404.9540710449219 0.5335740707195804 0.5361605114951393 0.5510610537805235
v -1239.0072021484375 -36.86321258544922 -1023.1656494140625 0.48713055159270363 0.4944237106413362 0.5156799838267145
v -2538.06298828125 18.783498764038086 -1024.697998046875 0.6947425887723305 0.7472365337234346 0.8356209234628158
v -694.7313232421875 -17.92391586303711 -1638.710205078125 0.6191183380300928 0.6332619064745173 0.6672683573762903
v -1880.6085205078125 37.409523010253906 1405.923828125 0.4634377819024816 0.4885313927913774 0.5348176729809601
v 2567.88623046875 35.16557312011719 -64.92144012451172 0.5018558455353662 0.5354575715964942 0.5940833320542894
v 1385.1153564453125 -0.1946660876274109 288.073974609375 0.6774685266986394 0.6814886822887698 0.7012776472067336
v 2031.8394775390625 -41.156455993652344 -1211.9642333984375 0.4580453548099445 0.48335717592671795 0.529813674569125
v 1338.3670654296875 30.872941970825195 474.90301513671875 0.6015280611027558 0.6052741170679484 0.623232673492656
v -87.46312713623047 -7.148513317108154 659.9378662109375 0.5936476482036884 0.579284603614876 0.5675783878476591
v -121.88873291015625 -142.39288330078125 -552.9320678710938 0.5500113271731651 0.5346109173042239 0.5202273720107984
v 16.398155212402344 29.545143127441406 602.654541015625 0.6027808274193447 0.5868341995717884 0.5725802324255189
v -1261.0040283203125 -24.087570190429688 1759.0426025390625 0.5010542083257133 0.5227651511237403 0.565232624563689
v -1330.728759765625 26.885160446166992 -82.17354583740234 0.5599586925661637 0.5613287317057579 0.5748148188771349
v -2336.707275390625 44.15922927856445 820.0221557617188 0.6873187986674805 0.7283325082215969 0.801465320536138
v 1090.9381103515625 24.61139678955078 -1854.705810546875 0.7008629546741417 0.7299048358763304 0.7869741028540899
v -1155.92578125 63.86599349975586 1822.649169921875 0.6894945310155679 0.7183399416312979 0.7748872125035585
v -1100.255859375 26.021408081054688 -1189.2845458984375 0.6431293849624689 0.6529168870379339 0.6808869749441204
v 427.3016662597656 42.04490280151367 1808.631591796875 0.6499454489400135 0.6672274063224822 0.7064438470050699
v -447.1178894042969 -51.945167541503906 761.74755859375 0.5215666903448749 0.5131326309592738 0.5100611261123807
v -418.4961853027344 -3.960669994354248 1959.0618896484375 0.5078055971679265 0.5253868743578068 0.5621604573060126
v 2656.015380859375 5.811579704284668 469.8843688964844 0.7844378703602042 0.8412511990892122 0.937677936661892
v 831.66650390625 26.98815155029297 1546.0552978515625 0.8607362063382215 0.8789597429011863 0.9236930289514185
v 2376.080322265625 -1.8208448886871338 -798.0860595703125 0.6811319122105 0.7230150721210843 0.7971540640010284
v 1102.8577880859375 -19.858016967773438 1247.6416015625 0.8412864232549775 0.8555841634357152 0.8940972276477962
v 1639.7889404296875 -61.190162658691406 -1650.59375 0.8547052540786193 0.8977226140902136 0.9775579405234415
v -2594.94970703125 33.95158004760742 -930.2884521484375 0.654025171966535 0.704488618712046 0.7891276433579381
v 2250.42919921875 45.57398223876953 -973.5548095703125 0.4519822917774838 0.4793223731336875 0.5283712454358511
v -2610.885986328125 20.952016830444336 -313.14813232421875 0.8282535068460068 0.8845883868812942 0.981566941931178
v -1077.3199462890625 0.023841170594096184 372.7564697265625 0.4994678412044706 0.4965612730934484 0.5021371004348402
v 1262.019287109375 -24.414491653442383 860.6611938476562 0.5976792760020551 0.6042821045369775 0.6265650252729171
v 215.42018127441406 32.178035736083984 145.1817626953125 0.5951406972424401 0.5722590684305621 0.545550214294337
v -1316.1826171875 -37.13454818725586 1769.6507568359375 0.8632580630700021 0.9009941451673394 0.9737481293935736
v 358.35760498046875 1.5613572597503662 -1999.6715087890625 0.6196591609431047 0.6416413590061505 0.6870172177952081
v -44.126190185546875 7.8096442222595215 1923.676025390625 0.5992460931646602 0.6172602721773305 0.6565245738578948
v -1058.0745849609375 5.929189205169678 -1267.1849365234375 0.5093859557993269 0.5180398442470769 0.5417673094817673
v 1011.6780395507812 -5.513279914855957 -434.8606262207031 0.6770835773156366 0.6721794003495203 0.6778188063397326
v -1105.053466796875 -42.12743377685547 354.8059387207031 0.8501214738051971 0.846082991549901 0.856321068664958
v 1194.5228271484375 15.951384544372559 1146.7369384765625 0.7830771269075414 0.7961088061326613 0.8316145541883824
v -241.0677947998047 14.178635597229004 -1903.5946044921875 0.7606255647812253 0.7828799293837627 0.8315353707911091
v 885.275146484375 -22.08361053466797 -563.540283203125 0.8251330706728156 0.8175459013945792 0.82157746624348
v 2339.372314453125 -8.880674362182617 1585.7144775390625 0.43659344283891666 0.47363197268946905 0.5349341603420837
v 609.3843994140625 -29.652982711791992 1725.0999755859375 0.5479293068911724 0.5619219502669051 0.594310764990455
v -118.78643035888672 -41.601951599121094 -1900.4090576171875 0.8466981087339303 0.8706898719012547 0.9235949681476971
v 278.3569641113281 7.892392158508301 -794.7706298828125 0.5629327762049059 0.5529965020402231 0.5482040219707
v 2616.702880859375 8.70263671875 891.9678955078125 0.5377463456448578 0.5802116929116611 0.6513264685562338
v -2158.250732421875 12.812055587768555 1042.15576171875 0.4569947927209395 0.4830894519209152 0.5305819012912711
v 486.71636962890625 31.71339225769043 -1961.3211669921875 0.7345108666992047 0.7598318739470338 0.812357558118157
v 206.08399963378906 -31.558971405029297 1855.220947265625 0.4881927439606463 0.5017123863142601 0.5322265852080366
v 1844.8377685546875 -82.52043914794922 -1489.604248046875 0.4868259424859887 0.5137089588993872 0.562976905102992
v 1327.2152099609375 27.886962890625 690.062744140625 0.8245412810596672 0.8322843924764373 0.8605448327512855
v 2444.344970703125 52.095184326171875 -572.8114624023438 0.7411695713571385 0.7866450406816882 0.8670654168529063
v -2561.65625 -32.80601501464844 -14.239346504211426 0.47027231125098307 0.5017624129961796 0.5567914261541282
v -1340.201171875 1.700856328010559 -698.3258056640625 0.7571638764075972 0.7648290293859582 0.7917141869099679
v 1381.2576904296875 -24.735475540161133 741.0956420898438 0.8201131758385221 0.8304296127117073 0.8625355736418043
v -1113.677001953125 37.13693618774414 -1202.2816162109375 0.49821090891415504 0.5064080645085408 0.5292368007536944
v -2655.09423828125 10.027613639831543 -372.39752197265625 0.711987192085494 0.7631762484515505 0.8503460939199655
v 1454.024658203125 -45.79948043823242 -1708.2576904296875 0.8543715701612128 0.8934786761994985 0.9679344318087574
v -423.70501708984375 72.30510711669922 1983.3466796875 0.4701463744711622 0.48717116023791335 0.5223688133923958
v -797.070556640625 -8.461329460144043 622.1915893554688 0.7732543127883633 0.764950638218171 0.7668418148653589
v 752.4817504882812 61.18073272705078 1629.2821044921875 0.4760156598141477 0.4875065635387866 0.5148094096102228
v 2631.736083984375 2.868600845336914 387.44671630859375 0.7591436140506103 0.8124934090599695 0.903740380342804
v -2661.254150390625 -31.95394515991211 9.440503120422363 0.5660042503593059 0.6067396224318073 0.6763943992468466
v 1874.92138671875 -39.42322540283203 -1393.9036865234375 0.5256233473797614 0.5533706715282881 0.6047235348830291
v -153.7688751220703 16.732765197753906 -508.69952392578125 0.6659933864212567 0.6468190433004418 0.6282442444725991
v 1001.8483276367188 -3.0615856647491455 -1926.476318359375 0.7037130060406896 0.733602915067753 0.7919199144214547
v 1101.617431640625 22.611480712890625 -394.75726318359375 0.7186165792358543 0.7154466352409341 0.7246495474759661
v -1255.66162109375 -14.658576011657715 81.82350158691406 0.7352641529406176 0.7347018520088827 0.7483695262423332
v -2674.396240234375 0.019431203603744507 -569.9039306640625 0.7764655681840579 0.8345507494031186 0.932400919268666
v 156.51531982421875 0.3072319030761719 491.11871337890625 0.9452828319155101 0.9181602811611135 0.8914784805146155
v -2407.35546875 -51.5713005065918 565.489990234375 0.48104455178517797 0.5105584296913442 0.5632314812035691
v 210.75672912597656 174.91587829589844 163.01889038085938 0.6648785166652371 0.6396900302358757 0.6103838001321212
v -216.77964782714844 -60.7387580871582 -386.4422607421875 0.627736845427102 0.6076308830941841 0.586612272482581
v 2300.18017578125 40.10740661621094 1689.946044921875 0.47722945984440784 0.5182413980516128 0.5857671725423697
v -1561.3076171875 -7.8424577713012695 1696.0950927734375 0.4882726897391359 0.5133609494433052 0.5602155484152334
v -264.36614990234375 -41.972381591796875 -1919.934814453125 0.5017421690572911 0.5174300538557224 0.5513602687643783
v 364.13812255859375 34.49272537231445 1831.936279296875 0.6747174457020582 0.6929175818152981 0.7339654054780276
v 2230.90185546875 6.501987457275391 -1026.537841796875 0.8048062612622439 0.8513478020449889 0.9347655698222374
v 168.02792358398438 18.73883056640625 1880.7916259765625 0.6762714454938408 0.6951962755667869 0.7373294339297799
v 2632.6162109375 22.206396102905273 203.5738525390625 0.4713790525786928 0.505279095786162 0.5635011833492326
v 779.688720703125 19.863149642944336 1609.1702880859375 0.48395120016567744 0.4954562773872237 0.5229351501130861
v -1307.320068359375 -28.335256576538086 -834.0503540039062 0.5057820282650809 0.5119975438821044 0.5319701466856777
v 1376.82177734375 -38.53178405761719 234.0059051513672 0.6607595418831129 0.6641628469318441 0.6826846969901014
v -1383.7845458984375 -35.02591323852539 -224.13604736328125 0.49683604012060384 0.4995766590421998 0.5140381088955382
v 146.08340454101562 45.86238098144531 -741.1515502929688 0.6242539681379279 0.6112861701667328 0.6025670593165477
v 2565.844482421875 -68.45283508300781 959.3951416015625 0.4393545191431355 0.4740323472897348 0.5323938189344355
v 956.9175415039062 -25.498323440551758 -525.2169799804688 0.7528497067760173 0.7471485245140373 0.752902586820735
v 2488.489501953125 56.60395050048828 -613.5385131835938 0.8091175371878757 0.8609847486626935 0.9515957072099986
v -177.82931518554688 36.57264709472656 1956.6671142578125 0.8662100766126665 0.8933152580778324 0.9511099516122811
v -691.5811157226562 46.02092361450195 688.552734375 0.8258948165860961 0.8159331684567314 0.8160872538088054
v 1378.81396484375 6.698910713195801 266.8432922363281 0.49192851604305515 0.49470160627156606 0.5091227937062811
v 269.3170471191406 -24.488391876220703 301.7292175292969 0.5385915387990604 0.5203799927379134 0.5008088192625193
v 1200.0870361328125 -3.642422914505005 -128.94435119628906 0.5091928758864682 0.5076734331031315 0.5156529642711004
v 1579.640380859375 -9.258744239807129 -1597.4241943359375 0.4617224092481113 0.4840296633203304 0.5264554937566169
v 1364.0145263671875 -31.789152145385742 455.7686767578125 0.6443442692618376 0.6488460036622726 0.6687675017450416
v -1012.64306640625 62.56615447998047 463.32659912109375 0.8828192676807429 0.8769729604007287 0.8849027766067113
v -2255.81787109375 33.817909240722656 967.8502197265625 0.5712369062425556 0.6050990635616715 0.6658075414494121
v 888.58154296875 -64.92515563964844 -1992.2452392578125 0.6413819817819196 0.4878339879192049 0.5269638347787698
v -1916.8963623046875 33.71757125854492 1339.5762939453125 0.45567692855993586 0.48014234247399473 0.5253916378036864
v -515.8599243164062 -31.058061599731445 -1756.5404052734375 0.7770734400755132 0.5936063094063654 0.6403606831739567
v -2597.3359375 60.28817367553711 144.4747314453125 0.4915809849784846 0.5255660480847544 0.5844305604552577
v -1017.800537109375 -26.87664794921875 -1344.677490234375 0.8175681177596524 0.8322897010523272 0.8709840921740482
v -2599.852783203125 48.722869873046875 -191.69796752929688 0.6131408289382447 0.6548943209212834 0.727126096348566
v 220.50186157226562 -129.67274475097656 192.569580078125 0.5380959685890035 0.5178248221065213 0.49455062847809556
v -2406.25 45.53068542480469 594.8744506835938 0.8730093474041924 0.668388940674403 0.7205339796899394
v 962.8817749023438 -2.6260390281677246 -1912.025634765625 0.4631667213079051 0.4827953624782118 0.5215251281867213
v -2037.0677490234375 -2.1883111000061035 -2147.00634765625 0.521615695639007 0.5698339219165969 0.647745652672013
v 2435.510986328125 29.202951431274414 -600.1325073242188 0.7908317803469783 0.839041404012302 0.9243418221368833
v -1527.238037109375 15.783008575439453 1703.0684814453125 0.542578918349843 0.5696284066510952 0.6204168945136593
v -1312.70166015625 -42.99193572998047 -378.2671203613281 0.8552214540682548 0.8584383241668307 0.8802607319548246
v -2602.4560546875 -23.723285675048828 172.55369567871094 0.5274386922232464 0.563878047664292 0.626899184397169
v 2484.486328125 18.606277465820312 -540.8596801757812 0.4792439932047681 0.5107063133191202 0.5659272940202957
v 1359.20654296875 11.815217971801758 408.07464599609375 0.49305304830012525 0.49615834629840666 0.5111158814308944
v 2356.12744140625 5.399453639984131 1656.059814453125 0.788140434760082 0.854440823587491 0.9630938015754605
v 364.3490905761719 -20.979652404785156 1816.4920654296875 0.5010987950969841 0.5145863593983838 0.5453102342231498
v -1322.08251953125 51.9613151550293 35.869041442871094 0.4952241537786763 0.49621728858748765 0.5079184312057289
v 1042.646484375 -2.8468358516693115 1345.876953125 0.4933208969273472 0.5029550821843867 0.5278424643067526
v 1645.889404296875 -46.16682434082031 -1609.668212890625 0.4982111838430155 0.5236688889677312 0.5712579509620692
v -195.94546508789062 33.78427505493164 -132.62088012695312 0.9782921509762802 0.9411922233139233 0.8974105052172295
v -927.4208984375 18.6663818359375 -1416.609130859375 0.8288346695838081 0.844005637536494 0.8835869653269137
v 1342.2713623046875 -30.875993728637695 23.284534454345703 0.4967237700029615 0.49815438271214535 0.5105695467529061
v -739.1751098632812 20.976367950439453 -1648.6246337890625 0.5392705551647569 0.5524520791375153 0.5834805749612096
v 740.5397338867188 43.091243743896484 -614.6875610351562 0.5197394137404355 0.5129594138910221 0.5125974686782894
v -854.43896484375 10.353264808654785 602.02294921875 0.6085679591839914 0.6027449861595221 0.6056170154210553
v 555.8715209960938 17.88025665283203 -717.3944091796875 0.820593694564939 0.8085409449627655 0.805134530431364
v -689.6366577148438 -49.86771774291992 -1646.8780517578125 0.6154018100583397 0.4675823110314608 0.5052523246609884
v 1304.534912109375 -40.129825592041016 850.4075927734375 0.7035663531720313 0.7121815300834325 0.7395141253532874
v 2612.160888671875 -33.6116828918457 826.6475830078125 0.46506045398011137 0.5015568001387583 0.5629727223270378
v -1454.89599609375 61.05860137939453 1665.318603515625 0.7745206747193696 0.808855409469936 0.8749193931371022
v -63.41278839111328 -28.777435302734375 646.9925537109375 0.6210370779686258 0.6057127532761775 0.5929021809984678
v -2391.744140625 28.06273078918457 -1571.9193115234375 0.472160881140225 0.5130346317532002 0.5802365869507097
v 79.33470153808594 -67.77993774414062 603.8969116210938 0.9509552324801803 0.9267751484753931 0.9053354021734312
v 966.1467895507812 14.229718208312988 -474.1857604980469 0.6292377438271931 0.6240184326664746 0.6282582036708086
v -1163.55908203125 -72.36752319335938 347.4631652832031 0.4998264514114705 0.49848850581578447 0.5065848930311397
v -1912.0572509765625 7.22574520111084 1409.7952880859375 0.6595897794542052 0.6952123441204382 0.7604172664391053
v -888.927490234375 -1.1979424953460693 581.9476318359375 0.502293260185311 0.4977579221620719 0.5007486132961955
v -177.3513946533203 -50.20461654663086 1988.449462890625 0.5007370273802088 0.5179155165899977 0.5539669655900229
v -1220.7958984375 -61.86006164550781 -1055.35595703125 0.628415602097771 0.6378090855727049 0.6649064570212675
v -679.4232788085938 26.470834732055664 1952.87353515625 0.8177109329885875 0.8476605422403475 0.9085076745161208
v 1954.302978515625 -15.970239639282227 2211.43212890625 0.43307059449503127 0.4736253544941111 0.5392499265927285
v 463.7033996582031 -10.510926246643066 -746.982177734375 0.7981340411357699 0.7855314129854525 0.7807814241661684
v -866.9096069335938 1.476975679397583 617.9384765625 0.5252577263108432 0.520581195839252 0.5237695079138216
v 688.6627807617188 43.66911315917969 1678.79296875 0.47584589805518024 0.4878066190031139 0.5157967279768079
v -271.9912109375 29.210155487060547 740.5071411132812 0.7869362677107702 0.7718352573057651 0.7626747813891644
v -1282.0718994140625 8.136344909667969 1833.99951171875 0.7673181517045335 0.8024483549038074 0.8694540889944122
v -1322.771728515625 22.537456512451172 -816.9169311523438 0.4846755296310054 0.4907470730690629 0.5101048938256835
v 1251.1524658203125 23.181299209594727 884.5386352539062 0.5059271889624547 0.5117114843128634 0.5310293876494142
v 2340.2138671875 16.607891082763672 -775.1502075195312 0.7270778916436977 0.7698141880239429 0.8462296802261231
v -1848.7921142578125 -21.16877555847168 1383.8699951171875 0.4597947449432351 0.4836757984244117 0.5282220702525955
v 2455.43505859375 -23.427200317382812 -566.599853515625 0.5415488575706511 0.5759308669080296 0.6365977797418336
v 1008.2049560546875 8.519452095031738 1323.9791259765625 0.5266453332972456 0.5358974056808 0.5608508250702446
v 1567.6820068359375 46.19165802001953 -1626.8858642578125 0.4796224825910376 0.5030487625049951 0.5474221544394847
v 876.6110229492188 22.184865951538086 -618.2864379882812 0.6787909308720977 0.6730977243460651 0.6774886575395259
v 1812.2188720703125 47.80342483520508 -1496.616943359375 0.7879551887790295 0.828856590412266 0.9042525910604555
v -210.94082641601562 48.462711334228516 -333.0710144042969 0.5746538081027254 0.5551325741793414 0.5340104385050082
v 2174.097412109375 22.414594650268555 -1061.49267578125 0.4892313198558466 0.5176271928228378 0.5689984486689235
v -1771.55419921875 -25.19727325439453 1472.62548828125 0.525021755919571 0.5517590429055348 0.6017172451425014
v -1159.2633056640625 2.063413381576538 325.47833251953125 0.5143940199189234 0.5127971165001768 0.5207489173430389
v -1180.3343505859375 -39.27943801879883 1833.0240478515625 0.6287708794228037 0.6560066708637733 0.7089795448466367
v -1146.897216796875 5.73100471496582 355.15771484375 0.5926216562343479 0.5907195513762932 0.5996267433419263
v 826.7423706054688 24.646501541137695 1516.2705078125 0.7391468702672142 0.7539521418884003 0.7912650643411684
v 2154.9267578125 -41.99040222167969 1983.266845703125 0.5417696365498524 0.5905081184724462 0.6696878493407175
v 1292.37890625 -61.01197814941406 915.8094482421875 0.48361767911421355 0.49034092324598527 0.5106685832891514
v 1529.0477294921875 -15.369338989257812 -1628.8922119140625 0.5901931212191548 0.6176395700468079 0.670050910570832
v 1218.0562744140625 23.43708038330078 -160.95201110839844 0.7223274884011106 0.7208813178670199 0.7329068646861499
v -301.1501159667969 13.9263916015625 776.4097290039062 0.5489409659002077 0.5390319925191623 0.5340162451921534
v 883.6716918945312 -66.76457977294922 -563.5693969726562 0.5866389483033069 0.5810761075008204 0.5839636132849668
v -65.30774688720703 42.35640335083008 713.7761840820312 0.8008826909569874 0.7834105727703107 0.7704975989190191
v -2568.020263671875 -31.245237350463867 -979.399169921875 0.7146450264283047 0.7690479705841236 0.8604417745258363
v 1742.217529296875 19.657535552978516 -1518.61572265625 0.6405361394330811 0.6728670343164371 0.7331426752593243
v -706.890380859375 28.702606201171875 1983.6138916015625 0.464287928143227 0.4830687388165214 0.5206308846348914
v 2277.218505859375 57.8950080871582 1785.2886962890625 0.6702950754394655 0.5103719341781395 0.5511264064361926
v -2264.6015625 0.9929998517036438 -1773.55908203125 0.7433300500633769 0.8059360661429789 0.9085991762956502
v -1259.328369140625 -4.303929328918457 122.45291900634766 0.5823383504772796 0.5820569452778853 0.5933523715153354
v 714.4126586914062 -6.934309959411621 1668.706298828125 0.7768016704414236 0.7955677207804757 0.8394621600407198
v 2646.389404296875 -21.90359878540039 683.2627563476562 0.5405229522598034 0.5820807828290362 0.6521067517213822
v -2425.41455078125 -7.178108215332031 656.5940551757812 0.5478936934652963 0.5824010352383268 0.6433936891990408
v -373.16815185546875 3.9637598991394043 737.732666015625 0.8298273930330785 0.8151232932049465 0.8074613583116348
v -2596.614501953125 52.995262145996094 -588.6403198242188 0.6865343826520566 0.7352285396234519 0.8184708335787803
v -1347.42333984375 20.74609375 -472.451171875 0.616477719266493 0.6205192948637878 0.6392125014515683
v -2588.723388671875 -18.682296752929688 -18.995651245117188 0.5380655410506433 0.5745208120422151 0.6378394157988695
v 2642.78466796875 7.311204433441162 569.08935546875 0.6683213239897074 0.5088333828767868 0.5494769639220366
v -2577.49560546875 16.896265029907227 114.17697143554688 0.5338395201008718 0.5697446668575702 0.6322299707339702
v 1541.9091796875 -67.17153930664062 -1621.1934814453125 0.5560610934673818 0.5821557382159993 0.6319329518919388
v -985.8419799804688 15.414649963378906 1882.0791015625 0.6496468693858725 0.6757804141412695 0.7276635360972091
v 2157.6630859375 27.269922256469727 2004.9482421875 0.44626435420249294 0.48773066346181654 0.5548985902415348
v -1609.3271484375 32.735755920410156 1629.658447265625 0.7186261257575933 0.7537558400409168 0.819659607391363
v 1933.9091796875 1.1883139610290527 -1389.62744140625 0.8140197703207969 0.8576068517625738 0.9372639259353358
v -2610.200927734375 3.8351917266845703 -425.76885986328125 0.4794519635526429 0.5140011075980487 0.5732847773049903
v -856.372802734375 52.087623596191406 608.3019409179688 0.7253827243140458 0.7186844732645596 0.7223064328411235
v -2530.233154296875 22.36480140686035 -1077.81494140625 0.6444250990772761 0.6939384351984436 0.7770887092709932
v -1326.153076171875 10.063210487365723 -125.99893188476562 0.581738389731787 0.5831282425132542 0.5970469303199035
v -988.28271484375 -78.84490203857422 1933.473388671875 0.6466535278672052 0.6742956224898377 0.728226979212761
v 1680.1329345703125 39.57794952392578 -1530.0982666015625 0.5760168009848273 0.4368814475999818 0.4723383934997127
v -2424.99365234375 -3.7592356204986572 -1415.3209228515625 0.6178545578927045 0.667802516502004 0.7507569604219444
v -1345.953369140625 -44.616580963134766 -829.1599731445312 0.5248247058307565 0.5319860735658697 0.5537533173075184
v 543.29638671875 12.159526824951172 -758.2482299804688 0.6938126366106052 0.6841809903654901 0.6823896521533657
v -1296.636474609375 -8.184109687805176 -797.407470703125 0.5382779013777322 0.5441478297305523 0.5642011146531742
v -1690.065673828125 -65.04376220703125 1581.8739013671875 0.7804755297588399 0.8194715114726134 0.8920936504953731
v 224.75758361816406 -92.26118469238281 349.06610107421875 0.5728866192613413 0.5538367357791425 0.5335150493149223
v 821.2059326171875 -12.853629112243652 1560.2235107421875 0.5206391910120988 0.532288227309835 0.5606942568316714
v 2574.713134765625 61.21019744873047 -30.925846099853516 0.5771923231349498 0.6155592243592148 0.6824055071216649
v -223.24337768554688 16.665124893188477 -248.39505004882812 0.6538541439672388 0.6305345629052574 0.6043532469137873
v 216.98370361328125 -0.533092737197876 -2047.408447265625 0.5674618075536189 0.5885591016340384 0.631583764280457
v -298.04132080078125 -36.6668815612793 1977.3004150390625 0.8205250181819191 0.8477248793661607 0.9047165589997814
v 55.32002639770508 69.98395538330078 -1988.1890869140625 0.7141891332439065 0.7376974382538023 0.7872118384860288
v -2350.350830078125 50.5223503112793 -1647.7554931640625 0.6406619705343989 0.6949578300178163 0.7840914937174516
v -1313.05810546875 55.124629974365234 -814.232666015625 0.4850275076231619 0.49088426818688097 0.5099216437335365
v -2515.06787109375 10.023469924926758 427.0245666503906 0.4753367223528812 0.506816106517693 0.5619602666636846
v -88.75629425048828 -57.61382293701172 694.6467895507812 0.8288364152213187 0.8102988490081252 0.7961190340325851
v 684.2925415039062 -26.08732795715332 -676.6608276367188 0.5058944649735614 0.49927658399002856 0.4989213980535881
v -1210.9097900390625 54.489444732666016 164.89002990722656 0.5963822555921917 0.5950057645016827 0.6048207431874748
v -2394.165283203125 -32.31000518798828 714.881591796875 0.8291778630978979 0.879100621845614 0.9676390171146306
v -1355.6046142578125 13.124807357788086 -410.73260498046875 0.7653743377756967 0.5844868060210138 0.6305837888328835
v 237.36264038085938 60.23890686035156 -706.0983276367188 0.554964327173785 0.543099774312584 0.5348971184883359
v -1175.6448974609375 -16.993270874023438 -1097.3975830078125 0.5853196179956146 0.5939710869038546 0.6191337151605438
v -47.336124420166016 9.331798553466797 -648.8469848632812 0.5311222014029402 0.5178454761585249 0.506754948037129
v -1373.1253662109375 12.1749267578125 -537.6205444335938 0.5949064946169419 0.6000588363603196 0.6200664851865897
v -2584.994873046875 24.935691833496094 134.2491912841797 0.4760325975598661 0.5086653394600966 0.5653486345739352
v -1333.9871826171875 -5.516740322113037 -488.0865173339844 0.5281864278888677 0.5315222345287676 0.5474874002104076
v 329.65228271484375 -30.655893325805664 -772.2221069335938 0.9246047229686346 0.9087681073062177 0.9010285221244989
v 1881.5419921875 0.2891436815261841 -1425.202880859375 0.6550490346343465 0.6898763751405367 0.7538945694592348
v -92.27269744873047 52.230655670166016 -587.3948364257812 0.9293174644793354 0.9051843981855482 0.8833861865621638
v -1264.8997802734375 4.6351799964904785 24.029436111450195 0.894955406908435 0.8945308102423079 0.9113585321811973
v 1248.596435546875 17.314123153686523 1074.7236328125 0.4998053997855328 0.5082309903866611 0.5314334292541963
v 117.78478240966797 -32.282470703125 574.4607543945312 0.6061476051671018 0.5897588160819264 0.5748065916741962
v -1851.131591796875 -44.025482177734375 1446.5687255859375 0.5965022032739604 0.6280795439224031 0.6863045660723823
v 194.03379821777344 45.39486312866211 459.7795715332031 0.5800690722494684 0.5625109328210326 0.5449772813951677
v 510.59222412109375 -52.69742202758789 -692.3759155273438 0.6558676408307503 0.6448914203885207 0.6401395195286921
v 2313.1376953125 70.64301300048828 1751.1707763671875 0.47767317157871897 0.5202643038013882 0.5897949933693817
v 763.3618774414062 -20.501195907592773 -680.917724609375 0.561300453991134 0.5553870635834943 0.5572289001700017
v -389.36529541015625 -35.93124008178711 778.16357421875 0.8891552215396108 0.8749052928600468 0.8691430076600991
v 1275.0697021484375 -15.135991096496582 -91.41840362548828 0.5402226503131556 0.5402632574647968 0.5512922770460734
v 173.60523986816406 -92.28182220458984 430.7206115722656 0.9244389642076082 0.8962643742077424 0.8672940221666409
v -2171.614013671875 -56.814212799072266 1019.632080078125 0.5600425803771181 0.5914670354995655 0.6486233452184142
v 2651.150390625 -19.305078506469727 -83.44837951660156 0.7533820169883144 0.8059991688304001 0.8961378257962395
v -214.5215301513672 18.524585723876953 -368.3931884765625 0.5254861090672329 0.5080800974326434 0.48965781905040856
v -1235.39697265625 -0.8095205426216125 174.3514862060547 0.5033186234528082 0.5026898840794811 0.5119788878679683
v 129.90017700195312 -35.996788024902344 -707.3954467773438 0.5402558719809754 0.5281542525166737 0.5192587486518412
v -1370.681640625 15.935712814331055 -190.08447265625 0.7778636718748373 0.781396587370906 0.8022837845969611
v -329.35455322265625 24.048940658569336 2013.978515625 0.7549033275848669 0.7816485074497406 0.8366275925418301
v 1087.7445068359375 18.377561569213867 -1860.3995361328125 0.5987506815015091 0.45460264968017533 0.4913370237843641
v -189.4739990234375 -31.39657211303711 -463.7203063964844 0.5416571373579597 0.4100978927287886 0.44362418242953866
v -1364.9444580078125 6.232721328735352 -425.9631042480469 0.8928881409364913 0.8986709093190857 0.9251790805280475
v 47.159080505371094 -56.31825637817383 1967.3238525390625 0.8506127837602662 0.8773930935553257 0.9344018799852303
v -1310.8963623046875 -9.378726959228516 -69.01065063476562 0.5707343938238112 0.5716205585575233 0.5845450247692199
v -2127.736572265625 12.173101425170898 -2006.514892578125 0.7562810468569068 0.8223328526669894 0.9297161629662812
v 2158.27001953125 31.937637329101562 -1069.930908203125 0.5332293902162514 0.5635919787660817 0.6186726784073333
v 60.74198913574219 -3.2000625133514404 1940.3460693359375 0.8439416158666198 0.8694077797646196 0.9243889265316835
v 2656.13427734375 -2.6512370109558105 535.50830078125 0.5028897022289327 0.54104888895249 0.6056528910114549
v -176.8502960205078 -33.352298736572266 -126.13434600830078 0.8836487455543732 0.8493922760325906 0.8086099536601903
v 2624.772216796875 -16.6104793548584 366.3715515136719 0.672905405329452 0.7201905984539345 0.8012334232479287
v -1390.1640625 -46.647823333740234 1746.799560546875 0.7829404121276163 0.8185159845736498 0.8864875168207018
v -1382.5325927734375 91.283447265625 -516.8458862304688 0.7344223590366068 0.7407248780889599 0.7650955215111832
v 1295.447998046875 3.977205514907837 175.66490173339844 0.4938229961064013 0.49448340338035995 0.5056354339720008
v 2477.131591796875 0.4784065783023834 -483.63482666015625 0.6270973600669002 0.6665582790723679 0.7361221394223303
v -2601.3359375 -59.99043273925781 118.67313385009766 0.5306805777933652 0.5671858631481568 0.6303782048264177
v -690.0014038085938 22.57600975036621 -1720.4482421875 0.5937750582485221 0.6095393939859539 0.6454259090793902
v 1291.5181884765625 -59.25090408325195 905.131103515625 0.8866391713916812 0.8981206059209325 0.9332452885362613
v 1864.9061279296875 -8.523521423339844 2286.78662109375 0.691411885164756 0.7534130165038389 0.8537488285527844
v 870.411376953125 -21.572004318237305 1457.4886474609375 0.5034964398682216 0.5131905249178944 0.5383624755778855
v 574.7700805664062 -70.71894836425781 -2006.649169921875 0.6047246218261969 0.627992188184405 0.6748768634868457
v 1131.1527099609375 -37.12004852294922 1186.156494140625 0.48994941290376165 0.4980292523257616 0.520524753219583
v -965.3770141601562 19.418073654174805 -1426.5716552734375 0.5570287216907852 0.42208012205287027 0.45647015605158464
v -641.0505981445312 -33.042274475097656 2002.022705078125 0.47733633171788364 0.49649426094672405 0.5348666075085969
v 1571.4881591796875 -8.289236068725586 -1613.6451416015625 0.8402662446217277 0.879182482026223 0.9530575709570989
v 695.4110717773438 -56.39630126953125 1700.62451171875 0.601400207342311 0.6168635002414746 0.6524610047711418
v 2426.5634765625 36.80976104736328 -556.5970458984375 0.4672255585772443 0.4964536193318024 0.5484033272419
v -2430.736083984375 -9.04350471496582 -1519.315673828125 0.5796992759721876 0.6290842141841796 0.710213844461388
v 2581.39013671875 42.69675064086914 962.4651489257812 0.46777133446349045 0.5049262722790134 0.5672643574150098
v 1051.3021240234375 -46.62919998168945 1193.1107177734375 0.6867056605788894 0.6961595794362533 0.7244482398886057
v 2089.640625 21.95176887512207 -1086.40283203125 0.45542516905803504 0.4803217320353543 0.5261523004341131
v -2284.94580078125 -10.637584686279297 898.1083374023438 0.8384101630039937 0.8867399278060855 0.9733766840496897
v -493.1204833984375 38.29132843017578 -1760.5050048828125 0.7124527103094304 0.7302183764787646 0.7713790121350017
v -12.218719482421875 32.89085006713867 1919.343505859375 0.8086961516704668 0.8322854608726432 0.8838422888020735
v 2327.008544921875 12.651949882507324 1654.0474853515625 0.5541427493397704 0.6011081739622012 0.678426088845156
v 230.9377899169922 -42.31715774536133 -744.6770629882812 0.5231357176080199 0.5125818514493908 0.5059798462903795
v 36.28067398071289 35.939517974853516 -2003.516845703125 0.5184488658843454 0.5363784406699502 0.5738700810997425
v -888.8532104492188 36.1068115234375 1896.3245849609375 0.5797416481995458 0.6023425996704106 0.6477546995765134
v -1293.8447265625 5.613616943359375 -37.9691276550293 0.8204916807153263 0.8211015432390144 0.8381924104439564
v -113.95377349853516 -102.7143325805664 -556.9083862304688 0.6110077963908632 0.5941038642865202 0.5783556400505171
v -770.2957153320312 -10.346997261047363 -1634.7576904296875 0.4757109766199194 0.4874922195229629 0.5152160827664717
v -2099.640380859375 32.007171630859375 1161.5555419921875 0.537288943226378 0.40669284224017355 0.43997369141131953
v 224.3594512939453 22.278432846069336 -2000.7799072265625 0.5104079507855317 0.5283402254809016 0.5656691437692317
v -2256.982177734375 -24.46164321899414 -1730.713134765625 0.5427769944975103 0.5884715509114755 0.6638471510747227
v 2319.580810546875 74.21727752685547 1690.53662109375 0.4372399553993645 0.47565425518014764 0.538718036284994
v -2302.21435546875 -13.3178129196167 879.3563842773438 0.4728319853076514 0.5016519002835982 0.5531943769793493
v 2049.310302734375 64.40563201904297 -1260.4306640625 0.7543476594932853 0.7959936330555933 0.8716038762452848
v -433.322021484375 6.283663272857666 2032.527587890625 0.6140027757122141 0.6373014097310441 0.684426814726631
v 2050.055419921875 -7.036757469177246 -1196.3602294921875 0.4562769905812933 0.48171051943956994 0.5282905226747341
v -2027.03076171875 19.530569076538086 -2141.190185546875 0.4312925013010429 0.4716152099537613 0.5368954896033351
v 131.52252197265625 -140.9944305419922 570.56982421875 0.8913081717811083 0.8678231761482192 0.8463741473315356
v 1277.2060546875 17.753803253173828 -110.3465805053711 0.9051360591245856 0.905337374689641 0.9233426362858101
v 1861.8863525390625 -23.865455627441406 -1417.3585205078125 0.5678607736973829 0.5977462965590293 0.6529980673414997
v -1343.0802001953125 -9.977216720581055 1784.0897216796875 0.7381281022773307 0.7718278495939276 0.8362013115095921
v 2141.640625 -55.94835662841797 -1124.9952392578125 0.4547266502540463 0.4813152766750844 0.5294202398976545
v -2544.7197265625 33.63381576538086 -1275.456298828125 0.5373240709694942 0.4067202349454365 0.44000303808716845
v 2617.689453125 -70.6181869506836 586.5892944335938 0.4675785978944443 0.5025019165468647 0.5619541029464619
v -1924.8187255859375 23.92724609375 -2251.825927734375 0.5438774238100221 0.5940622299714042 0.6751127623910003
v -681.9007568359375 66.32339477539062 -1688.8150634765625 0.5977413447571523 0.6126463203811499 0.6473537953113468
v 1357.16796875 -9.40233325958252 263.7835388183594 0.752287066089935 0.5742851926260969 0.6196468138936718
v 190.6530303955078 -91.50397491455078 367.8514099121094 0.6374910609465197 0.6164625281848864 0.5940168934492748
v 1405.7457275390625 0.40565887093544006 299.9386901855469 0.7916637066838004 0.7970876749477012 0.8211654328687841
v 2646.803466796875 -59.62383270263672 661.029541015625 0.7485740014700082 0.8044105772959533 0.8985915930645971
v -2006.18359375 -9.41574478149414 1292.504150390625 0.7957754381096452 0.8386764979650952 0.9169715398133
v 2291.48876953125 -73.65406799316406 1787.1195068359375 0.4539845200882308 0.49483168033842945 0.5614588358366007
v -190.2006378173828 -15.727518081665039 -387.89678955078125 0.5472591546609052 0.5293100752333024 0.5103915586077188
v 181.7099151611328 -80.4743881225586 102.1961669921875 0.7109650206410703 0.6828071297087936 0.6491558109638533
v 96.88688659667969 -39.26057434082031 1919.2718505859375 0.8007490290579643 0.8242136770910413 0.8754298029549815
v 1035.2286376953125 -5.25029182434082 -1918.076171875 0.5042790548589487 0.5265404489680819 0.5698469049673173
v -2470.4296875 7.103599548339844 -1297.9444580078125 0.4968389125954344 0.5372338793964961 0.6045418790404409
v 211.0950164794922 -9.19164752960205 -1997.8912353515625 0.6355543470633666 0.6573145169598176 0.7027041339420218
v 43.09077835083008 -119.10791015625 -699.3346557617188 0.887071979232902 0.6793508372305803 0.732286059162703
v -249.61224365234375 7.980468273162842 736.4542846679688 0.5118027070912619 0.5014153986359255 0.49487457754975367
v 1321.0015869140625 44.263973236083984 565.7723999023438 0.6868831458171627 0.6916259847865213 0.7127086689056965
v 2566.97412109375 -41.19741439819336 1196.53564453125 0.5839483071530557 0.6323217050539983 0.7122946012348431
v -225.0077667236328 162.6116180419922 -348.8224792480469 0.5667470989782009 0.5478821084310359 0.5277567071623899
v -721.6580810546875 42.768592834472656 -1604.8314208984375 0.7286736666295471 0.7444104136159424 0.7829015258976149
v -2612.26904296875 15.65464973449707 -30.640602111816406 0.539137549104581 0.5764528643080643 0.6409287838241841
v -1294.2813720703125 -30.9891414642334 -810.7628173828125 0.8049608776304035 0.8136497618923497 0.8429927699510039
v 1194.695556640625 33.33489990234375 -278.5876159667969 0.4996390574447536 0.4985666039095476 0.5070825214857091
v 2169.37890625 -66.36695861816406 1923.3758544921875 0.6208122643284486 0.6747641963327817 0.7628731821181933
v -2595.501708984375 -2.3087539672851562 -658.3308715820312 0.7037400249183317 0.7542296251400309 0.8402686515297998
v 2652.434326171875 55.32851791381836 241.07260131835938 0.7825346410825951 0.8375746987332727 0.9316481475402703
v -1979.78369140625 20.154266357421875 -2141.66064453125 0.5808017192651036 0.6322455832494999 0.7159996722402003
v -1338.1583251953125 89.13928985595703 -808.0794677734375 0.8089497522327068 0.8189786707397549 0.8504382048874483
v -2628.66943359375 -45.24335861206055 -763.6743774414062 0.8066363451313251 0.8669770154443456 0.9685680649775396
v 1382.2315673828125 -7.366223335266113 -1771.943359375 0.7557251851943693 0.790755162285377 0.8573622861096194
v -177.98777770996094 77.79814147949219 -459.9271545410156 0.7996847315907905 0.7758920297753684 0.7520090284714988
v 2446.426513671875 -5.465787410736084 -491.2792053222656 0.7195742121634147 0.7631665240383829 0.8405403431110793
v -2343.664306640625 -28.24469757080078 732.5924072265625 0.7057744996859825 0.7469449634418828 0.8207407162647884
v -788.2622680664062 41.029029846191406 647.5586547851562 0.5836332410419405 0.5774405071132133 0.5792425625848818
v -2443.712158203125 19.790849685668945 546.4909057617188 0.5707991201412248 0.6063203556188018 0.6692349010716309
v 567.9646606445312 12.789193153381348 -1962.2587890625 0.7499930773205576 0.7766559056939651 0.831415223080747
v -1018.366943359375 68.78673553466797 1902.1837158203125 0.4833229519326156 0.5041627059152237 0.5450258970297691
v -511.5675048828125 -25.806472778320312 -1741.7838134765625 0.48540505148947083 0.4976006453057294 0.526123363729271
v -1120.866455078125 -37.50893020629883 1911.0791015625 0.8387145745192485 0.8758947746033419 0.9473327656455456
v 2089.84619140625 -31.4173583984375 -1180.6234130859375 0.4551285998680615 0.4812252759290449 0.5286759170272557
v 1034.1929931640625 -18.155656814575195 1353.1597900390625 0.7793371798822709 0.7940192023367616 0.831921868464959
v 72.6661148071289 45.330711364746094 604.785400390625 0.7990539116248871 0.7785264565859004 0.7603266198747626
v -2395.89990234375 16.553895950317383 677.3483276367188 0.7906674287405664 0.8380084005487486 0.92214725469606
v 2150.3046875 22.253259658813477 -1076.04052734375 0.611846936790313 0.46481124100832966 0.5022815111115316
v 1164.829833984375 -24.05406951904297 1136.363037109375 0.8973804808054741 0.9110228451714942 0.949617041324324
v 2633.681640625 25.07677459716797 515.5394897460938 0.7281306956975742 0.7805144288805439 0.869671153711166
v 1330.511962890625 -6.885228633880615 54.15111541748047 0.5205304299625778 0.5217750331873724 0.5343374730640487
v 1750.2998046875 -56.74477005004883 -1488.483642578125 0.6064121224953385 0.46057480029243153 0.49773967465286745
v 37.86392593383789 -103.8803939819336 -660.4881591796875 0.9223959364768829 0.9006173288418269 0.8827444641654095
v -1278.653564453125 63.89582061767578 -971.2315063476562 0.7305716525275819 0.7411006744462983 0.7718429228997922
v -559.01708984375 -28.557884216308594 1961.183349609375 0.7325075116537567 0.7584591009460377 0.8118411423328301
v -261.51934814453125 15.14663314819336 724.54345703125 0.562599686470927 0.5511255525887936 0.543734643046808
v -1765.5958251953125 -37.97137451171875 -2410.611328125 0.46422704837388745 0.5085867512767553 0.5799137379972302
v -1297.04248046875 -37.3306770324707 -51.33539962768555 0.7218444159270435 0.7224969887166175 0.7378377722127724
v 375.88739013671875 -31.48198890686035 -749.78759765625 0.8111967859859123 0.7971659701596351 0.7902760969426658
v 2502.134765625 66.64228820800781 1178.412109375 0.6390200236819608 0.6887900092423346 0.7721182286658692
v -2567.1279296875 -22.990306854248047 -115.217529296875 0.4513262144233124 0.4819073894248394 0.5352509819922378
v -1358.6405029296875 46.83469009399414 -578.8718872070312 0.5180569315362634 0.5226517744735192 0.540373178000685
v -2310.79052734375 -16.840097427368164 789.3631591796875 0.5117821505386875 0.5420387053985131 0.5964590339033791
v -703.002685546875 -34.23768615722656 -1627.287841796875 0.6138924055596245 0.6277107038502884 0.6611353328090414
v -1647.518310546875 -40.1828727722168 1604.8065185546875 0.5487107131874971 0.5764228425102575 0.6282608029256895
v 1928.3603515625 20.610031127929688 -1309.29345703125 0.45575781371774565 0.48002110395547287 0.5249965546017141
v -240.20248413085938 -83.98395538330078 -269.48541259765625 0.9664606027119867 0.9337214256131551 0.8975439209410072
v -178.89797973632812 -3.3923323154449463 -1891.2930908203125 0.4792036593033187 0.4933095819329308 0.5244964644302353
v 1107.497802734375 46.09299850463867 -348.121826171875 0.9296145254123068 0.9252328080124523 0.9363883871946829
v -767.6761474609375 6.001131057739258 598.27197265625 0.5078775348937348 0.5014584852300356 0.5014684942542137
v 1327.1796875 29.855623245239258 848.1070556640625 0.5882519332991756 0.5960383988750445 0.6199467283036248
v 197.0381622314453 -59.2061767578125 -1986.7669677734375 0.4689096669276696 0.4851085783636994 0.5191013958524067
v -128.11793518066406 164.8316192626953 -534.4501342773438 0.996005720289353 0.7642653684394163 0.8233215862861128
v -145.20809936523438 32.16971969604492 -1924.58984375 0.6562553820654221 0.6760331141985526 0.718998897683296
v 772.4884033203125 40.015724182128906 1574.18017578125 0.7627966518090626 0.7789972277639309 0.8188367594751784
v 2329.936279296875 8.073960304260254 1748.9151611328125 0.5274501432942414 0.5744589425153078 0.6510366830469673
v -2094.110107421875 54.25434112548828 -2013.38427734375 0.47084420808484756 0.5130122361809152 0.5818059912273341
v -1262.146484375 -9.055656433105469 98.18651580810547 0.7304545653740515 0.7301289330385115 0.744082916304655
v -2576.863037109375 -48.51511001586914 -989.030029296875 0.6038939717591115 0.6509256195844326 0.7297550972216421
v 2406.0537109375 23.182838439941406 -633.6318969726562 0.7083105474304711 0.750969526296301 0.8268187962827359
v 1301.549560546875 -7.677472114562988 31.573760986328125 0.922456380150494 0.9234261455966017 0.9429628985840145
v -1328.6907958984375 26.755064010620117 15.892505645751953 0.4937417593330303 0.4948670423332325 0.5067483947898708
v -892.4937744140625 -21.043996810913086 1896.7725830078125 0.5365125958773835 0.5576304685543773 0.6000290417287337
v 1882.4609375 -21.567384719848633 2285.660400390625 0.55127657200194 0.602031119757149 0.6840203646824222
v 226.56051635742188 -24.770292282104492 -757.7496337890625 0.6919782860013093 0.6786326590617755 0.6705934880160589
v 496.5688171386719 -18.226781845092773 -1981.10546875 0.5857807854176473 0.6069919852134711 0.6505628318798878
v -1179.29931640625 22.798856735229492 1871.07470703125 0.5620464386186856 0.5875982719453093 0.6367567148987292
v -1357.6463623046875 -65.90812683105469 -389.5605773925781 0.5041947116256456 0.5072113226059798 0.522237484691342
v -2361.88525390625 80.84439849853516 -1547.9144287109375 0.7750799261641332 0.8375089044013612 0.9408778031392815
v -1146.994384765625 -0.4624798595905304 -1069.497314453125 0.5202111405718215 0.5270100510138198 0.5481405469360123
v 1264.2822265625 29.34398651123047 -155.3490753173828 0.7318377964498302 0.731751692405388 0.7461101950752465
v 1537.4117431640625 -38.9208869934082 -1646.4676513671875 0.5981701093223691 0.6265705558176309 0.6804793245215622
v -183.18780517578125 14.581864356994629 -151.5315704345703 0.8686049064912975 0.8354752038637082 0.7963991549683379
v -1170.036865234375 -37.15225601196289 269.790771484375 0.5540127983374736 0.5522266408934859 0.5606069007162976
v -2247.17333984375 16.957481384277344 -1778.88623046875 0.44267572368509084 0.4813853301870136 0.5449827379377016
v -926.845703125 33.001922607421875 -1487.42431640625 0.6623478378992845 0.6765285890896312 0.7114304245980306
v 1358.7777099609375 36.84607696533203 -20.09010124206543 0.5003287333244698 0.5021320723342919 0.5151971089640786
v -359.6710205078125 44.20721435546875 755.3414306640625 0.7172599639619298 0.5469813356033599 0.5903747994711492
v 560.4013671875 20.563087463378906 -698.3069458007812 0.5176046476506351 0.5094743091494288 0.50683346787627
v -466.5284423828125 -32.926876068115234 750.6372680664062 0.5280176071750914 0.5195000796177083 0.5164123752855906
v -2547.60986328125 -2.6482937335968018 272.6199645996094 0.4850310037008641 0.5174197241746558 0.5740131871280685
v 2553.967529296875 9.59541130065918 -217.47703552246094 0.5049719543758063 0.5385896631759974 0.5973164228287988
v -2501.948974609375 -20.232181549072266 468.009521484375 0.687307333628954 0.731132773379247 0.8080053969822807
v -1073.3138427734375 -14.064889907836914 366.592529296875 0.703649153001042 0.6995066050204507 0.7068687787687985
v -1197.1546630859375 -4.157585620880127 1826.7630615234375 0.8232386783688317 0.8583917440668294 0.9266691429030546
v -1377.4176025390625 8.851859092712402 -300.85345458984375 0.8154147818883637 0.8200209905310516 0.8432713489822601
v -2626.749755859375 -1.7526707649230957 -525.2654418945312 0.48960887371155554 0.5258828106094329 0.5876834196059896
v -1158.75927734375 4.923647403717041 361.5062561035156 0.6209603437693562 0.6193175650416249 0.6291613333654238
v 863.2111206054688 5.001673698425293 -593.1016845703125 0.512288647613378 0.5073545761903936 0.509881719942479
v -1286.9837646484375 -31.54737091064453 67.83039093017578 0.5039719407413703 0.5042379765928224 0.5149553015910765
v -2280.6064453125 -15.4526948928833 -1771.7401123046875 0.6953145508012372 0.754688524972192 0.8518492573469081
v -1355.440673828125 -68.19763946533203 -635.0452880859375 0.9779925636867207 0.7502240163243469 0.8082680595784244
v 1344.1912841796875 -35.17163848876953 631.6318359375 0.4948717722479408 0.4994701464990002 0.5167658176373364
v 2641.735107421875 4.960654258728027 666.812744140625 0.44298032789867353 0.47747995802363724 0.5357121882864531
v 768.17626953125 -23.042875289916992 -610.561279296875 0.8262023986958151 0.8164085276824232 0.8168447219949795
v 2580.44873046875 28.499191284179688 -174.0540771484375 0.5368883394663341 0.5731886007848158 0.6362727947937947
v 574.546875 -10.238606452941895 1706.9681396484375 0.7397879793206624 0.5645420534003731 0.6092013558038193
v 52.40993118286133 154.1085968017578 620.4588012695312 0.5378245375977942 0.5238428424342497 0.5116715180389885
v -2626.959716796875 -12.387971878051758 -745.090576171875 0.7581260301799554 0.8147450495256926 0.9101986704864534
v 1683.4072265625 16.876047134399414 -1595.3983154296875 0.5316806781340588 0.5591987334408824 0.6103789545234289
v 1248.290771484375 31.048503875732422 883.561767578125 0.5120089026925653 0.5177873772404047 0.5372100936035056
v 2520.614990234375 19.55319595336914 1185.225830078125 0.48406692687928615 0.5233564603833744 0.5888887395013839
v 84.70970916748047 3.4800589084625244 1882.574462890625 0.47792860930780395 0.49162752890452016 0.5221978798128537
v 2659.017578125 3.0629124641418457 414.0579528808594 0.608755543183627 0.6534393274054026 0.7293752984473811
v -261.3288269042969 21.2539005279541 -267.4444885253906 0.7361621262056333 0.7111259948934501 0.6836802159280795
v 2468.641357421875 24.809329986572266 -522.7769775390625 0.663706248828743 0.7052646576699886 0.7785349836072216
v -2624.160888671875 -5.609983921051025 -527.5933837890625 0.4799662247393172 0.5155334683590665 0.5761562139440718
v 478.1711120605469 47.38764953613281 -2009.3560791015625 0.5554392568508331 0.5763229256801584 0.6187914026219012
v -1198.41162109375 6.391596794128418 1859.02880859375 0.46894210993362867 0.4906415359342245 0.5323868447581179
v -262.8509216308594 30.433382034301758 740.656005859375 0.7757081109024941 0.7607232259446529 0.751540780576317
v -221.13604736328125 104.80287170410156 -367.0542907714844 0.616159247047772 0.5960818647844752 0.5748662017730348
v 1777.1156005859375 19.432775497436523 -1523.1728515625 0.5372328797732816 0.565666500660809 0.6182254016704567
v -1213.2138671875 -22.650941848754883 1831.555908203125 0.4666783157811684 0.4878940333350304 0.5289170650160462
v -664.1192016601562 33.44883346557617 -1674.8687744140625 0.6322466097430621 0.6473358952903128 0.6829917625546925
v 64.37001037597656 118.6958999633789 -686.2085571289062 0.7382259525692438 0.7212911217523232 0.7080555724314722
v 121.38395690917969 -102.21322631835938 564.37255859375 0.8096501479489294 0.7879560855570603 0.7679484875165482
v 1150.948974609375 -22.58991241455078 1218.7406005859375 0.5822540586289228 0.5927256183149688 0.6205663912389079
v -18.48050880432129 -5.431681156158447 -1946.1082763671875 0.48959090405282163 0.5051429177989748 0.5386304268015533
v 1266.20361328125 22.431243896484375 -134.15504455566406 0.750018750292607 0.7499149417890852 0.7645804003925739
v 1822.16357421875 36.26671600341797 -1463.709228515625 0.4875552926601779 0.5135102107055307 0.5615327111969388
v 859.0338134765625 64.38053131103516 -604.0994262695312 0.7833351000392061 0.7761316172184977 0.7800098146266523
v -1281.1280517578125 -1.7642563581466675 -824.4005737304688 0.8571558202676425 0.8662281015699588 0.8971320406906949
v -207.9109649658203 70.48871612548828 -219.11476135253906 0.8639372894624968 0.8327941133870153 0.7972111549154858
v 2653.99365234375 -8.09300708770752 149.87306213378906 0.6114496323135846 0.655049080245465 0.7296489436906158
v -166.2991943359375 28.19481658935547 -487.53375244140625 0.5621887908708056 0.5454469536674611 0.5289719705108746
v -1389.713134765625 -10.407773971557617 -506.4931945800781 0.4914662954838898 0.49589989413748564 0.5128789437051297
v 95.7122802734375 8.02756118774414 1942.0177001953125 0.8027249561702008 0.8271464267211325 0.8797839628206716
v 2568.447265625 -49.527217864990234 1104.141357421875 0.55367639067163 0.5984175101491404 0.6728950088708401
v -197.0271759033203 59.70311737060547 -484.8465576171875 0.6240614997352573 0.6058233258781193 0.5880156250361118
v 1494.5238037109375 19.14711570739746 -1661.449951171875 0.7105202189194677 0.7431091698739799 0.8053279704701363
v 1149.037109375 63.841835021972656 1103.8238525390625 0.6577071686770027 0.6668859096236448 0.694211584880557
v 232.08900451660156 -37.794525146484375 201.85438537597656 0.8070130779119116 0.7779469524633329 0.7448349452047598
v 1286.435546875 -4.506278038024902 -83.94725036621094 0.7277183957578423 0.7281032171638051 0.7431299258009032
v -1294.138427734375 -51.56465530395508 -876.4497680664062 0.5582131600551076 0.5653257105383095 0.5876462366448354
v 1174.732421875 18.749717712402344 1165.2493896484375 0.654792931949834 0.665792110889725 0.6958063734767892
v -457.9874572753906 -4.255686283111572 -1826.8134765625 0.48888054507972906 0.5028327996729406 0.5339904107446346
v -2611.897216796875 -4.208949565887451 -262.8043212890625 0.4488839645051362 0.4808926741727257 0.5360481215262256
v 2131.49560546875 2.4423515796661377 -1123.91552734375 0.8188538478320532 0.8639940612498251 0.9458667659072112
v -2587.056396484375 40.9567756652832 205.10540771484375 0.6359523107044099 0.6786730484014849 0.752769216254353
v 2411.270263671875 -65.01970672607422 -636.9800415039062 0.5495272162306585 0.5835070901380726 0.6438381217036274
v 800.78955078125 -32.09197235107422 -662.9345703125 0.7221050386595373 0.7151244384099154 0.7182245439819803
v 770.8067016601562 -32.92216110229492 -1981.5184326171875 0.46471986100101564 0.48403363804817373 0.5223549512000795
v 366.0701599121094 -26.092119216918945 1841.8311767578125 0.7199366404511521 0.7396214775166698 0.7837324901639382
v -79.26603698730469 -2.0055251121520996 730.36181640625 0.7492262240744118 0.5718992584632571 0.6170888844732725
v -2629.634765625 -20.691072463989258 -816.6142578125 0.4987205087904893 0.5380269533239882 0.6039937565425766
v 2195.093994140625 -77.52039337158203 -1016.956298828125 0.6506252739793027 0.6874355779272991 0.7540325056867275
v -2224.653076171875 -6.6809539794921875 -1916.360107421875 0.5544640255761122 0.6045296144311104 0.6857569061283008
v 2045.8448486328125 20.308330535888672 -1275.2322998046875 0.49337198226797624 0.5217307306270268 0.5731514023102395
v -1879.3095703125 16.110109329223633 1379.1007080078125 0.6264940886545626 0.6588749584789239 0.7188941700627752
v -219.41526794433594 -4.57128381729126 725.7445678710938 0.894631276792264 0.8765923247016275 0.8645563961762646
v -1765.9468994140625 7.969079494476318 -2372.352783203125 0.5288437064727171 0.5775872020105093 0.6563769283890383
v 2522.16162109375 16.269420623779297 -271.29766845703125 0.7246297601244507 0.7702853167223586 0.8505284206718903
v 1371.5635986328125 -10.908646583557129 587.4219360351562 0.5827069074896623 0.5882202701725534 0.6085557986318861
v -1354.9376220703125 -43.34278869628906 -728.60546875 0.8546582449135465 0.8642725723902713 0.8959575035652407
v 616.13330078125 34.40720748901367 -729.9248657226562 0.6817969655873181 0.6729134668470551 0.6721328801186678
v -992.3070678710938 56.823150634765625 512.2870483398438 0.6584124591364171 0.6540489600066941 0.6602168516276431
v 583.7081909179688 37.13886642456055 1724.7276611328125 0.5892703533227203 0.6039684642029165 0.6382058515680044
v -1339.3731689453125 31.329710006713867 -738.2730712890625 0.7087584901712788 0.5403544123794719 0.5832701453928008
v 1362.5130615234375 48.23298645019531 681.1289672851562 0.6691629134566378 0.6763599821148953 0.700886459993986
v 2070.725830078125 33.402462005615234 2049.776123046875 0.5661261095612974 0.6162709214202938 0.6979518160470654
v -1696.2230224609375 7.026165008544922 1574.8497314453125 0.7823544634725415 0.821425749659342 0.8941942648851587
v 25.469816207885742 188.94866943359375 644.4815673828125 0.712774924246801 0.6952396236626405 0.6804642363635653
v -2579.263916015625 -32.895267486572266 -861.5671997070312 0.45020579272010036 0.48505072500020824 0.5439275536809369
v -1331.084716796875 -24.295652389526367 -348.884765625 0.7195771802112513 0.7226222426804527 0.7416726194194927
v -2151.6376953125 -19.0609130859375 1048.07568359375 0.5449847588617497 0.5754567511202512 0.6309661453027287
v 2256.185791015625 -22.315792083740234 -900.739501953125 0.74927066509361 0.7916627797475958 0.8681567060772412
v 1264.427490234375 -16.8673038482666 850.0118408203125 0.9870290968386649 0.757268052680113 0.8158198672196535
v -140.72671508789062 -1.7866216897964478 733.8995361328125 0.6650994031282574 0.6511504569238655 0.6415651131836957
v -2355.974853515625 65.6512222290039 675.624267578125 0.6892630467055361 0.7293567491231312 0.8013050825453291
v -672.4332885742188 53.75095748901367 -1708.92822265625 0.7497230016610317 0.7686495550703809 0.8122456017215932
v 565.6187744140625 -25.186717987060547 -740.6787109375 0.7415611498345897 0.5659242672199302 0.6106832078647819
v 1227.340576171875 71.37187957763672 -1815.3990478515625 0.5494333062309166 0.5738461310487315 0.6211423508357877
v 386.1692810058594 -50.24403762817383 -777.4675903320312 0.5098470229282757 0.5012810238028399 0.4977653860731968
v -1304.6644287109375 2.7111470699310303 -783.9931640625 0.5905389731343993 0.5969230620011716 0.6187383644745588
v -1714.5791015625 -68.83949279785156 1522.478271484375 0.7430496472880488 0.7793959483824355 0.8475279366655603
v -1365.2816162109375 -26.000286102294922 -80.37574768066406 0.5036081810251253 0.5056165284957532 0.5190623476570202
v 46.18009567260742 -22.13855743408203 1963.7230224609375 0.5056757341028756 0.522160526747197 0.5573185030492533
v -466.81854248046875 14.887205123901367 768.1488037109375 0.5191145390408312 0.511034307968146 0.508505657650034
v -28.164979934692383 13.190987586975098 1995.5416259765625 0.6632533062036265 0.6854349069823527 0.731999756406002
v 29.265159606933594 95.6795654296875 589.4307861328125 0.8246492954373079 0.8029531396042972 0.7832485187881422
v -2603.37548828125 13.154637336730957 220.83975219726562 0.44861889766275004 0.4802570219304964 0.5349201776466216
v -1270.5140380859375 3.3239212036132812 -926.037109375 0.4840676479656944 0.490528466405908 0.5104665179738866
v -2525.283447265625 -19.581300735473633 -1341.6221923828125 0.4608627510729542 0.5007810070725672 0.5664421822889781
v -628.3095703125 -23.870723724365234 -1732.2781982421875 0.479499517667243 0.4922215538291527 0.5213989965383578
v 703.5552978515625 -27.759170532226562 1598.7762451171875 0.5298166969064635 0.5412269694167381 0.5694576039107067
v 2216.40869140625 -31.638193130493164 -927.8117065429688 0.45797870774869437 0.4842891923178911 0.5320968305166471
v -64.95950317382812 2.515730381011963 1956.9727783203125 0.570351178795553 0.5885556208623484 0.6275075468788925
v -1155.131103515625 9.40849781036377 309.0272521972656 0.8400797311523741 0.8372837880813875 0.8493275197506035
v 1233.94580078125 -51.33526611328125 895.664306640625 0.8465950151355858 0.8556103394758544 0.8862300312906863
v -1300.51806640625 -8.365710258483887 -814.5930786132812 0.527852806891893 0.5339195948929852 0.5540786691524769
v -1880.2894287109375 28.795324325561523 1361.0380859375 0.7777904862278919 0.8169337854029315 0.8896953570506533
v 1100.8128662109375 18.368549346923828 -1844.091064453125 0.7766920212561996 0.8084791079983892 0.871037964376611
v -149.1459197998047 -15.37841796875 -542.5126953125 0.529412497118011 0.5144678855574701 0.5004546828689543
v -1216.4263916015625 -49.730018615722656 211.58880615234375 0.8311092683300563 0.8296674953808583 0.8437049458028953
v 685.9669189453125 50.673423767089844 1610.310546875 0.48633480441491866 0.4969826556599582 0.5232416347493264
v 2603.105712890625 -21.05181884765625 15.360514640808105 0.5204919459238799 0.5563331814586329 0.6183881807351391
v -2638.8359375 28.049880981445312 -799.0178833007812 0.46435515819290013 0.501334217603079 0.5633508678968867
v -656.2095947265625 4.5812835693359375 687.044677734375 0.8713893940465726 0.8600488538488188 0.858784573259464
v 577.304443359375 -65.23501586914062 1732.05322265625 0.5416187289724752 0.555361612872199 0.5872600427857277
v 884.190673828125 50.95871353149414 -1971.6824951171875 0.7906630363722491 0.8235359513527916 0.8879179956518133
v -132.71902465820312 -18.344263076782227 1936.726318359375 0.8025169303257398 0.8268084235304326 0.8792543305235649
v 253.4420928955078 64.33855438232422 261.13720703125 0.9403846514691127 0.9085720780443237 0.873480685293373
v 1275.72998046875 -63.228702545166016 -120.53679656982422 0.4969384138862954 0.4970422371195122 0.5073738266397886
v -120.879150390625 -48.31428527832031 -1909.2034912109375 0.4989145855403259 0.5138803790993878 0.5467098067257459
v 1294.0946044921875 -20.797748565673828 -81.48863220214844 0.7991092752825337 0.7997797908743947 0.8165723888354167
v 252.88607788085938 68.61885070800781 265.0813293457031 0.5358670849764157 0.5170285614174317 0.49627968367367964
v -2247.630615234375 -21.185400009155273 -1766.34228515625 0.4411152629174224 0.47947776095234523 0.5425903862838983
v -602.1178588867188 -46.63235855102539 732.7908935546875 0.7957019571459848 0.7852377383234808 0.783993719876746
v 313.75439453125 -0.9570187926292419 1861.0152587890625 0.6009748547843505 0.6179208475205353 0.655671791371634
v -977.6302490234375 22.15233039855957 -1352.791015625 0.4895918298328911 0.4983702708825553 0.5219075157925296
v 168.67303466796875 -44.62382888793945 1941.7744140625 0.5346556901955909 0.551574131269143 0.5879472062818903
v -555.86962890625 16.582679748535156 769.7025756835938 0.6552289385957969 0.6465182742323381 0.6455221126607805
v 1357.426513671875 -26.337919235229492 350.5503845214844 0.5298182828767145 0.53272603610495 0.5480569978152645
v 2026.974853515625 -74.07394409179688 2142.484375 0.4940732572020658 0.539632957077411 0.6133799858691809
v -2501.417724609375 25.494213104248047 -1237.245849609375 0.43787263960947237 0.47395223054178853 0.5340693459985784
v -1078.644775390625 64.07504272460938 422.4007263183594 0.5053854317578947 0.5028380906746008 0.5091012190323709
v -1634.9805908203125 13.341898918151855 1608.627685546875 0.5751078249886783 0.6038274705824326 0.6576520600226143
v -1034.112548828125 -13.724442481994629 -1304.6038818359375 0.6327935448694528 0.6437517391526768 0.6732855922812501
v 980.5244750976562 -28.622257232666016 -461.172607421875 0.5579708467444706 0.5534620050383409 0.5575311416945747
v -1350.759033203125 -27.94804573059082 -581.560302734375 0.7853015145393468 0.7918257204357687 0.8174831102467797
v -41.526100158691406 -0.6114370226860046 -649.6834106445312 0.8728587671062891 0.8518547301026824 0.8343213557904391
v 1204.0921630859375 32.74839782714844 -1834.553466796875 0.5498417673532252 0.5743633681359184 0.6218200175777651
v -2334.10107421875 46.092750549316406 810.914306640625 0.48465279197109484 0.5143088310248061 0.5672608459090119
v -749.2150268554688 8.48261833190918 -1647.1640625 0.4889790270737066 0.5011134207797808 0.5296165021025339
v -2525.284423828125 -51.56260299682617 365.9330749511719 0.7413892241052304 0.7886872683761182 0.8715305358683061
v -439.9107666015625 10.13828182220459 744.1983032226562 0.5134752940607012 0.5047821319687592 0.5011232779614353
v -2656.083740234375 45.47686767578125 -301.13751220703125 0.4512420656019111 0.4847949891432713 0.5420268156355565
v 2344.705078125 -19.569639205932617 1626.5126953125 0.6808862374008788 0.7375632089207876 0.8308920439984853
v 218.76109313964844 1.3976398706436157 -732.42578125 0.6490271612849878 0.6358041606778456 0.6271363679886092
v -1065.282470703125 -17.810686111450195 468.3386535644531 0.6696511457593431 0.6665022859763694 0.6748345777544128
v -1502.814208984375 -28.061185836791992 1660.659912109375 0.464348250226498 0.48658805688804035 0.5289795865406468
v -1117.79248046875 24.949234008789062 -1248.2415771484375 0.551019918674603 0.5609591151902669 0.5874066516096366
v 1346.335205078125 14.020659446716309 111.32916259765625 0.7828526884482955 0.7853067748738194 0.8046014183609947
v 2503.6669921875 -59.18222427368164 1089.8798828125 0.47817629772023 0.5153026782702739 0.5778935498359513
v 104.735595703125 40.29884338378906 1931.412109375 0.5694593237273097 0.5869450177865405 0.6248429857525293
v -912.8884887695312 10.576333999633789 -1492.0965576171875 0.4776488888259916 0.4880994558264529 0.5138979370307708
v -200.05946350097656 -148.06289672851562 -498.2030334472656 0.6889594496968616 0.6693064794383456 0.6503711088396728
v 198.34461975097656 49.19857406616211 236.75828552246094 0.7723409364316841 0.7444766322711379 0.7127553408108828
v -2459.787841796875 -1.6735388040542603 -1360.3707275390625 0.9445976376135061 0.7241924582631702 0.7803600523504547
v -226.9807586669922 -41.04894256591797 -1898.675048828125 0.6942481381440592 0.7144627267606726 0.758827515519943
v -558.8594970703125 -19.70383071899414 1980.0245361328125 0.47200615122626205 0.4898303101260432 0.5262033762672937
v -1246.71484375 9.036949157714844 189.33897399902344 0.539993297438507 0.5396320215656036 0.5500209148336394
v 62.00489807128906 69.76716613769531 -699.5614624023438 0.5145831456878708 0.502675588100686 0.4936039274192478
v -1337.6502685546875 28.59256935119629 15.194398880004883 0.6230211642532103 0.624651866179575 0.639709382360978
v -2578.175537109375 6.657099723815918 -954.0194702148438 0.44508402114006146 0.4804500359936749 0.5398560762591923
v 2623.8515625 6.688478946685791 391.6542053222656 0.6567535305282033 0.7030998974030758 0.782488380039377
v 1208.2392578125 9.0659818649292 1074.173095703125 0.4877622234425986 0.49529094266265933 0.5169147934203648
v 2535.099609375 -84.6332778930664 1210.9547119140625 0.6651340394331432 0.7186645124364138 0.8075407351684613
v -625.104248046875 -11.686248779296875 2025.49462890625 0.8112142238451618 0.8431327146602129 0.9066207880957856
v 181.15150451660156 4.129037857055664 434.9839782714844 0.5987071053767067 0.5800456888459258 0.5609625379591596
v 1352.669677734375 -46.71061325073242 546.4365844726562 0.6884348208922041 0.6938488361063733 0.7159967661816258
v 1300.380126953125 -43.326316833496094 -1814.6112060546875 0.7618689583449106 0.7965493346772072 0.8628108197186692
v -1365.1640625 -46.44245529174805 1775.7723388671875 0.7558616251674678 0.7905920755570979 0.8567883618514919
v -1213.257080078125 -12.304289817810059 175.4326171875 0.5970110581545399 0.5957284062196503 0.6057044794668036
v -41.277008056640625 29.98204803466797 -659.4569091796875 0.5321423928086664 0.5190432444719218 0.5082786157573441
v -20.670011520385742 -54.289306640625 673.9632568359375 0.7595851334760169 0.7417830191763484 0.7274860858327487
v 1381.7835693359375 -44.07440185546875 453.10589599609375 0.8718309473485474 0.8784026783114596 0.9057399182735011
v 2460.92138671875 -13.012475967407227 -466.7876281738281 0.5993940697224579 0.6365644863095316 0.7023885939550147
v 1049.724365234375 40.10026931762695 -469.6120910644531 0.7932533433903839 0.7891269989321653 0.7981727348142049
v -1280.1942138671875 30.078861236572266 72.31316375732422 0.559437576736052 0.5595729036029168 0.5711056398881249
v -2571.930908203125 9.46014404296875 -1166.7630615234375 0.476756941582354 0.51675880676339 0.5829896598783849
v 2607.021484375 -10.647708892822266 -100.83584594726562 0.6976372033497849 0.7447588447135227 0.8262406252143275
v 144.21627807617188 43.10267639160156 1945.505859375 0.784600035916106 0.8087587295661095 0.8606488651401476
v -1272.601318359375 -17.44760513305664 -897.7108764648438 0.4949296520045014 0.5011782425156034 0.5209976891333716
v -836.6544189453125 -40.63169860839844 1919.872802734375 0.6485897600788344 0.6736404937767536 0.7239759419675855
v -420.0657043457031 3.9905407428741455 773.4821166992188 0.7725330819442682 0.7603374065031856 0.7557779165019018
v 1318.347412109375 21.52018165588379 -111.07372283935547 0.7010960404175821 0.7024741780703762 0.7185745078530096
v -695.020751953125 12.229527473449707 660.3750610351562 0.5075587451663041 0.5008474735245697 0.5003694770943039
v -199.5364227294922 4.4885172843933105 1982.922607421875 0.4723237798270367 0.4885391175691776 0.5226258954517781
v 948.2113647460938 50.968467712402344 -1902.275634765625 0.8466774129896912 0.8801562981478982 0.9466001412880268
v 93.31423950195312 -33.69136047363281 1913.24658203125 0.49033425719567586 0.5051310774993175 0.537542943698084
v -251.68556213378906 -45.59159469604492 749.7827758789062 0.6859282423458579 0.672690782034501 0.6647169070616269
v 905.79931640625 -89.53011322021484 1413.18359375 0.6177336344534304 0.6288537691320382 0.6583426764258582
v -15.577839851379395 -26.415725708007812 -1962.3924560546875 0.7977253677221455 0.8227245943479949 0.8760919512878066
v -1816.8251953125 23.370832443237305 -2306.091552734375 0.43131278271093293 0.4712483006059453 0.5360454532827419
v 2335.976318359375 -2.068010091781616 1656.87255859375 0.5020925659069638 0.5453506777210746 0.616448693031197
v 1302.329345703125 45.07059860229492 83.18961334228516 0.5258345805271007 0.5264805010185338 0.5381995584107615
v -1202.322509765625 -15.154179573059082 268.5783996582031 0.6300310964013235 0.6288441298393714 0.639581051687287
v -2117.882568359375 -2.839380979537964 1173.671142578125 0.8215225169568835 0.867347658746268 0.9502081634354332
v 2619.863037109375 52.29558563232422 -44.28086471557617 0.7074050923609205 0.7556257705897221 0.8388038405915589
v 772.6316528320312 -0.5181737542152405 -674.7955932617188 0.5865023727512633 0.5804153627852057 0.5824440580395887
v 2342.551513671875 -26.159128189086914 -770.387939453125 0.7167933868879757 0.7589981117859567 0.8344494723861166
v -14.221658706665039 8.236421585083008 -594.8557739257812 0.5712152079369023 0.555870823691093 0.5420183268978069
v 179.81007385253906 -167.84974670410156 68.64794158935547 0.746348362494076 0.7165008903255627 0.6805840612989884
v -2048.039794921875 -7.916821479797363 1240.8785400390625 0.5214065545336443 0.5507209240690119 0.6041028094468024
v -732.5526733398438 -9.718835830688477 683.0796508789062 0.5113358081780623 0.5054606473182268 0.5064300376829418
v 293.4196472167969 2.1868040561676025 1818.8670654296875 0.7272076763226579 0.7458141577773184 0.7884968863816615
v 2060.656494140625 -13.242758750915527 2102.95068359375 0.43294520233273187 0.47327509679015317 0.5386150713020552
v -1.4786399602890015 34.80713653564453 -694.39306640625 0.8429002445785979 0.8238880337298854 0.8091752915084756
v -1114.10791015625 -31.99845314025879 371.3094482421875 0.4991042427645082 0.4969210532715212 0.5036526422059501
v 1355.320556640625 60.78507995605469 562.75244140625 0.7153281479970541 0.7212104011385311 0.7445793062262897
v 1952.8248291015625 -37.64708709716797 -1314.285888671875 0.5557089164681195 0.5854561515475382 0.6402356213146435
v -2612.85986328125 -15.378571510314941 -961.7566528320312 0.47995841084365837 0.5189125542000789 0.583899424548157
v -8.628059387207031 53.21690368652344 688.3766479492188 0.524156086814881 0.511776006818858 0.5020858396550666
v -248.28713989257812 16.861303329467773 1962.0430908203125 0.5753795197173661 0.5943109459203065 0.6344102213574352
v 2554.92578125 -37.9249153137207 -75.94873046875 0.48298239416829986 0.515065182495101 0.5712021014328398
v 1324.529541015625 50.727230072021484 175.75418090820312 0.5846110234462699 0.5861088464709008 0.6002498394715743
v 416.6448059082031 35.667991638183594 -1979.8173828125 0.5033322418216831 0.5213020281280013 0.5585374724698287
v -1638.0244140625 9.215836524963379 -2512.4267578125 0.43541970054963247 0.47767042620474726 0.545476743492685
v -262.5400085449219 -39.63766098022461 741.6964111328125 0.904639527057647 0.8873579900099623 0.8767996140548244
v 355.5501403808594 -20.6065616607666 1795.3399658203125 0.5244733680567235 0.5379384083476157 0.5690916781500759
v 2452.96630859375 3.8877322673797607 1337.61474609375 0.45155658972303697 0.48873801910633946 0.5506520910296392
v -2343.44873046875 -45.470069885253906 -1676.44970703125 0.6646085198443655 0.7212594991912942 0.8140746631031304
v 2101.36474609375 -14.570612907409668 -1181.5546875 0.6032959591976991 0.6373401349152725 0.6990693962062992
v -1080.939697265625 39.819252014160156 1886.2705078125 0.6111726757733834 0.637504051330496 0.6888297353784243
v -145.49884033203125 -12.881231307983398 750.5670776367188 0.7522593979395367 0.7371014719393808 0.727169397359267
v 1299.380859375 -43.33677673339844 692.488037109375 0.7267350800453447 0.7328608894321528 0.7568167138477164
v 2280.75390625 53.8257942199707 -892.7386474609375 0.5949224989977278 0.6298748652208116 0.6926238898698382
v 507.9558410644531 -14.260261535644531 1803.9801025390625 0.8445210858806355 0.8672172914954802 0.9181968337095681
v 2631.1083984375 5.413945198059082 776.2881469726562 0.4512901111916106 0.48692168501043026 0.5468420856524372
v -2157.707763671875 45.96098327636719 -1908.9466552734375 0.4914691581962836 0.5344754011221683 0.6049408989099141
v 2327.001220703125 -5.815864562988281 -887.1673583984375 0.4524263482289889 0.4808483031768042 0.5313554576346783
v -2588.413330078125 95.57781219482422 281.58056640625 0.663119446505447 0.7078651033871183 0.7853279598637466
v -1262.020751953125 40.750736236572266 181.70570373535156 0.496528190721997 0.4964946020456514 0.506601425141922
v -509.6665954589844 8.727385520935059 1970.583251953125 0.7562701089486359 0.7828545334910404 0.8376335337109155
v 2413.72607421875 47.188873291015625 1526.491455078125 0.4369024746548539 0.4748570974977248 0.5373299204107959
v -665.3197021484375 86.27784729003906 1961.7735595703125 0.4964021209348904 0.5154271377167143 0.5540165303411726
v -661.0999145507812 -14.909061431884766 694.9299926757812 0.6932002186405678 0.6842859851186142 0.6836695564473978
v -231.8170166015625 -52.66020584106445 -192.18801879882812 0.8827884327124762 0.8509792461087687 0.814617451900032
v 301.0927734375 31.297189712524414 -1997.3349609375 0.5508755305565224 0.5702808289059402 0.610552017030103
v 1332.786376953125 29.7271785736084 451.7049255371094 0.5289564831552822 0.5319845404439068 0.5474864817288312
v 2429.67822265625 43.64543914794922 -606.1810302734375 0.7877175672782982 0.83555515946151 0.9202826003812848
v 1159.9898681640625 71.42900085449219 1144.464111328125 0.6009204003267594 0.6103783550632493 0.6370525180030224
v -1000.2324829101562 26.242996215820312 457.0135803222656 0.5023867121979169 0.4986218756914938 0.5028654557007468
v -2626.1298828125 -36.828224182128906 -300.3836975097656 0.7479133184354433 0.7997504866111992 0.8887263234009931
v 1216.9208984375 -13.374678611755371 -1782.7232666015625 0.4850967876188926 0.5060276759855705 0.5470569341787449
v -2588.5908203125 -38.024314880371094 -885.5193481445312 0.44583772367154156 0.4808675470223988 0.5398620661859698
v -1117.408203125 -21.14456558227539 -1219.9593505859375 0.7670519619310447 0.7797810934015657 0.8145278844120553
v -2176.02099609375 -22.467741012573242 1053.693359375 0.4573245530053865 0.4840096213459815 0.53230710190446
v -1225.0379638671875 35.260528564453125 -955.43359375 0.8970203567242816 0.9076859038482343 0.9417657560139272
v -176.24317932128906 -90.45624542236328 -458.93450927734375 0.8656861867848887 0.8400098405406317 0.8142011351956012
v -857.6465454101562 -41.776947021484375 -1496.471923828125 0.5276504484376419 0.5384565606718358 0.565748732496496
v 1017.85302734375 30.026592254638672 -478.8733215332031 0.5421852507536685 0.5387150186004451 0.5441725903138308
v 2615.4169921875 -9.632623672485352 -148.70556640625 0.7646747165118535 0.8164898473736911 0.9058796015384549
v -921.4228515625 -10.084613800048828 1928.6541748046875 0.4648245808197425 0.4844307362704034 0.5231648182631209
v 224.71266174316406 102.17557525634766 158.09744262695312 0.5575755359040181 0.5362982571066708 0.5116441835886609
v -1121.3836669921875 40.00564956665039 1892.8714599609375 0.552737150505907 0.577549480418337 0.6254744737397264
v 175.81317138671875 139.49008178710938 91.41435241699219 0.5453267063221761 0.5230700131325093 0.4963523381657871
v -1807.931640625 -12.765325546264648 -2382.60107421875 0.5414461103759532 0.5925117547404648 0.6745814280020331
v 1023.35009765625 -29.969913482666016 -1900.6500244140625 0.4671628783276926 0.487403051992449 0.5270759319000901
v -854.8883056640625 -30.592073440551758 1949.2906494140625 0.4654722731126965 0.484874083916438 0.5233352607000342
v 1228.64013671875 59.189971923828125 -1765.2099609375 0.7763096990043858 0.8082069239114736 0.8709116895766633
v -2655.785888671875 -8.19381046295166 -331.0789794921875 0.4994432881791267 0.5362949127251175 0.5991110655468419
v 1951.3544921875 77.3861312866211 2199.768798828125 0.502742122404307 0.548709797310537 0.6232323816852062
v 833.4447631835938 -8.26034927368164 -607.6341552734375 0.6091056952201508 0.6029409374482653 0.6052647751149113
v 2355.953125 28.386356353759766 1661.0308837890625 0.5894914441176383 0.6402793319595119 0.7234695004246414
v -199.70535278320312 -76.8155746459961 -207.2307891845703 0.5310378464570341 0.5109181442599716 0.4877586689205236
v 1853.65283203125 44.57891845703125 -1404.5771484375 0.4820567751489578 0.5074256465410633 0.5545206220210261
v 651.7403564453125 -74.01348876953125 -709.6964111328125 0.564280719072729 0.5570007831746638 0.5566528482139229
v 2599.636474609375 7.492466926574707 109.38467407226562 0.4980753780409322 0.5324825697017601 0.5920705368106429
v -2031.8404541015625 70.66554260253906 -2149.67431640625 0.44724696667875746 0.48919352443953074 0.55699087089006
v -1277.8480224609375 53.7439079284668 87.66631317138672 0.5739454640647629 0.43526682401361866 0.4706073917939115
v 629.135498046875 34.363311767578125 -733.2989501953125 0.611320123466088 0.6035509062078049 0.603281633654937
v 1033.9404296875 -42.33445739746094 -1871.7119140625 0.4668033022018598 0.4865057796872431 0.5254177223701259
v 569.831298828125 -26.413997650146484 -725.52099609375 0.8894332518358375 0.6811914701936479 0.734259364000395
v 103.34420013427734 -63.58927917480469 561.5177612304688 0.869494342915636 0.8461058954809753 0.8243780751774852
v -1098.818359375 15.307719230651855 1884.5806884765625 0.824432639608806 0.8595210394897016 0.9277345263450404
v -1075.7276611328125 -6.670389175415039 424.99267578125 0.565055988523815 0.5621958947895639 0.5690592740994107
v 742.400634765625 7.363054275512695 1633.7681884765625 0.5068494675152404 0.5190045900477788 0.547888331124321
v -709.4549560546875 25.262832641601562 -1639.776123046875 0.6856351770740123 0.701398016540059 0.7390897393904381
v -400.3221435546875 5.624453544616699 2010.6920166015625 0.5939097802655187 0.6156316373308757 0.6600985213375138
v -803.7589721679688 -29.540199279785156 -1552.2645263671875 0.4778082842967816 0.4882339548397802 0.5139986666377142
v -2595.137451171875 -37.566593170166016 -1005.0905151367188 0.47071208874433407 0.5089529819038381 0.5727655095632413
v 1876.657470703125 68.59121704101562 2296.960205078125 0.44026580242534286 0.48188603903782795 0.5490608649552289
v -2528.823486328125 38.18607711791992 281.0472412109375 0.4653172710516165 0.4960090329417253 0.5498561544087881
v -150.2105712890625 3.665458917617798 757.2276000976562 0.909363645017419 0.8915032469018683 0.8800576184767774
v 1101.3604736328125 54.546302795410156 -326.1114196777344 0.6274875398938505 0.6241326224289577 0.6313543977434771
v 1085.84326171875 -22.922719955444336 -1814.8360595703125 0.6404512482245158 0.6659111219033772 0.7166493705054512
v -2587.922607421875 -15.903295516967773 241.53439331054688 0.6932168558883716 0.7396469584965057 0.820105687140728
v -1042.1981201171875 -27.14663314819336 465.7093200683594 0.5424564970993035 0.5393591442154687 0.545422929968253
v 390.42108154296875 72.96726989746094 -772.8877563476562 0.8210321068457588 0.8076791772802713 0.802113457850524
v 1231.8045654296875 4.832219123840332 -1836.686767578125 0.7619726704130463 0.7957950197296348 0.860869368036727
v -2613.405029296875 30.724821090698242 -383.5570068359375 0.4633122778274274 0.4967202635828675 0.5540859623890659
v 2397.1455078125 -17.247726440429688 -623.0250854492188 0.6040658790848045 0.6404930617748704 0.7054415573749576
v -232.3242645263672 28.778390884399414 -358.4504089355469 0.5567377085357325 0.5384112359011717 0.5190266897058328
v -212.10382080078125 -14.713411331176758 757.1878662109375 0.6025560636232816 0.5907041563928354 0.5834518352141302
v 598.9625244140625 -20.48847198486328 1741.044677734375 0.4845472066899265 0.4973524570157067 0.5267514421734052
v 1150.2821044921875 11.080008506774902 -1852.8743896484375 0.7402588207921434 0.7719637902680963 0.8336134201688322
v -819.0973510742188 0.3238714337348938 1925.82958984375 0.6476221033024081 0.6725881316068394 0.7227834226676768
v -1058.7628173828125 -13.05959701538086 401.1632080078125 0.5802816006477093 0.576765380854384 0.5828540825291733
v -26.600374221801758 -77.24467468261719 -616.7855834960938 0.7264232105079633 0.7078552027860284 0.6915728612310916
v -249.37359619140625 -26.365570068359375 -1890.411376953125 0.47572249471503764 0.489908928655954 0.5211425532299304
v -1862.4295654296875 7.779754161834717 -2293.85302734375 0.44833654232818315 0.4902712705888614 0.5580874965441578
v -284.2002258300781 7.3652191162109375 -1824.4161376953125 0.7494915166088897 0.5721060393247327 0.6173105687662316
v -1879.056884765625 38.71525955200195 1420.04931640625 0.7856727593416902 0.8266824550473372 0.9021722909478851
v -219.74813842773438 17.08943748474121 741.1229248046875 0.5205228252512989 0.5098844528534971 0.5030885256449512
v -2599.690673828125 -43.53372573852539 -909.0202026367188 0.5251992115257391 0.5664032077555676 0.6355475653895291
v 1721.170166015625 -22.510587692260742 -1529.91259765625 0.4823722835006941 0.5071196400548607 0.5533716059112226
v 1374.896240234375 35.132041931152344 437.84814453125 0.49914090160404007 0.5028158871782787 0.5187680076115185
v -452.64404296875 -7.2226738929748535 724.3995971679688 0.7669940349976948 0.7541255845332212 0.748335529488333
v -207.2622833251953 -20.32225799560547 -485.6280822753906 0.6738136981339957 0.6543499273161572 0.6354312190782853
v 696.8182373046875 0.697910726070404 -2018.905029296875 0.7657914758162911 0.7966811976790406 0.8577460764300384
v -2444.238525390625 -2.748873710632324 -1414.9456787109375 0.4878164175628142 0.5286514614704182 0.5962613246440205
v -944.7986450195312 57.238712310791016 538.240478515625 0.6944051956900046 0.688998650478426 0.6941452622551751
v -1774.5439453125 -21.202392578125 -2395.114501953125 0.49970708499967625 0.546843724149377 0.6227289223163064
v -1274.9232177734375 -36.22237777709961 135.12351989746094 0.6687369721588845 0.668891555434916 0.6824681436388235
v -2578.33447265625 24.576242446899414 213.47406005859375 0.5206986310171309 0.5560333462675288 0.6174280300500711
v -1202.2425537109375 -12.178714752197266 -998.7573852539062 0.6230869181062918 0.6309514254696821 0.6556325440731119
v -2518.26904296875 15.660233497619629 413.0966796875 0.4506448446996543 0.4806829150257825 0.5332918052444896
v -117.46443176269531 49.4738655090332 690.276611328125 0.5311230664938162 0.518827857434919 0.5094211956820756
v 1230.133056640625 -3.4337058067321777 998.5330810546875 0.6202329742070233 0.6286736199340621 0.6541755822392286
v 2012.895263671875 34.108646392822266 2143.61328125 0.5987336048560845 0.652613049409149 0.7399620255093172
v -614.1427001953125 -30.600664138793945 1991.577392578125 0.4667230488843254 0.48504194337566325 0.5220040063556128
v -21.337799072265625 -203.01223754882812 692.8624877929688 0.5420795176129894 0.5294125720005135 0.5195873062092433
v -9.441010475158691 -41.75366973876953 1971.311767578125 0.6095396942460466 0.6292985321751919 0.67128592028029
v 2450.731689453125 18.460464477539062 1338.3912353515625 0.4508650047051605 0.4879473789422108 0.5497152605284401
v -2618.287353515625 -9.231184959411621 -667.6404418945312 0.6181499877418375 0.6638976064217695 0.7414669796507714
v -1260.6824951171875 8.301761627197266 -885.0824584960938 0.78069051466083 0.7895907715558635 0.8188024449144529
v 926.5355224609375 16.843887329101562 -556.717041015625 0.5246523767005249 0.5203317738367823 0.5240874649414223
v 2601.2392578125 31.44521713256836 129.33541870117188 0.46339752249145033 0.4957211241200192 0.5516697380209308
v 43.56262969970703 44.89455795288086 1940.0260009765625 0.559350389281038 0.5767319955443665 0.6142747248681187
v -803.9606323242188 33.84973907470703 658.1131591796875 0.5031120877072185 0.4980860067389465 0.500291814214191
v 359.7393798828125 45.85698699951172 1847.46240234375 0.5934453454582919 0.45046710793334616 0.486903374065719
v 81.01151275634766 -39.55324172973633 -1946.152099609375 0.8796260299431556 0.906387889879247 0.9639621456565893
v -2617.85546875 -31.82065200805664 -699.0944213867188 0.4425836668356744 0.47661839383693766 0.5342395048570963
v -281.102783203125 -2.539803981781006 -1872.4993896484375 0.8730735578347488 0.8973129890727385 0.951106815555223
v -2604.8291015625 -34.53997802734375 -547.5482177734375 0.5785556514867688 0.6201320549000925 0.6912176753937206
v 2072.837890625 42.22596740722656 -1225.4656982421875 0.4596081564268037 0.4861452565306153 0.5342979362071405
v 1351.09521484375 6.936280250549316 486.7308044433594 0.8737179199899446 0.87961867248916 0.9059542847309783
v 1878.8636474609375 -14.517045021057129 -1402.7901611328125 0.49537094728972414 0.5219159794433836 0.5709249530690446
v 444.50640869140625 -49.346221923828125 -748.2964477539062 0.7904241577068296 0.7776710203188898 0.7725224804095714
v 2646.919677734375 -7.281289577484131 454.23101806640625 0.4893241214683139 0.5257954999280183 0.5878446507754531
v 161.50071716308594 25.406957626342773 -732.794189453125 0.9125924261220789 0.8939526486050714 0.881248339203783
v 1860.90625 -8.407444953918457 2253.93115234375 0.4470883646931653 0.4879118990366403 0.5543010013808769
v 968.9158325195312 -28.93415641784668 -528.429443359375 0.5171133536105688 0.5133335573823832 0.5178260850986152
v 1683.3824462890625 -10.148589134216309 -1563.2154541015625 0.4596215959686408 0.48317323445318644 0.5272641635695619
v -2559.266845703125 -36.6793098449707 163.90625 0.6734891676836047 0.7172766302679486 0.7937463658870013
v 745.711181640625 -24.37569236755371 -1980.9876708984375 0.9594052039882818 0.7357350622329519 0.7927346877834299
v -309.2201232910156 -61.19232177734375 2024.2391357421875 0.5297786767039399 0.5492854430081248 0.5892606587399299
v 228.5741729736328 -57.45751190185547 238.50595092773438 0.5442313620373657 0.5244503461761544 0.5021962158845087
v 87.17558288574219 -24.349027633666992 1885.5357666015625 0.7010043263527024 0.7205438358281621 0.7640650870053902
v 203.42091369628906 128.66737365722656 452.0931396484375 0.8940599159584602 0.867719389496922 0.8413387292112322
v 521.8051147460938 -26.705453872680664 1815.29345703125 0.4783061419954014 0.4921204552435287 0.5228660360852323
v -1148.94775390625 42.461448669433594 -1182.293212890625 0.5237289413986671 0.5325470877100407 0.5567939545403828
v -803.989013671875 69.72545623779297 1951.9830322265625 0.6983578801042434 0.7257978699365505 0.7805640388339138
v -334.0643310546875 36.035675048828125 -1791.4063720703125 0.5950083969554171 0.6098802920697571 0.6444854683209803
v 1138.7630615234375 -5.565387725830078 -366.4613037109375 0.8466796327543514 0.8438810631293939 0.8560424299734988
v 2109.756591796875 -25.544584274291992 2063.079345703125 0.4788942626458799 0.5232430940178575 0.5950121133352793
v 1003.0399780273438 -52.654293060302734 1359.27197265625 0.5319740168243623 0.5419499456963074 0.5680882730319881
v -1337.389404296875 63.8791618347168 -275.38885498046875 0.5062690368652162 0.5082377087440834 0.5216706918340335
v 1307.01806640625 8.093415260314941 -14.309684753417969 0.8821954021981392 0.8833154598410197 0.9023471342942407
v 17.168935775756836 30.37675666809082 -1974.3238525390625 0.5544286066923388 0.5726365337678005 0.6112677715520634
v -175.25650024414062 56.759098052978516 -460.7608947753906 0.9709205337939403 0.9423543320547829 0.9136747007647155
v 2224.81494140625 24.414594650268555 1877.46826171875 0.7141335091377222 0.7761052735530891 0.8770967159739013
v 1362.9705810546875 -19.7600154876709 200.36529541015625 0.7156992509553322 0.7187775738242881 0.7378082228825272
v 2353.821044921875 65.64063262939453 1645.252197265625 0.5368402273753919 0.5830841718718648 0.6589801533703828
v -2341.969970703125 -55.663753509521484 800.1372680664062 0.7123610907474277 0.7546944453500741 0.830208838630842
v 940.0380249023438 -68.64083862304688 -1912.000732421875 0.48835903722882407 0.5086694354563961 0.5488997142938273
v 1093.2996826171875 -1.3191450834274292 1230.8974609375 0.7383078135223218 0.7503180944169584 0.7834387280244939
v 2424.344970703125 -3.3347837924957275 1525.7354736328125 0.6782701484729678 0.7352344491551673 0.8288496751948151
v -2624.00927734375 -20.481279373168945 -94.26187133789062 0.4456819924788768 0.47750486570441525 0.5323328169870033
v 2214.747802734375 16.366941452026367 1922.843505859375 0.7113879843168173 0.7741876821430917 0.8761332707626102
v 1179.104736328125 -66.2117919921875 1058.61962890625 0.6951338337872754 0.7045174460294803 0.7328583460944856
v -793.8617553710938 -13.314741134643555 665.684326171875 0.9289869734790295 0.9200190611939973 0.9237338326296973
v -2445.535888671875 -3.320786714553833 -1317.7110595703125 0.6354167983819368 0.685431057372666 0.7689705755162988
v 14.8869047164917 157.9111785888672 653.4490966796875 0.6854925187427906 0.6687947437153465 0.6549135515102192
v 1303.80908203125 -37.87158203125 754.1493530273438 0.6371284915979321 0.6435169334848164 0.6662082390931092
v -1117.1802978515625 -9.166702270507812 -1252.9937744140625 0.7739999289118693 0.7877087394274063 0.824055899669864
v -2586.072998046875 48.06442642211914 -97.74134063720703 0.4785580763871144 0.5113292194709493 0.5682599845662396
v 2519.10791015625 45.50456237792969 1190.8258056640625 0.6819296069919961 0.7356854720888292 0.8253289948634094
v -234.7742462158203 -155.835693359375 -241.58395385742188 0.7781698886194782 0.7508360132268213 0.7201985447395413
v -1192.9339599609375 28.7696475982666 228.48512268066406 0.7746745205641491 0.7726829555197743 0.7848046735165306
v -2600.710205078125 62.06856918334961 -989.2696533203125 0.7679276380827605 0.8277653317189352 0.9276253952297715
v 2429.48291015625 -34.68434143066406 1566.760498046875 0.4385635419213665 0.4777096780537921 0.5417354564602521
v 763.9684448242188 71.56783294677734 -645.8037719726562 0.5572070929960891 0.5508279695946867 0.5518297177172897
v 2525.156982421875 15.642480850219727 1033.7733154296875 0.440200861451185 0.47462376955860347 0.5326803588316453
v -2125.128173828125 4.796456336975098 -2079.3046875 0.4518215192735357 0.49463984148669965 0.5636644467873575
v -578.534912109375 31.667951583862305 -1736.1402587890625 0.608377566868238 0.6237858918246904 0.6594407139471296
v -1079.024169921875 -4.341925144195557 1848.6331787109375 0.6835708273381859 0.7115379757909627 0.7667267688275116
v -1052.0914306640625 -5.340753078460693 451.6504821777344 0.6358892362677602 0.6323967172858642 0.6395524508477587
v -1315.832763671875 27.886384963989258 1758.9039306640625 0.554003411641174 0.5787612968096615 0.6266384870339458
v 1787.7005615234375 46.4975471496582 2372.18505859375 0.43387830703097635 0.47509409303685896 0.5415672213854542
v -241.2404022216797 36.05927658081055 -301.4097595214844 0.6651263700069642 0.6426138443400264 0.6181245276486154
v -922.8770141601562 -12.949345588684082 -1459.0322265625 0.4832671823056512 0.4932877206342809 0.5185567808234024
v 1140.7774658203125 32.7490348815918 1114.0916748046875 0.5547635303802574 0.5626477850958046 0.5860738511575647
v 320.8961486816406 37.273887634277344 -1960.2337646484375 0.6877556569405987 0.7103639117897453 0.7580445720850828
v -208.15431213378906 47.775516510009766 -157.66671752929688 0.5415714411676797 0.5205999216323908 0.4961366592972953
v 1121.265869140625 -12.291507720947266 -1868.091064453125 0.5024095477086047 0.524572882416548 0.5677015974323905
v -202.3188934326172 -118.59783935546875 -425.8644714355469 0.5228825892109544 0.5063909857519117 0.48953060788087094
v 221.54388427734375 21.66090202331543 157.44158935546875 0.8097342625221997 0.7796194704667829 0.7446738132993029
v 368.8437805175781 23.867258071899414 -778.8984985351562 0.5306321682898726 0.5216213115693755 0.5177595108604214
v -1365.4345703125 -12.721474647521973 -304.803466796875 0.5821347710618294 0.44165042376195224 0.47745115861691784
v 488.956787109375 16.392553329467773 -730.8394775390625 0.6617956905310698 0.6512099768678676 0.6472239419892719
v -272.0716247558594 11.788100242614746 -1904.9091796875 0.5295453774446657 0.5456419774516947 0.5807255285673172
v -29.489404678344727 50.356868743896484 1952.5076904296875 0.5463537077164718 0.5637100512922943 0.6009520239245305
v -1295.4658203125 -46.010284423828125 -787.5888061523438 0.5570461577893877 0.562946156619354 0.5833958589605545
v 1148.2178955078125 -4.54409646987915 1147.00732421875 0.5074555122490126 0.5154080342982855 0.5380436506500811
v 233.48719787597656 -75.48600006103516 269.2625732421875 0.8193364944810367 0.791186538830649 0.7599937146953125
v -607.973876953125 -48.09508514404297 1991.63623046875 0.7563573415400119 0.7847770150947141 0.8421611384946086
v 1122.5667724609375 -28.99897575378418 -1863.0570068359375 0.4905801655287538 0.5121742177894301 0.5542496322949125
v 453.03057861328125 -12.253166198730469 1861.2413330078125 0.632643964090151 0.6513040913725332 0.69217695446083
v 2612.906494140625 74.32292938232422 272.2113037109375 0.7005219602017165 0.7486001598356914 0.8314105089745534
v -1917.3201904296875 -26.23200225830078 1377.8956298828125 0.46930153473687825 0.4950374138150349 0.5423347960133833
v -632.4765014648438 7.547046184539795 723.5435180664062 0.6072829825657364 0.5994367126413785 0.5989642788240195
v -2173.844970703125 7.619326591491699 986.7867431640625 0.45629432710760326 0.4820995062989781 0.5291836083959213
v -1041.3157958984375 -47.04793167114258 474.6435546875 0.7481428687466027 0.7440662542914174 0.7523577548528549
v 1294.5943603515625 80.07878875732422 675.3021850585938 0.5321394020980602 0.5364456340572615 0.5539842417948027
v 1915.396728515625 -25.336288452148438 -1376.7923583984375 0.46400604770756576 0.4894218461257975 0.5361598188223675
v -146.89146423339844 -69.12149047851562 -505.7933654785156 0.539077397363523 0.4080869593819942 0.4414682939783253
v 211.18914794921875 11.211390495300293 159.82998657226562 0.9295232641904789 0.895026592202911 0.8548592191366566
v 1189.8299560546875 62.191375732421875 1127.561279296875 0.48578765228839776 0.493810141962123 0.5161403880691054
v -1244.438232421875 -1.2246737480163574 157.1871337890625 0.4972914472992908 0.4968127187449542 0.506228669570769
v 331.12957763671875 89.5112075805664 -694.7665405273438 0.5753860122985344 0.5636600769151752 0.5560920185415007
v 2575.9306640625 -32.33306884765625 1015.7455444335938 0.4421989570909189 0.4779497389526212 0.5377686918711477
v 263.0560302734375 -28.198013305664062 -731.089111328125 0.5117583255170788 0.501359472136189 0.4947982400987551
v 2077.997314453125 -11.07581615447998 -1200.590576171875 0.453259646451815 0.4792503783073319 0.5265132133118166
v -2608.6328125 10.46886157989502 -319.3163146972656 0.44774953320023675 0.47977261001459764 0.5349169553529177
v 2288.9990234375 -29.4022216796875 -863.0752563476562 0.6651768787891441 0.7037932481669473 0.7731718416081784
v -2093.578125 -14.748644828796387 1129.5958251953125 0.5083597393764334 0.536540838301242 0.5880783485575991
v -1370.5977783203125 5.924010276794434 -453.4596252441406 0.638133982553305 0.6427514207263832 0.6627367077418636
v 1269.47021484375 -30.40910530090332 893.5604858398438 0.5606628195400336 0.5675304927289985 0.5895245084783596
v 2546.121826171875 20.04659080505371 1058.92138671875 0.49361871906465576 0.5326942081591267 0.5982216812027918
v -1446.6488037109375 -22.08501625061035 1686.8533935546875 0.46088779049329126 0.48252364351016735 0.5240017322778764
v 429.8759460449219 -15.781518936157227 -1967.31640625 0.6120843789990972 0.6332545214035364 0.6773150090193312
v -1253.810546875 -12.607017517089844 1838.6104736328125 0.46335426487160153 0.4851774257728329 0.5269700263651772
v 1093.8182373046875 -22.075590133666992 -1871.26513671875 0.462732831004608 0.48302880577717006 0.522683146804982
v 765.64111328125 -19.912460327148438 -658.01513671875 0.5116072603847018 0.5058934021525682 0.5071324813002739
v 2615.888671875 -0.2739272713661194 564.4991455078125 0.8153264955220192 0.8731615548989284 0.9717503705546336
v 1040.4447021484375 -38.564483642578125 1341.2464599609375 0.5452546686751905 0.5556703032809829 0.5827194986065031
v -1026.33447265625 16.821483612060547 493.96099853515625 0.6430768155880279 0.6393919639097889 0.6463708961949033
v -190.02035522460938 8.267647743225098 1967.4423828125 0.4993965800278068 0.5160176004735609 0.5512426278139765
v 230.99525451660156 50.020687103271484 279.1344909667969 0.9506419397325921 0.9184514747733151 0.8829088911280295
v 889.1300659179688 -0.25782397389411926 1503.2210693359375 0.7079062095838986 0.7227829810325562 0.75959834227238
v 2342.9521484375 -7.484796047210693 -725.3226928710938 0.8064209060217742 0.8529058723015783 0.9362872201456324
v -2659.364501953125 -11.750677108764648 -348.40673828125 0.6600201838426696 0.7077826753972969 0.7891005052763788
v 1626.5653076171875 11.151915550231934 -1573.90087890625 0.6912566251126053 0.7241120180049953 0.7862655114570356
v -223.6628875732422 -25.28797149658203 -202.5458221435547 0.601253169326165 0.5790061360034193 0.5535833475576953
v -1378.458984375 2.8549885749816895 -259.53955078125 0.9025848303205013 0.9073737505956849 0.9325198890820298
v -2477.74560546875 -21.073715209960938 530.810302734375 0.6158417236982717 0.6550245864844362 0.7239355774263994
v -1247.359619140625 -56.18164825439453 -890.60400390625 0.6135589338189388 0.6204648568771878 0.6435074362860799
v -1522.5872802734375 40.8576774597168 1643.6492919921875 0.7023802806576358 0.7348441693860007 0.7967077507014745
v -383.3884582519531 -24.944622039794922 756.0997314453125 0.5093597401087866 0.5003966748103705 0.49620711330127026
v -520.4675903320312 48.21542739868164 2004.461669921875 0.7733052678335519 0.8018605608468825 0.8597952528993648
v 171.61441040039062 83.02699279785156 95.3531265258789 0.5405519497915843 0.5184392231973928 0.49187356033541024
v 1326.873779296875 49.49679183959961 45.43190002441406 0.7175665474752293 0.7191161545207778 0.7357893553088432
v 2060.7216796875 25.928573608398438 2143.4560546875 0.6119779703324814 0.6683362346402858 0.7591842864016896
v -1751.9140625 -24.994338989257812 1445.4183349609375 0.5334224668904193 0.5595646684787668 0.6088973287847435
v -470.6929626464844 21.735872268676758 775.5551147460938 0.5076304427825817 0.49987895480242156 0.49767888671443367
v -1021.0988159179688 1.4348505735397339 1883.3365478515625 0.4876088510614745 0.5082046520818092 0.5488192022230648
v 196.8224334716797 82.51119995117188 148.5941619873047 0.5386896750623524 0.517555253507047 0.4927304760331282
v 981.7379150390625 53.53841781616211 -500.74609375 0.8924340735166444 0.8861187761331287 0.8934680626702611
v 1072.6114501953125 0.34212082624435425 -1893.73828125 0.660281706040029 0.6886383644296509 0.7438651893324106
v -1564.1800537109375 -10.58625602722168 1674.20458984375 0.4582220869705019 0.4815495544421145 0.5253008507156595
v -1319.0577392578125 49.65195083618164 -757.374755859375 0.5325193342894914 0.5383034455036197 0.5581179705267213
v 1041.22705078125 -10.873967170715332 1272.74365234375 0.7646950103991346 0.7770364709249254 0.8111562108467791
v -1212.794677734375 -39.081077575683594 -981.9552612304688 0.8772880539634349 0.888003047788918 0.9217880014231824
v 391.61956787109375 -19.988536834716797 -786.9181518554688 0.6287321703027506 0.6186265013314601 0.6148105624654454
v 2062.3857421875 -14.514902114868164 -1200.10791015625 0.7583146717828227 0.7993119155403619 0.8741393951222985
v 186.96475219726562 171.29380798339844 -725.1197509765625 0.7529006833754847 0.7372943417460812 0.7266140175162501
v -743.2257690429688 -65.23042297363281 -1627.481689453125 0.48080328435626357 0.49226614976585786 0.5196213359639177
v 258.7620544433594 34.472782135009766 1908.51416015625 0.4743764340175602 0.48899644553785465 0.5208303595816665
v 1499.6895751953125 -15.50175952911377 -1672.411376953125 0.6053121394323228 0.6338108069310128 0.6880158572375267
v 1218.70361328125 5.49518346786499 -218.79180908203125 0.49615735464001426 0.4953350604432127 0.5041846593368161
v 2382.628173828125 -16.433156967163086 1599.90869140625 0.5755842199585494 0.6247830689897846 0.7055560752694545
v 375.3969421386719 -75.91902923583984 -742.05517578125 0.5300984712055676 0.5204748373494128 0.5155755808828133
v 2002.4825439453125 -29.951580047607422 -1345.0885009765625 0.5243974470762001 0.5544086928963579 0.6088034863965371
v 1318.881103515625 -1.923195242881775 50.81233596801758 0.5430841732421423 0.5440997218382361 0.5567181527839817
v -999.6770629882812 17.52981185913086 -1401.5487060546875 0.5756901696568874 0.5872966272154136 0.6167043446355266
v -31.94485092163086 7.011660575866699 -602.4140014648438 0.7339158563129367 0.7148001179436694 0.6977218634472535
v 508.55859375 46.96411895751953 -1969.8270263671875 0.670442267166575 0.6941792179276309 0.7431130810299348
v 874.477294921875 -60.38454818725586 -528.1127319335938 0.5233851352132448 0.517806954971399 0.5194886821944601
v -1172.306396484375 -49.31913375854492 -1094.9417724609375 0.6376735091589165 0.6469111555468898 0.673948025974124
v 241.07505798339844 1.8308079242706299 -741.8306884765625 0.7834983231629038 0.7682018492034018 0.7586440535994452
v -882.4104614257812 29.22898292541504 543.5621337890625 0.8376528682751675 0.6408283585236494 0.6909867052819779
v 802.202392578125 -18.1826171875 -648.9581909179688 0.5517161549825293 0.5460930410773918 0.5482306414479211
v 1343.29833984375 56.463958740234375 -1786.2203369140625 0.687117985342434 0.7187191957025271 0.7790477650983293
v 1338.9730224609375 25.27599334716797 595.3305053710938 0.54744336829418 0.5519904905338879 0.5701844953384831
v 1701.052734375 -23.14501953125 -1529.8519287109375 0.4690932757547303 0.49282307187486124 0.5373750965371842
v 315.16192626953125 -6.384238243103027 -786.3237915039062 0.6610372525362423 0.6496498198688347 0.6443083458779274
v -197.3932647705078 -30.4945068359375 734.9611206054688 0.5122933315519101 0.5015722267965419 0.4944755504505796
v -212.92697143554688 63.01451873779297 -448.817138671875 0.5841088505970433 0.5663918005980408 0.5486636288669505
v -382.5435791015625 38.97628402709961 -1810.7054443359375 0.6112453332543912 0.6273439234912062 0.664064985836641
v -2132.021728515625 45.62928009033203 -1961.330078125 0.7071577891217962 0.7678946929858913 0.8671248928697017
v 2610.128173828125 11.799005508422852 858.020751953125 0.5028742306528889 0.5422780580832218 0.6084860135961025
v 276.5301208496094 -33.555908203125 -710.9121704101562 0.5152792758954445 0.5045369597914295 0.49746265257025907
v -172.1925811767578 -17.304912567138672 -1962.3275146484375 0.5300382106035424 0.5473929585612384 0.5842994259354534
v -2636.465087890625 -42.79133987426758 -352.61944580078125 0.48318654652893084 0.5184482199698253 0.5787601470175412
v 916.1455078125 -35.905067443847656 -1924.87109375 0.5877112393018051 0.611772627768623 0.6594112980931135
v -237.7509002685547 49.874656677246094 -262.20452880859375 0.6396036301328126 0.6171868981499519 0.5923105123204352
v -653.8272705078125 -40.28935623168945 -1636.65966796875 0.5402113520191156 0.5522375138892724 0.5815813401656914
v 760.8535766601562 -12.522698402404785 -680.54248046875 0.6524351475894256 0.6455923419129613 0.6476165487673267
v -1256.9229736328125 45.7767219543457 -968.0001831054688 0.8450044077627904 0.8563337721576175 0.8904444978243635
v -1858.1016845703125 -5.421304225921631 -2330.808349609375 0.6378683989006184 0.6967426236256135 0.791525185265746
v 1800.143310546875 55.26273727416992 -1410.35205078125 0.5772069733181032 0.6058005526634536 0.65949999270716
v 647.125 -25.727664947509766 -729.6131591796875 0.5236630426898444 0.5171054075007283 0.5171839206301607
v -1211.1431884765625 29.004487991333008 241.44215393066406 0.7668301068485088 0.765501942986024 0.7785353844470988
v 169.5852813720703 -6.550008296966553 -761.0845947265625 0.5248581243510531 0.5142745111995911 0.5076557289762852
v -72.08206176757812 -3.579129695892334 -1961.8746337890625 0.5846784378506303 0.6034540689838341 0.6435200369528301
v 75.12154388427734 17.392288208007812 1952.8377685546875 0.48552841175496714 0.5011683866977847 0.5346998224081804
v 142.03021240234375 65.33368682861328 538.0302734375 0.8083966953173995 0.7861426183434406 0.7651344392745143
v 821.309326171875 -6.522720813751221 1610.9195556640625 0.6460553479719134 0.6616513192143447 0.6983226763616528
v -1256.4195556640625 29.25040626525879 135.90553283691406 0.8991914269355737 0.8987137024577241 0.915535355291201
v 670.3307495117188 -24.942337036132812 -664.8701171875 0.5983791554676369 0.5902411029175552 0.5891185874639837
v -1168.2103271484375 -43.893035888671875 -1075.559326171875 0.5435651375743953 0.5511371363082954 0.5738794607378629
v 1305.31689453125 -62.48535919189453 543.8988647460938 0.6737366253538297 0.67771700756968 0.6973752148500064
v 1766.80322265625 36.88690185546875 -1491.20458984375 0.817605029353742 0.8582034983753356 0.9338744537655039
v 603.751953125 -5.0093488693237305 1690.8824462890625 0.611852041374615 0.6263057195169436 0.6606271264481833
v 2583.42431640625 -51.6505012512207 -159.09957885742188 0.6016284768222712 0.6419733781601528 0.7120552131088864
v 900.1099243164062 -15.562073707580566 -585.706298828125 0.631822341779952 0.626523532108173 0.6306821540010753
v 2612.5322265625 -26.950088500976562 210.83645629882812 0.5374999597741711 0.406857330927459 0.4401500182647538
v 1154.057861328125 -55.97977066040039 1190.7127685546875 0.49713406545090993 0.505775125872736 0.5292502101512205
v -159.6114501953125 34.53407287597656 -1946.35791015625 0.8501565078623056 0.8762880399359672 0.9323543778988208
v 904.3262939453125 1.1961424350738525 1463.791748046875 0.6156728171710416 0.627987709216201 0.6592190923727058
v 26.748266220092773 123.49922180175781 640.175537109375 0.6830794966716713 0.6661173499649925 0.6517324168268226
v -2207.514892578125 -7.381091594696045 -1894.8292236328125 0.8003008060597221 0.8691127934935161 0.9812897421924777
v -1351.64794921875 31.912097930908203 -118.86869812011719 0.7710405177167318 0.7736551068109874 0.7929830077723952
v 489.1262512207031 18.93511199951172 -741.0768432617188 0.5459277214820658 0.5372367606501913 0.5342012765643754
v -785.2965087890625 -3.3374264240264893 -1528.1439208984375 0.6896063306193858 0.7031974564232961 0.7377506832542211
v 890.3919677734375 -26.722637176513672 -548.6913452148438 0.8528313460889613 0.844886704793471 0.8488515309039166
v -330.6588134765625 43.74285888671875 751.3637084960938 0.8014980155785465 0.7870899649115436 0.7793794646758387
v 205.7679901123047 -1.6503514051437378 -762.9387817382812 0.8294702996070835 0.813646941540377 0.8040920858467216
v 2118.303466796875 30.372777938842773 -1049.338134765625 0.7825228046773673 0.8237602265987991 0.8994856297760639
v 781.12890625 84.12320709228516 1604.8953857421875 0.7448986054590117 0.7618594370505241 0.8024737826413201
v -19.10961151123047 -63.809356689453125 683.3359375 0.5830413949082559 0.5692983693011211 0.558444480434708
v -2605.71337890625 31.920488357543945 -1013.5184326171875 0.6686092168122764 0.7218056457789604 0.8103553519092033
v -259.99493408203125 37.73435974121094 731.1012573242188 0.9341952921224834 0.9160107452896473 0.9045000996649164
v 30.612234115600586 81.48899841308594 -708.9152221679688 0.7598724982114882 0.7430383384559218 0.7304040523631642
v -399.2022399902344 9.707073211669922 -1802.565673828125 0.5232602400369086 0.5371165251321063 0.5688182462810258
v -1918.240966796875 -6.807750225067139 -2239.153076171875 0.44608432668430015 0.48763304380443756 0.5548983363028215
v 1410.8712158203125 -49.3379020690918 -1724.1702880859375 0.7256506619342632 0.7586122396016866 0.8216849396277551
v -1805.5543212890625 -10.756134033203125 1501.4183349609375 0.6439700687772364 0.6778094456074373 0.7402240262234341
v 2427.305908203125 -15.70683479309082 1411.4639892578125 0.451221904327705 0.48880195022928813 0.5512148843598821
v -204.47445678710938 14.78225326538086 -429.1311950683594 0.7291563375815268 0.7068760317278376 0.6841699745138199
v 2022.2061767578125 -24.283954620361328 -1233.0992431640625 0.5914664633573401 0.6234515282104535 0.6821125349295751
v 764.8265991210938 9.570548057556152 -633.0203247070312 0.9347214762011579 0.9241367647545344 0.9253096166337751
v 207.81268310546875 -14.827864646911621 391.89599609375 0.6441893049951527 0.6236098821781216 0.6021043066322277
v -1366.9696044921875 -62.958744049072266 1762.3692626953125 0.7858968646561995 0.8215092373884032 0.8895977638914783
v -1347.8935546875 2.5664923191070557 -95.46549987792969 0.8712226941554719 0.87394808779978 0.8952973982628706
v -2251.138671875 43.634891510009766 1028.4356689453125 0.5515904510125265 0.41784095889939776 0.4519254008024764
v -1272.3179931640625 -9.226736068725586 -790.2335205078125 0.6263762487057605 0.4761369475308334 0.514423608165585
v -781.308837890625 24.727949142456055 1971.88134765625 0.627764117910368 0.6529651845914216 0.703067082496477
v 2227.53515625 4.148381233215332 -973.3776245117188 0.6104338518795893 0.6455643397030831 0.7089293588615729
v -2371.500244140625 -30.986745834350586 725.8837890625 0.8303959925083713 0.879492558708492 0.9669588026889736
v 2449.94970703125 -32.59611129760742 1465.75732421875 0.7806852862171368 0.8451160354660301 0.9511871726998583
v 184.3461456298828 91.7420883178711 -714.4920654296875 0.5941233871652551 0.5813406257152646 0.5723452463910976
v -1326.7413330078125 5.536435127258301 -648.2254638671875 0.49719826122190386 0.501621549598148 0.518691319454154
v -2296.386474609375 -75.4914779663086 -1738.3570556640625 0.5774178993681263 0.627157619598944 0.7086674234448253
v 2080.14208984375 3.080076217651367 2047.583251953125 0.4621597260018651 0.5040779556616755 0.5722960154972538
v 444.9562072753906 -59.70376968383789 1808.6763916015625 0.4876449402313084 0.5010513502344908 0.5313895934314526
v 159.06910705566406 2.757164239883423 499.8105163574219 0.8865373859447017 0.8612853197522495 0.8366568720948951
v -1597.6983642578125 39.85289764404297 1653.3431396484375 0.4727670568460877 0.49697219188231984 0.5422605383957838
v 2401.6142578125 43.14027786254883 1573.1962890625 0.7607130098511623 0.8244089753197947 0.9289626512431309
v -2585.468505859375 27.333513259887695 -773.3732299804688 0.605312619110567 0.45971771642186016 0.4968208172774404
v -80.4209213256836 41.77447509765625 -1922.8133544921875 0.5743690383694521 0.5917073765591934 0.6294918469894054
v 136.83236694335938 -97.95919036865234 -703.86279296875 0.5203538327726948 0.5086139941866562 0.4999428674883167
v -1232.559326171875 -18.785842895507812 -1019.9647827148438 0.5140097052587727 0.5214950872617172 0.5435492348435441
v 181.49044799804688 -59.60148239135742 -702.1926879882812 0.5135684088185544 0.5021265957958065 0.4938297664404064
v -1305.5595703125 -2.43626070022583 -46.58711242675781 0.6322034474170887 0.6330056749540178 0.6469307162106881
v 1123.7117919921875 31.24599266052246 -303.469970703125 0.5731055903439412 0.5703829715664964 0.5776158865433606
v 1440.5711669921875 27.897499084472656 -1764.3424072265625 0.46220175524587886 0.4853527580985267 0.528952360093414
v 1205.550048828125 31.30701446533203 -235.39759826660156 0.5754565356342416 0.5742756594145242 0.5840164009624754
v -976.6834106445312 21.3328914642334 581.701416015625 0.5372478738734723 0.4066608221786974 0.4399393528969052
v -289.7315979003906 -74.41411590576172 1999.8778076171875 0.4773669317228216 0.4944395327138827 0.5298556262473922
v -703.4389038085938 4.475984573364258 650.0586547851562 0.6469137513187049 0.6385169120731196 0.637882394204411
v -2538.6259765625 38.0284309387207 -1050.2103271484375 0.7983649322643546 0.8586269828372904 0.9598868766561904
v 32.84423065185547 -14.414175033569336 637.1764526367188 0.6526674021749468 0.6363399632576847 0.622437039704539
v -966.7335815429688 18.87798309326172 1899.0704345703125 0.4637407118062597 0.48314059102328605 0.5215617910210032
v -121.45601654052734 83.51747131347656 687.6364135742188 0.5228705700036943 0.5107108431938447 0.5013722592387918
v -2042.3450927734375 -42.8010139465332 -2160.568359375 0.4336596519211724 0.4749412307275908 0.5414894243957884
v 2132.2724609375 -4.663644790649414 2050.621337890625 0.7253382453532342 0.7905283930020254 0.8958872643126251
v -51.33697509765625 -22.443986892700195 1977.998291015625 0.6134053766879921 0.6335093851349757 0.676071471691968
v 38.915252685546875 32.344871520996094 -1953.6536865234375 0.654550830546798 0.6750734131039884 0.7190786075541619
v -174.74609375 -118.16311645507812 -95.43602752685547 0.5805768107315417 0.5570315294831094 0.528778494709782
v -644.3345947265625 36.816646575927734 757.7484741210938 0.5095629575193795 0.503563172394188 0.5042946313209501
v -2603.128173828125 17.795272827148438 -42.202880859375 0.5374954936615837 0.5744064061197621 0.6383089313088033
v -1232.9810791015625 -23.02153778076172 -1005.971435546875 0.4884603375185517 0.49541249895972655 0.5161780924374981
v 1208.555908203125 -5.222947597503662 1034.7962646484375 0.48447072512184136 0.49136602149305847 0.5119703720649491
v 375.36834716796875 27.32957649230957 -1995.621337890625 0.5400031702791175 0.55936413041422 0.5993456698977815
v 1144.8682861328125 80.20559692382812 -307.2550048828125 0.8390170570008604 0.835870200296804 0.8473330208518473
v 1851.3056640625 -41.51712417602539 -1439.4085693359375 0.6090987578255418 0.6411384831843401 0.7002874968865151
v 263.9200439453125 -30.906883239746094 -758.7547607421875 0.5184728716516097 0.5084750029666342 0.5027214965196123
v -1366.05126953125 -12.52686882019043 -367.1602478027344 0.4924429071692428 0.49544262972483194 0.5102251678007618
v 1372.722412109375 0.8622638583183289 352.18994140625 0.5388623912929826 0.5421801071145073 0.5583147959358791
v 143.9997100830078 48.461238861083984 532.0136108398438 0.7255397110695112 0.7052854443525137 0.68605645571544
v 177.09243774414062 37.1925048828125 -728.1903076171875 0.9117766975636623 0.6986083332778124 0.7529317087501924
v -575.6834716796875 -27.25003433227539 746.1156005859375 0.8060035913476938 0.7952254432194835 0.7936567552578393
v 894.48828125 30.080991744995117 1411.5841064453125 0.8846298929134736 0.8998596671303465 0.9405956665442918
v -1033.2601318359375 -42.136314392089844 -1340.3895263671875 0.5027968797466867 0.5123526723648524 0.5373047878163771
v 942.2152709960938 -0.23809298872947693 -545.1048583984375 0.6966041087181858 0.6912146333242455 0.6964298298679983
v 2340.69482421875 -22.567235946655273 1610.1917724609375 0.6308855039143659 0.6831843436619637 0.7695040244819119
v 718.5274658203125 -17.1566219329834 -715.400390625 0.912093077979209 0.9024958540458375 0.9048653033757844
v -988.1453247070312 14.079915046691895 -1383.0751953125 0.4806433756901805 0.4899918912347619 0.5142100429997389
v -469.5345764160156 48.449806213378906 2040.887939453125 0.5419754445608392 0.5632287681236867 0.6059348054629781
v -624.4610595703125 6.525295257568359 693.6685180664062 0.521654913987634 0.5142489209250669 0.5128880796360682
v -184.66880798339844 47.27894592285156 1939.9827880859375 0.5174323818522856 0.5338477149831801 0.5691455248661942
v 2588.875244140625 7.026557922363281 1091.839111328125 0.7736276975458549 0.8352340803684308 0.9375142849100608
v 1393.240966796875 -26.03959083557129 369.5915222167969 0.6285135143570467 0.6330046977158735 0.6526164638148013
v 699.8956298828125 -4.649572849273682 -1916.5777587890625 0.5543320233377386 0.5744433388208549 0.6157921125019978
v -1883.6790771484375 30.11009407043457 1376.29296875 0.4573190246202555 0.48171143056084914 0.5268993524363169
v -900.6090087890625 -28.457353591918945 -1395.6827392578125 0.4844207342205165 0.49292854573351813 0.515961670211979
v -2232.77490234375 32.43240737915039 981.6690063476562 0.896966413938624 0.687063616126436 0.7405547998031933
v 2599.645751953125 8.796344757080078 81.87018585205078 0.5820378053156918 0.621632288243716 0.690218922595932
v 458.6809997558594 30.46617317199707 1742.7547607421875 0.654718542806946 0.6703130948384693 0.7071522541247175
v 2488.49755859375 47.455196380615234 1222.0166015625 0.573313899592986 0.6186194307659377 0.6943757799885926
v -1206.156494140625 -9.545031547546387 1831.9736328125 0.6342118925416137 0.6621188140846628 0.7161462558866156
v -1195.0452880859375 14.752215385437012 -1045.176025390625 0.8012326862575686 0.8120526638512631 0.8445674300780038
v -1223.862060546875 -84.02702331542969 1798.9012451171875 0.46161766229407825 0.4820816053077716 0.5219460506850246
v 908.696044921875 -39.59742736816406 -1917.269287109375 0.6817026932196966 0.7089192099450183 0.7630137547098047
v -1364.2777099609375 67.97850036621094 1738.6727294921875 0.4712830219437943 0.4930318936869636 0.534897739328359
v 1995.064208984375 -21.235435485839844 -1282.72216796875 0.6172392213802264 0.6506174978978638 0.7117774057039132
v -2605.40185546875 -2.4761452674865723 -759.36962890625 0.47985501846756323 0.5165710280743496 0.5786786647762646
v -995.0773315429688 22.081674575805664 534.7976684570312 0.78451872412039 0.7797921479150279 0.7877093494863072
v 1314.6424560546875 19.047697067260742 -65.59452056884766 0.5166760261117747 0.5175659650681562 0.5295002501947222
v -459.1043701171875 -40.554405212402344 751.3304443359375 0.8215709798976483 0.8086621732011194 0.8038485658681068
v 159.0226287841797 81.35669708251953 -703.95703125 0.7590988335147357 0.7426167307245574 0.7305678318411016
v 1332.7347412109375 -39.299781799316406 -1781.912353515625 0.4901225342482786 0.5130656125946672 0.5570067079739975
v 1371.5850830078125 15.513065338134766 231.63836669921875 0.5145850552870334 0.5171660100416481 0.5317071763923682
v -254.18466186523438 6.664729118347168 717.5226440429688 0.5637897994671416 0.552099892186881 0.5443665468611445
v -2600.010498046875 -38.18281555175781 -877.5537719726562 0.5002191081062475 0.5393228974957819 0.6050711025180868
v 1499.38134765625 -5.084667205810547 -1716.1903076171875 0.6898703609482588 0.7232567139271308 0.7861096602950355
v -651.4021606445312 -18.622743606567383 2014.1162109375 0.8085837035228187 0.8402816091121081 0.9034029294968541
v -873.443359375 -2.9454314708709717 624.0858154296875 0.8544870099380999 0.8474567982457468 0.8529415319237679
v -2336.077392578125 -17.207862854003906 -1707.7581787109375 0.43403407873002364 0.47290785055845236 0.5364554131770782
v 182.3693084716797 18.102144241333008 97.69624328613281 0.5479275578303311 0.5257340542166222 0.4991924312211778
v -472.00494384765625 27.932388305664062 1984.2093505859375 0.5287338544678367 0.5479780483523875 0.5875581183070406
v 202.9270782470703 -144.3533172607422 379.74761962890625 0.613498638507077 0.5935444625774975 0.5724902765602377
v -1458.537353515625 -55.91011047363281 1734.935546875 0.9073593281806013 0.6951649605619189 0.7492401314181318
v 2014.975830078125 73.79669189453125 2128.892822265625 0.7305189722716733 0.7948010843335925 0.8991849131178163
v -190.75428771972656 186.02906799316406 -470.5509948730469 0.5228054776340599 0.5069935779467852 0.4913271653891939
v -1299.292724609375 40.679813385009766 41.03908157348633 0.5414758601292966 0.5420210014498514 0.5538694312283883
v -816.3186645507812 51.803260803222656 1928.539306640625 0.8659467102039677 0.8987334684794255 0.9646148749765241
v 2381.2734375 -4.594785690307617 1526.1517333984375 0.645931636699506 0.6988362086130435 0.7863621246351774
v -2595.49755859375 -5.157647132873535 -660.0125122070312 0.6691385307881642 0.7173427836429387 0.799480384941417
v -251.2432098388672 -38.92243576049805 770.166259765625 0.6538617103719263 0.6416704019608205 0.6348398618324277
v 1325.0521240234375 -20.016220092773438 417.18896484375 0.884296293006704 0.8884833876713569 0.912355473783079
v -1345.89990234375 -3.7236475944519043 -106.0643081665039 0.5335702153029034 0.5352740513366352 0.5487966252450686
v 107.96903991699219 -7.83606481552124 1916.752685546875 0.7183127640327275 0.7394481453277655 0.7856308810749886
v 240.3868408203125 -3.3843860626220703 284.31298828125 0.9593054646300262 0.9271566417121307 0.8918782004127042
v -1192.70556640625 -4.44069242477417 1836.6497802734375 0.8549341575206252 0.891621576228938 0.9627332122793649
v 2587.97802734375 -6.897759437561035 252.80831909179688 0.8236858381093569 0.8782680288432759 0.97283008823716
v 1022.548583984375 -2.5782785415649414 -427.8011779785156 0.8378507820895643 0.8321117560563037 0.8393815044104617
v -761.7752685546875 34.730316162109375 -1610.0953369140625 0.5155016371387141 0.5275046707459772 0.5563334064405638
v 1065.7313232421875 53.183258056640625 1225.164306640625 0.5717285611033026 0.580612763106401 0.6058695498555422
v 31.60540008544922 -29.265668869018555 614.0037231445312 0.54940436057652 0.5349915052330164 0.5223092331292617
v 381.6875 -40.96185302734375 1830.10693359375 0.5194988524541004 0.533872461669501 0.5662542594259513
v -1223.156494140625 -67.39879608154297 -944.141845703125 0.4863647280445495 0.49223907426823593 0.5113282491534723
v -2677.45263671875 8.921751022338867 -326.7098693847656 0.4584204587592275 0.49317043481052986 0.55214938651366
v 2541.523193359375 -68.17583465576172 1151.2977294921875 0.6299865154022614 0.6801069654534443 0.7636281429671082
v 1255.8211669921875 23.910411834716797 1036.938720703125 0.5080299555063316 0.5161259735013632 0.5389886909169791
v 249.2142791748047 -73.50302124023438 343.98602294921875 0.5340290877589265 0.5163382584961004 0.49759405294895526
v -160.8397674560547 62.18966293334961 -519.8863525390625 0.9246342251902675 0.8989902840928641 0.8744666278683266
v 2421.98046875 27.931840896606445 1434.1990966796875 0.43659928118536845 0.47329910946739745 0.5341706558919356
v 1115.6580810546875 2.4599316120147705 1170.15478515625 0.5924196571041572 0.6014023457368519 0.6271992276162071
v 2584.032958984375 53.17353820800781 267.53271484375 0.7106426631882081 0.5418231265251984 0.5848447404872035
v -2565.1728515625 3.8083341121673584 -992.667724609375 0.4525570964161449 0.48849729252548807 0.5488497894245836
v -423.2394714355469 13.843572616577148 767.6444091796875 0.681236562395455 0.670292573925441 0.66607963285139
v -2618.291748046875 -4.277220249176025 -148.6378173828125 0.7898180005415654 0.8433602114802905 0.9356723029787789
v -233.6304473876953 -29.500659942626953 730.1181640625 0.5147433500723401 0.5040854610631036 0.49714379521155877
v -1309.619873046875 44.691810607910156 1813.894775390625 0.6880991243518378 0.7198286392045894 0.7803566737821498
v 192.0614013671875 70.50714111328125 388.9864501953125 0.5334278960286305 0.5159248278604819 0.4975006790991527
v -2504.870361328125 -12.862587928771973 -1314.3458251953125 0.43791196999055265 0.4751278099105741 0.536693444307837
v -1352.33251953125 -5.490159511566162 -215.75601196289062 0.6844055472300787 0.6871167848205889 0.7049970331937971
v 1374.9674072265625 -66.09989166259766 479.7678527832031 0.4922054284198634 0.49613212340910956 0.5123442268600281
v 620.2207641601562 11.328681945800781 -1983.7760009765625 0.7889994248660144 0.8184033569541417 0.8778710761129158
v -2238.8916015625 34.1859016418457 1002.3920288085938 0.5896869229068792 0.44753737617185024 0.4837624742333469
v -812.1605834960938 44.84236526489258 -1560.1304931640625 0.4773198104461292 0.4879913217095078 0.5141105159746886
v -164.32908630371094 -31.799592971801758 -76.95697784423828 0.8515191873537388 0.8174527891204496 0.7762694999166131
v 1980.535888671875 -35.23828887939453 2243.446533203125 0.6904526544402949 0.7543569250052676 0.8570302516484296
v 879.4765625 -52.45505905151367 1444.062255859375 0.4940016839280826 0.5033681614312231 0.5278691470514483
v -865.2551879882812 -43.628440856933594 615.7631225585938 0.714036826422716 0.7077645626713589 0.7118692252861635
v -1432.348876953125 44.97344970703125 1726.6468505859375 0.614242443026928 0.6430274406351609 0.69782867840627
v 2664.81787109375 -21.215253829956055 246.13580322265625 0.5034396557724182 0.5405510163002282 0.6038123001096015
v 324.3169860839844 -12.097146987915039 1898.380615234375 0.7650015714276781 0.7876443926842787 0.8369499581970948
v -954.691162109375 -20.353002548217773 532.1791381835938 0.5150794640594648 0.5110865049788195 0.5151959618267742
v 398.2184753417969 -7.189964294433594 -739.8513793945312 0.917997883639173 0.9022875772961793 0.8946329465547992
v 791.4397583007812 23.618253707885742 -1956.2498779296875 0.8053425422530089 0.6156422846474712 0.6639851014094993
v 235.86056518554688 -36.90111541748047 1923.42724609375 0.4706916276237159 0.4854992920610149 0.5175295446156261
v 2543.235595703125 4.582764148712158 -422.76483154296875 0.4803583245538779 0.5129456499754349 0.5696809607801536
v 1358.69873046875 0.8571261763572693 102.50894165039062 0.4924479126000157 0.4943050002579427 0.507308611616062
v -35.01483917236328 -3.5473923683166504 699.2506713867188 0.567044450688578 0.5539941943868616 0.5440083800671865
v -2633.02880859375 40.74099349975586 86.57952880859375 0.696068453813514 0.744180443113247 0.8269173625832164
v 2558.63916015625 -30.569765090942383 -133.93267822265625 0.4531924468522179 0.48367126603821814 0.536927663723473
v -2044.865478515625 28.161832809448242 1213.51025390625 0.4537686299878661 0.4791908025068509 0.5256961125725305
v -1254.66943359375 48.2572021484375 71.85015106201172 0.5342979066012138 0.533841980064231 0.5439758835025094
v 242.62271118164062 -6.041581630706787 1914.1575927734375 0.48858475029871323 0.50368529496636 0.5365009773562095
v 2614.900634765625 -90.43470001220703 113.92052459716797 0.44845514307161555 0.4802160156952026 0.5350357352780852
v -2362.941162109375 -34.9857177734375 795.8600463867188 0.6814615970604991 0.7228324821289984 0.7962971630045124
v -1206.24658203125 9.839364051818848 215.08493041992188 0.5832015428919038 0.5819312598545463 0.5916724147609504
v -1944.70166015625 20.445249557495117 -2265.5322265625 0.46599691176877006 0.5104303811086062 0.5819043872360612
v -1189.5860595703125 43.121315002441406 -1106.0418701171875 0.7497935849032198 0.7612192046334795 0.7936779332712013
v -2634.846435546875 6.664059638977051 -163.77139282226562 0.7500717378250367 0.8018951629062194 0.8909103735490405
v 1262.3387451171875 -8.690882682800293 -1823.1009521484375 0.804563233950812 0.8404069510995609 0.9092319487630759
v -65.22084045410156 -109.41098022460938 -643.3397216796875 0.8313730623452357 0.811178173550325 0.7942049777079834
v 1612.1646728515625 12.998958587646484 -1613.761962890625 0.50127123472593 0.5262658842937239 0.573289351469752
v -2618.578857421875 -2.250490665435791 -816.43115234375 0.4408753340162294 0.4757641077733677 0.5344392659717115
v -255.68267822265625 -0.14373762905597687 -1865.8883056640625 0.4774646884676275 0.4911235231256484 0.5216263322683783
v 1203.3690185546875 -2.123616933822632 1052.9566650390625 0.509009446880474 0.5164087277251524 0.5382383357368323
v -244.99363708496094 27.28435516357422 -1887.8466796875 0.8581191854251435 0.8823962907954517 0.9359446198823362
v -193.60321044921875 -31.153783798217773 2009.072509765625 0.4680284418062704 0.4847423953596874 0.5194528618518935
v -400.36492919921875 24.64588737487793 -1796.633056640625 0.7945775996647043 0.8147219767617206 0.8609863133306702
v -2476.50048828125 -24.875408172607422 -1304.159423828125 0.6463065076381691 0.6979909301406928 0.7839742209697104
v -13.074256896972656 42.606605529785156 -1926.7076416015625 0.8659185993084191 0.8913850798916239 0.9468121708493559
v -2500.947998046875 9.040848731994629 -1293.0631103515625 0.7436284218546362 0.8032820866302922 0.9022129736366771
v -198.8969268798828 -0.5613880157470703 723.2296142578125 0.5590918249387389 0.547255593645284 0.5391819768868654
v -2150.885009765625 6.8742899894714355 -1921.7049560546875 0.4540067998601101 0.49417112423811266 0.5599399215906233
v 123.58466339111328 -57.94450759887695 504.9232177734375 0.5366795639445179 0.5207203949841247 0.5050852864116381
v -2058.309326171875 -19.06334686279297 -2110.625244140625 0.6573820571069842 0.7164352247238699 0.8120452154376719
v 2163.0908203125 33.3846435546875 2014.612548828125 0.4535823590018026 0.4959934528303697 0.5645655424597257
v 1026.8514404296875 20.420591354370117 1299.8321533203125 0.735781862860951 0.7480996839076319 0.7816341159132435
v -633.8522338867188 5.064360618591309 751.5632934570312 0.5700419325811543 0.5631382302864913 0.5635186411991632
v 3.0267231464385986 -33.43669509887695 -677.9758911132812 0.8777313691767673 0.8574638090112461 0.8412932045074031
v 1070.750732421875 20.772939682006836 -1879.5032958984375 0.4929254806059003 0.5142856200159812 0.5560855748259677
v -242.15992736816406 4.746270656585693 1963.1190185546875 0.697583937160851 0.7201962455721816 0.7680847326020425
v -715.2963256835938 27.66818618774414 -1655.291259765625 0.7562677623808631 0.7741345269248253 0.8163048681934464
v -2028.8944091796875 -41.36789321899414 1224.8831787109375 0.5742863808875884 0.6054696748819655 0.6626372486075217
v -968.8441162109375 -36.98333740234375 477.13812255859375 0.5812242896472832 0.5764592339401471 0.580544451159586
v -1189.9703369140625 16.977453231811523 1857.7442626953125 0.4849417852590853 0.5071507777840846 0.5499582773141704
v 2551.095947265625 7.036752700805664 -215.63739013671875 0.729513179040268 0.7764789881362282 0.8585799034075622
v -2362.7255859375 -58.06145095825195 758.490478515625 0.8359442970770397 0.885415650537212 0.9735195886658868
v -1263.9560546875 8.656249046325684 154.8560333251953 0.873835863567027 0.8737203003650532 0.8906480678767327
v -2209.3623046875 -66.61968994140625 979.390380859375 0.4592283354201436 0.4859850013123304 0.5344248080833967
v 407.80712890625 7.945560932159424 -2036.3387451171875 0.48840372935362325 0.5072906226716904 0.5455153835522232
v 648.66845703125 -23.50777244567871 -681.0277099609375 0.6298911526241683 0.6212714558497093 0.6199472424503076
v -305.11773681640625 39.66127395629883 762.7913818359375 0.698740060886273 0.6860776569110889 0.679320943649803
v -1653.4373779296875 37.5550537109375 -2489.480712890625 0.5796836922426222 0.43973981357979 0.4754028061991779
v -1325.5072021484375 -15.66313648223877 -622.1753540039062 0.7316450860513913 0.7375473714359057 0.7612502010198697
v -230.92271423339844 -35.72589111328125 -197.93081665039062 0.968685564864651 0.934058594425162 0.8945389477062315
v 2634.322509765625 -55.18758010864258 224.50180053710938 0.5575816772624627 0.5971524493901497 0.6650647421280854
v 1225.0137939453125 20.98337745666504 -250.1729736328125 0.5023328747378512 0.5017626854728888 0.5111264351361754
v -1020.8150634765625 20.128385543823242 494.1598815917969 0.9248554376864895 0.9195028099528282 0.9290080886568589
v 857.5508422851562 -57.040889739990234 -647.6927490234375 0.5152082546299503 0.5108253584855461 0.5143042945730333
v 1351.0867919921875 -46.55524444580078 -1815.2523193359375 0.4595316257813565 0.4821715232217177 0.5250069228970775
v 1096.9783935546875 43.58575439453125 -353.91656494140625 0.550224545311593 0.5473417102675516 0.553894290569425
v 190.98822021484375 100.82955169677734 156.83522033691406 0.9812745630465186 0.9444011736394157 0.9010997066988418
v -207.34451293945312 -28.3032283782959 -111.78451538085938 0.8875662980464357 0.8536936773215033 0.8137011106934096
v 818.0712890625 35.333614349365234 -1957.215576171875 0.5125858299214531 0.5335433005438113 0.5752041307228979
v -2583.962890625 -75.55532836914062 -1020.6716918945312 0.6880980972349403 0.7419416328124775 0.8318721576167686
v 2414.637939453125 11.670063018798828 -669.6680297851562 0.5377521892528712 0.5714531248300936 0.6311192053588128
v 751.57421875 -28.998167037963867 1552.903564453125 0.7360249440603123 0.7507096534540345 0.787783126168679
v -970.3231811523438 15.004265785217285 500.81622314453125 0.5127074431156334 0.5087087549008367 0.512764914340451
v 482.41827392578125 5.350185394287109 1744.15966796875 0.6642745981680896 0.6803223647746693 0.7180150382622161
v -1053.7830810546875 -14.248687744140625 394.7681579589844 0.7094786626791452 0.7050484953319917 0.7120546195222791
v -2191.576904296875 -71.70085144042969 1000.151611328125 0.6764637517408693 0.714223141103536 0.7827207350529656
v 2554.298095703125 1.2466983795166016 1144.6085205078125 0.4408678130019284 0.477415582879194 0.5382158089476133
v -233.9524383544922 5.97585391998291 -397.397705078125 0.9262828027242773 0.8979529538321485 0.8687476225666081
v -1328.35498046875 27.619821548461914 -671.5888671875 0.5536074874805497 0.5587792489503106 0.5780486411494653
v -158.2037353515625 114.13536834716797 -552.7203369140625 0.5373039353396267 0.40670452868397955 0.4399862013675368
v -178.40982055664062 85.1167221069336 -1892.3516845703125 0.480963024801008 0.49514027276183575 0.5264659312287444
v 713.3231811523438 -17.22197914123535 -674.1241455078125 0.9289024775341025 0.9179743497212888 0.9184731451668715
v 2140.193115234375 63.426021575927734 -1179.2706298828125 0.8381487120726225 0.8859089736342768 0.9717750274476463
v 1099.6593017578125 26.515949249267578 1228.187744140625 0.49010935965288 0.4984138029077256 0.5212499458997404
v 2085.94287109375 -77.79537200927734 -1198.647705078125 0.5486160527385767 0.579672884718326 0.636059414524192
v -2023.596923828125 -41.53525924682617 1266.9559326171875 0.6525016446353447 0.6882155394521196 0.7533761972618133
v 154.16473388671875 53.28095245361328 476.183349609375 0.6262272048103167 0.6074253855531299 0.5886743971142885
v 1306.4835205078125 29.56816291809082 -33.3794059753418 0.8502271546444626 0.8513023638820784 0.8696743995274893
v 1802.1334228515625 -12.547284126281738 -1443.4892578125 0.4567464295372519 0.48047586766284284 0.524744366183923
v 1366.987060546875 26.87376594543457 218.88262939453125 0.5312087762049376 0.5337095365110902 0.5484329129367338
v -1229.516845703125 -51.255496978759766 235.47137451171875 0.7275793955519039 0.7268262034973925 0.7400496320669071
v 889.7518310546875 43.132747650146484 1525.330810546875 0.5857686734014761 0.44448308786476803 0.4804880042208384
v 2525.154541015625 -26.6971378326416 -401.0085144042969 0.6592450134993162 0.7018688609806024 0.7764373743267514
v 1311.089111328125 -33.76728439331055 727.4267578125 0.6837526256471221 0.6903624255253793 0.7142619988268247
v 2157.57421875 59.630558013916016 -1137.6275634765625 0.5428269344231719 0.5746516224058331 0.6319330235534744
v 1289.081298828125 33.2155876159668 155.92379760742188 0.6058887139525021 0.46016678050264875 0.49730224301055787
v 1917.6661376953125 -65.54456329345703 -1391.554931640625 0.7605138729300454 0.8008992649623713 0.8749492184575598
v 125.16384887695312 41.767539978027344 1882.8023681640625 0.5269235043545151 0.5419479685256624 0.5754248850067366
v -272.07855224609375 55.03998565673828 756.4193725585938 0.7632913956419692 0.7490401857647961 0.74085536787184
v -2420.176513671875 32.46841049194336 -1507.9014892578125 0.5138644689988202 0.5576034096880096 0.6296557121285176
v 2589.600341796875 35.02077865600586 912.4149169921875 0.4396280942108319 0.4745091149813572 0.5331395948460427
v -2589.759521484375 73.37889862060547 -43.19173812866211 0.652063097818967 0.6955785174092168 0.7711375295897099
v 2639.314208984375 -44.72697067260742 548.8687744140625 0.4711719960480512 0.5067381373184153 0.5671211587428097
v -2321.552734375 -14.649453163146973 780.6717529296875 0.4571517649890044 0.4846962401613623 0.5341454972988778
v -583.3455810546875 -13.655455589294434 723.9644165039062 0.5270362600243013 0.5194859976947388 0.517987900665394
v 1275.9482421875 -42.60915756225586 -45.672672271728516 0.6772491114390503 0.6772539606656371 0.6907507166229376
v 818.6507568359375 10.380189895629883 -1944.030029296875 0.8490415001990851 0.8818946832765436 0.947509008525938
v -743.0885009765625 -22.87145233154297 2006.4949951171875 0.8342225719008226 0.8678582525941081 0.9342535533769938
v -876.879638671875 16.288068771362305 -1545.201416015625 0.4774850591130017 0.48858068948497874 0.5153296900684613
v 1328.0316162109375 -12.472031593322754 380.5533752441406 0.5580342740254123 0.560577685315422 0.5758630282193279
v 2430.55322265625 55.3068733215332 1459.2646484375 0.6980411524989419 0.7551815303650841 0.8495987571075764
v -2289.852783203125 -81.8800277709961 -1776.995361328125 0.6915532175678529 0.7511170231893923 0.848404199198435
v -1266.137939453125 13.245111465454102 175.4827880859375 0.5022497836782724 0.5022855769065474 0.5126075002072952
v 1327.7066650390625 72.77735900878906 685.6481323242188 0.4933595062708657 0.49815092133144306 0.5157148201519752
v -272.7742919921875 -16.39750862121582 741.3761596679688 0.8449347901732182 0.8288274184224799 0.8190931039116804
v -1641.914306640625 -22.912456512451172 1593.13037109375 0.48848888718697064 0.5130963885029222 0.5592965377661642
v 1874.870361328125 -19.3238525390625 -1433.4219970703125 0.526362781804914 0.5548680318868038 0.6072700849974092
v -1246.575439453125 12.291547775268555 1820.349365234375 0.6337945777525681 0.6621291825200553 0.7167421046461377
v 2468.686767578125 -13.274714469909668 1306.0552978515625 0.5963931144201515 0.6441631583351111 0.7237257347906862
v 1001.6030883789062 30.189958572387695 1409.1070556640625 0.6146482973336459 0.6271853827921386 0.6587272687889093
v -1315.9522705078125 20.44150161743164 -7.57280969619751 0.5383516848023926 0.5392682729039829 0.5516438697060008
v -220.41676330566406 77.11386108398438 -302.0306701660156 0.6144435310713992 0.4668353144516431 0.5044514769707223
v -1337.504638671875 28.474075317382812 -503.17462158203125 0.6207740641919398 0.6248735714759961 0.6437360888781937
v -2622.341796875 -55.60441207885742 -166.6436004638672 0.7594523514801423 0.8113076892997653 0.9006126944362424
v 1896.455322265625 5.714557647705078 -1380.8931884765625 0.8106314295057727 0.8524344831400753 0.9295882623275056
v 610.934326171875 54.0064811706543 -698.7650756835938 0.6050766089793852 0.5964770430668953 0.5947168265029255
v -1233.5064697265625 36.57823181152344 -921.5753784179688 0.5486986349037558 0.5551129745604084 0.5761922235205675
v 1197.4512939453125 -23.234699249267578 -295.2086486816406 0.5717577303596293 0.5707043682997914 0.5805798201876632
v -427.0006103515625 -3.2437098026275635 763.1998291015625 0.6326099013848638 0.6223386506689822 0.6183203341600781
v -422.7254638671875 -11.334695816040039 1939.396240234375 0.5132346097723969 0.5304933892124937 0.5669173249299173
v 2580.69921875 35.97709274291992 683.701904296875 0.4452324161249453 0.4782896457479014 0.5347154687110177
v -128.18601989746094 -16.686756134033203 -573.2675170898438 0.5670296015532343 0.5516313045386517 0.5375999060959397
v 24.230857849121094 -217.71673583984375 611.8935546875 0.5297010095728822 0.5157104696447038 0.5033594292726793
v 317.2414245605469 -10.901894569396973 -745.5281372070312 0.7490671276901041 0.7352414776870847 0.7274986461326942
v -183.53041076660156 60.820091247558594 -1881.7427978515625 0.48753337196170193 0.5016332540460785 0.5329784196758155
v -1791.7845458984375 45.234012603759766 1509.848388671875 0.4621285697381204 0.4870252254279745 0.5330126760596484
v -421.1716003417969 -13.94583511352539 -1792.308349609375 0.5528829609081227 0.5673082763302083 0.6004281373798901
v -1560.4969482421875 11.201987266540527 1641.8525390625 0.5190344603935627 0.5443588851193558 0.5922394051049233
v 2470.681884765625 14.718816757202148 1339.1087646484375 0.5809759620964208 0.6282802968960461 0.7068077963639611
v -219.32754516601562 -32.77081298828125 -425.6999206542969 0.606351064115193 0.5876351441062841 0.5686173767319833
v 2456.062255859375 5.424642562866211 1366.3612060546875 0.7469431555662801 0.806606914584829 0.9056460334708316
v -2576.31884765625 -7.9314494132995605 -968.6603393554688 0.7739765381936654 0.8327676912610583 0.9314566698268009
v 2645.351318359375 51.28231430053711 480.4569091796875 0.6682247387731324 0.7168096817499617 0.7994165015808185
v -1351.212646484375 16.436880111694336 1767.5367431640625 0.6613203540288131 0.6914571785501596 0.7491820095107321
v 2138.097412109375 31.87083625793457 1967.9591064453125 0.686699674724845 0.7462196242069661 0.8433057731753864
v 332.13897705078125 38.54895782470703 -736.2478637695312 0.6931274749339982 0.6801980273535503 0.6728832905792863
v 2610.84765625 -0.5332005620002747 714.8471069335938 0.5843962287715588 0.6280317987745172 0.7019468955262369
v -2613.497314453125 -11.59935188293457 -777.3390502929688 0.48132630571740503 0.5185473866798411 0.5813473523531498
v 2594.58251953125 32.5437126159668 1039.102783203125 0.4588463817356177 0.4965923553235519 0.5594350635669324
v 869.7930297851562 -15.889997482299805 -567.5360107421875 0.5243496956638054 0.5191238741337603 0.5213997294409453
v 2275.428466796875 -19.228904724121094 1729.470947265625 0.5390152462437365 0.4080385184297272 0.4414163526370836
v 91.05809783935547 -18.43803596496582 1947.26318359375 0.8648541601711258 0.8912596916846051 0.9480200139682339
v 2556.867919921875 65.16693878173828 -229.60601806640625 0.7501651905759932 0.7986805688212955 0.8833562111983534
v 1347.5419921875 36.637474060058594 461.9129638671875 0.8282143605513299 0.833410750657145 0.8578132068846883
v -1320.3720703125 7.809025764465332 -790.01513671875 0.848353637235262 0.85791097009284 0.8893909396280781
v -804.8591918945312 -63.13100814819336 1939.9918212890625 0.9725231849188115 0.7459605965163418 0.8036973042255324
v 2397.060791015625 -34.28428268432617 1602.7437744140625 0.4335933820753973 0.47212298762289734 0.535224026773681
v -2022.572021484375 -47.657005310058594 1250.3427734375 0.4706853917973665 0.49695329148708495 0.5450054872182349
v 1517.6666259765625 -23.70999526977539 -1703.8240966796875 0.5673568536609102 0.5953420557558143 0.6479810736171087
v -2407.595703125 -35.33584213256836 652.23193359375 0.664374479480523 0.7048252362431046 0.7766383954356872
v 2553.650146484375 -54.79305648803711 734.8939208984375 0.44376389362558444 0.4763665739107728 0.532161571535429
v -2175.04541015625 -36.5693359375 -1944.7264404296875 0.43276188089707635 0.4722617043109451 0.5365573293545719
v -98.11396026611328 44.93907165527344 -1948.0487060546875 0.4705524519983563 0.48566671284274915 0.5181361395071487
v 993.8486938476562 22.570510864257812 -429.6942138671875 0.5172228399007514 0.5129966660879771 0.5167676089426528
v 2280.26123046875 -88.61804962158203 1709.3472900390625 0.5255227396185087 0.5700984997343932 0.6435520038832968
v 1366.1253662109375 19.6796875 365.36456298828125 0.4902513180302385 0.4932303514385888 0.5079402587580065
v 1323.367919921875 -19.612340927124023 -1750.481201171875 0.8261900942519492 0.8619160860760362 0.9310562778650309
v -2482.288330078125 -39.1902961730957 386.7857360839844 0.4616674590659103 0.4912260160471292 0.5434774769145151
v 1764.9139404296875 -66.43694305419922 -1484.29931640625 0.4606723851376476 0.4845071420234955 0.5290101991787407
v -2131.901123046875 46.59929275512695 1166.747314453125 0.5044870890754548 0.5340053279614937 0.5872561584712229
v 2174.257568359375 16.566265106201172 -1006.8745727539062 0.46366048455067393 0.4900779732630515 0.5381658820290167
v 935.2032470703125 3.85788893699646 -565.9227294921875 0.5315451965482167 0.5274391436511983 0.5316709363632282
v 2547.401123046875 -18.534746170043945 1193.351318359375 0.779840981684879 0.8420792771314813 0.9453428726513234
v -2395.096923828125 -14.687854766845703 684.8294677734375 0.580382325604904 0.6159956116680346 0.6792713348215975
v 192.5618896484375 -126.95044708251953 422.6164245605469 0.6554662959490208 0.6350296300559707 0.6140162107691535
v -894.782958984375 -30.15427017211914 1928.516357421875 0.47351489623470727 0.49315095747485366 0.532114374519538
v -1312.3988037109375 -8.755864143371582 -69.58940887451172 0.5543134047783018 0.5552130502804432 0.5678561984146103
v 1116.6162109375 -28.177453994750977 -275.343994140625 0.6835201284256025 0.6799299013020795 0.6878091202671984
v -1353.448974609375 39.950828552246094 -201.7616729736328 0.5339315366441935 0.5360667692764738 0.5502703760440522
v -2061.121826171875 -8.391172409057617 1223.11328125 0.4589006430137735 0.48509297436472915 0.5327629576591795
v 412.2040100097656 -35.43852996826172 -1995.1044921875 0.5944906002773785 0.6158300683686593 0.659765554799147
v 228.37339782714844 15.825623512268066 -738.435302734375 0.5355960485382414 0.5246775838214635 0.5177011840337952
v 1271.0013427734375 37.1998405456543 -1816.5889892578125 0.5531165297270056 0.5784628143638278 0.6271377188563542
v 6.790899753570557 -113.67058563232422 -657.5579833984375 0.9415049437681534 0.9191672374862121 0.900715697210816
v 2662.232421875 -1.0504169464111328 398.22186279296875 0.5439641343595811 0.5843136372958232 0.652872799183811
v -2201.5244140625 61.71381378173828 987.6295166015625 0.7591912154816137 0.8013904872154496 0.8778635747690081
v -772.3057861328125 33.06405258178711 617.5897216796875 0.5070106943471517 0.5009197273017666 0.5014534645829185
v 433.49969482421875 -31.066911697387695 -783.5712280273438 0.5259308236535865 0.5176848214492572 0.5150098812895335
v 1898.4862060546875 60.25580596923828 2290.882568359375 0.49179640551518294 0.538066450680878 0.6126278747843026
v 38.71066665649414 -33.06315612792969 1955.3948974609375 0.6519528336946901 0.6724576406541362 0.7163842746837176
v -1302.9354248046875 38.61573028564453 -818.612548828125 0.5188831819368845 0.5249568045423656 0.5449585149777755
v -164.23870849609375 11.874321937561035 1972.939697265625 0.534944432745524 0.5527190590028906 0.5903287348543975
v 2036.4219970703125 -9.551736831665039 2066.945556640625 0.5373057284783841 0.5846780947328025 0.6620092692008415
v 117.97966003417969 -89.04476928710938 -699.1265869140625 0.7357988089887135 0.7194468133864722 0.7071598337520054
v 181.0260009765625 -46.61116027832031 442.91339111328125 0.6144948670525633 0.5955398726783435 0.5762727304222832
v 183.34262084960938 6.504518508911133 1918.10302734375 0.6410238888250387 0.6602743022630562 0.7021700722116713
v 2055.418701171875 86.56424713134766 -1220.5137939453125 0.6978854710314109 0.7360094555582702 0.8055112778531403
v -2658.9404296875 -4.142712116241455 -658.4871826171875 0.5512179006574248 0.5937398900548169 0.6653039225590036
v 2632.329833984375 -44.416595458984375 305.9501953125 0.5445176719884963 0.5834569164061904 0.6501978947378069
v -67.11754608154297 80.0777359008789 -594.31494140625 0.8332934580172515 0.811617505550718 0.7921241470236167
v 129.2777099609375 -53.78810119628906 557.2427368164062 0.966959049238424 0.9411416846457478 0.9171872945122936
v -2634.640625 38.55467987060547 -665.9591674804688 0.6852895486407653 0.736268234275653 0.8224380261036693
v 312.2643127441406 -24.247140884399414 -1992.57275390625 0.8158459495810052 0.843613244671324 0.9013185670694807
v 940.627685546875 -16.481916427612305 -479.65704345703125 0.5049836880923739 0.5002895458692176 0.5030717198519925
v -999.2571411132812 -39.500003814697266 480.0629577636719 0.5110333369428065 0.5073984178258862 0.5120126524362536
v 310.1676940917969 -55.718544006347656 1859.69775390625 0.48413973302172836 0.49802070933630344 0.5289799013735302
v 460.46893310546875 -37.03345489501953 -2025.0595703125 0.4780056246176752 0.4965305782026384 0.5340231479353633
v 1097.442626953125 2.7618072032928467 1189.40283203125 0.5641469135780031 0.5727789768439895 0.5975121188279047
v -1303.753173828125 7.396505355834961 -930.167724609375 0.8425423300520433 0.8544144713840148 0.889300248558882
v 629.6099243164062 24.484113693237305 -718.9676513671875 0.7039072833572667 0.6947702937574365 0.6939878744330662
v -1339.5037841796875 11.017717361450195 -94.90318298339844 0.49818619687994486 0.49962911496916246 0.512090529889185
v 1349.20263671875 74.27189636230469 562.20361328125 0.5942925424081467 0.5990947439756719 0.6185517886808767
v 79.45201873779297 51.76482391357422 -1987.675048828125 0.8135836866200286 0.840142194161982 0.8960726341700003
v 366.40380859375 -57.99982452392578 -738.4099731445312 0.8859100500270352 0.8701942490536854 0.8619126104233027
v -1121.2216796875 9.884815216064453 386.8481140136719 0.6264874219649629 0.6241068689651074 0.6328738255885602
v 1312.5196533203125 -46.09476852416992 85.74444580078125 0.5677441029870871 0.5686899583480431 0.5816532427060559
v 2302.95263671875 -70.10875701904297 1766.6319580078125 0.4601347584113448 0.5013642853975039 0.5686568140282343
v -2006.554443359375 5.267796516418457 -2146.207763671875 0.4445008509062104 0.48559190612222275 0.5522369745042621
v -138.04736328125 -17.41489601135254 -1898.5999755859375 0.6733875329771482 0.6927509867132596 0.7354628905337693
v -2476.794921875 40.3742561340332 536.2308959960938 0.6090393976295768 0.6478327368194913 0.7160552908394522
v -1305.4439697265625 79.5655288696289 -810.9829711914062 0.8640358899513918 0.8736889163123919 0.9056082728042789
v -1666.6998291015625 61.138858795166016 1606.122314453125 0.5397727052429581 0.5675262978907688 0.6192155220676744
v -1002.6170043945312 27.93651580810547 -1338.634765625 0.803291775330718 0.8172532208406607 0.854537836930822
v 252.89324951171875 -42.735801696777344 1871.8551025390625 0.47782101736888444 0.4916242233175529 0.522343952513771
v 1603.0771484375 -21.097631454467773 2533.403564453125 0.5413363792822703 0.5926646393984811 0.675056435404393
v 159.61917114257812 53.95186233520508 -744.939697265625 0.6402600020413647 0.6271406376827999 0.6184772854479808
v 1689.5897216796875 3.7589452266693115 -1554.5673828125 0.45755074900230713 0.48097296515947346 0.5248389245520688
v -208.8505401611328 -11.424334526062012 1998.7852783203125 0.8660533432095701 0.8951053849484861 0.9556863803342356
v -1383.1151123046875 -17.444683074951172 -363.3472900390625 0.9062599203698014 0.9121312244714557 0.939024154393442
v 1228.3612060546875 1.0207983255386353 -75.05536651611328 0.551748101062068 0.5506662801929648 0.5601276789014957
v -1169.3033447265625 -22.453758239746094 -1163.2042236328125 0.8376438301015013 0.8512732584472112 0.8887143486692298
v 1355.4234619140625 -5.80110502243042 599.1221923828125 0.7305591609638673 0.7370229199894865 0.7615696754820489
v 2559.959716796875 13.604637145996094 -255.6611785888672 0.4508561143589402 0.4814933577225206 0.5348988036234132
v -1671.48193359375 -12.803670883178711 1602.2073974609375 0.6278481422633814 0.6597375812355312 0.7191166395025904
v 2402.920166015625 4.140166759490967 1422.0657958984375 0.5214323270177639 0.563680957876319 0.6340567966603528
v -1980.3394775390625 4.225878715515137 -2205.32421875 0.7346672054678672 0.8009206489791715 0.907892815694765
v 1761.9378662109375 -38.09980010986328 -1499.3837890625 0.45681290463459384 0.48066709639813315 0.5251078980378342
v 569.8811645507812 -76.34455871582031 -762.7792358398438 0.7961725419012714 0.7858165203673019 0.7847602463301168
v 2392.905517578125 12.437539100646973 -778.9686279296875 0.5591016618328681 0.5943784278322506 0.6566750180344392
v -2304.66455078125 23.50664520263672 936.7092895507812 0.4678268588735645 0.49703633290630606 0.548976178262923
v 1815.2017822265625 -27.859310150146484 -1437.23583984375 0.5233822024788819 0.5503909900353943 0.600683091531979
v 872.417236328125 -11.424101829528809 -610.6902465820312 0.5825008143324099 0.5773704006448936 0.5808854024911089
v -75.08686065673828 14.559036254882812 717.9373168945312 0.5165244136997904 0.5049565155874464 0.49650304821059715
v 1128.779052734375 -9.644081115722656 -320.9416198730469 0.9613019562146595 0.7372135862485841 0.7943197805949331
v -1163.819091796875 47.47042465209961 329.35821533203125 0.5007129063786931 0.49927026145928527 0.5072159868191746
v -1620.829833984375 -10.148320198059082 -2524.124755859375 0.4295957902445991 0.4713597201055106 0.5383793649358124
v 1465.407470703125 -77.76943969726562 -1691.133544921875 0.48627233241616413 0.509396523370004 0.5535022864724127
v -2071.141357421875 -24.18356704711914 -2070.439208984375 0.4515290724587641 0.4928936969317406 0.5600954203588747
v -1103.2078857421875 -13.125030517578125 -1186.724853515625 0.6688838972914279 0.6790364995415387 0.7080444999927498
v -165.63113403320312 6.443271160125732 -537.1495361328125 0.633032226485754 0.6154257591502102 0.5989068769437572
v 166.62893676757812 -111.21588897705078 521.88330078125 0.7885676998863151 0.7665861552931428 0.7456443575169721
v -1069.245361328125 -7.614881992340088 1919.0777587890625 0.6219701290686301 0.6494986545118242 0.7027296831907026
v 2202.3154296875 27.1568603515625 -994.36083984375 0.48486725623053034 0.5129487987266527 0.5637913754823204
v -2189.74072265625 -4.043883323669434 1027.458251953125 0.4996583776845665 0.5285809374140992 0.5809130539592211
v 1968.14599609375 23.16471290588379 2190.28125 0.4349753235214623 0.47548467447916626 0.5411110930309214
v -1874.1981201171875 23.608442306518555 1395.7952880859375 0.4958571086724359 0.5221977121811963 0.5709394281152178
v 2580.30029296875 22.772628784179688 -266.8128967285156 0.6577145417579203 0.7017359761368624 0.7781069147937848
v -2629.713134765625 -1.2078303098678589 -935.1937255859375 0.4485155357938955 0.48538564911166254 0.5468154951360512
v -708.984130859375 34.60560607910156 662.9600219726562 0.7409801916526078 0.7318275452492357 0.731717555285045
v 1173.3580322265625 28.453142166137695 -382.386474609375 0.7186226874107166 0.7173461286074876 0.7295732122518697
v -1004.5166015625 -50.68758010864258 488.09912109375 0.5156042935841653 0.5121160223237708 0.5170520797053242
v -216.97337341308594 54.556358337402344 -153.11331176757812 0.5922128182182752 0.5695492090377074 0.5431691892690019
v -1322.86328125 -3.0536625385284424 -861.3690795898438 0.655553493581453 0.6642613837149878 0.6908330882426938
v -156.50018310546875 -162.3636474609375 -96.75310516357422 0.8043884768115837 0.7721590419934682 0.7332375510915937
v 2679.587890625 18.903438568115234 317.7450866699219 0.695775726870673 0.7466365804312349 0.8329410163433884
v 87.41191101074219 148.6508331298828 -698.5899658203125 0.721928401920941 0.70573186546501 0.6934360165231918
v -531.8544311523438 -54.37898635864258 744.731689453125 0.8095742965500644 0.7979075438907094 0.7949333981347768
v 1242.926513671875 -14.622971534729004 1004.3388061523438 0.8932879114223254 0.9056876753407617 0.9423286224969207
v -852.9305419921875 8.318456649780273 622.738037109375 0.7362862240271446 0.7296592744186124 0.733600611358349
v 1332.7872314453125 -14.230694770812988 544.1978759765625 0.5567856389038586 0.5607601870938863 0.5782438359387905
v -84.64264678955078 -134.43084716796875 721.9219970703125 0.893299440347194 0.874267747667423 0.8605179273332186
v -148.49342346191406 -25.691974639892578 1963.226806640625 0.8668931591903808 0.8941958142086698 0.9522881684811063
v 2346.231201171875 -26.929319381713867 1555.1146240234375 0.5447214099087253 0.5894946827539341 0.6637564938270988
v 1310.2716064453125 -3.703615188598633 789.970458984375 0.8488456422637912 0.8580809219021561 0.8890786099581064
v -788.1437377929688 -46.09114456176758 -1553.7283935546875 0.49397039614217647 0.5045714024490352 0.5309087974857545
v 1358.4259033203125 70.23320770263672 213.22915649414062 0.4964518811676359 0.4985979648486211 0.512126643698032
v 1696.821044921875 -46.72383499145508 -1573.0009765625 0.7915114561896721 0.8309741182614375 0.9044892374990076
v 604.8152465820312 9.254401206970215 1681.1605224609375 0.8752116798021337 0.8950082352435244 0.9423461685911907
v -621.4395141601562 -32.82714080810547 -1673.57861328125 0.7994782732016555 0.8176091988593646 0.8610137103798733
v -164.75823974609375 20.35772705078125 1998.8851318359375 0.7452980863116887 0.568837245722159 0.61380613943521
v -1324.0247802734375 -30.434925079345703 -705.036865234375 0.5446028659356613 0.5499842751271586 0.5694076990425085
v 1346.5799560546875 3.7901246547698975 192.93716430664062 0.4944320544556869 0.4962470489775855 0.5092214779978346
v -640.7539672851562 -2.034684419631958 -1700.85498046875 0.8028029520293112 0.8222459466224529 0.8676450790867236
v -2431.65478515625 -2.435445785522461 628.6596069335938 0.8262130848258675 0.876596409998216 0.965673943656787
v 2345.763427734375 49.82300567626953 -792.292724609375 0.5633123399431248 0.5974589793940323 0.6583538241755733
v -2207.43701171875 30.05194854736328 1113.310791015625 0.45144394596730003 0.47931191435120796 0.5290547498956895
v -1372.9512939453125 -42.25607681274414 -617.2553100585938 0.6509870282192701 0.6574775515211781 0.6805836489049558
v 1297.3604736328125 -22.412033081054688 39.709503173828125 0.859059448308635 0.8598240434302488 0.8778694264470182
v 268.5437316894531 10.04366397857666 -1984.4266357421875 0.571840773569561 0.5914002200988592 0.6323260967954564
v 46.805965423583984 -52.279666900634766 -725.090576171875 0.6784542682510484 0.6637276612878894 0.6530815698418635
v 2313.170166015625 -24.545320510864258 -873.9678955078125 0.45246622549378374 0.4804034804149058 0.5302641505473241
v -1738.5400390625 -7.787611484527588 -2420.751220703125 0.7406485377865071 0.808233571757878 0.917048117928913
v -1054.5618896484375 -44.925907135009766 -1310.7109375 0.5614902163130844 0.5717801084634122 0.5989523025539761
v -972.700927734375 -54.85363006591797 1937.2779541015625 0.7671615578759157 0.7994022105033399 0.8623881888970919
v -671.1082763671875 -6.014893531799316 -1653.465087890625 0.4785440579364821 0.4898470627055857 0.5169225116923015
v -201.32533264160156 38.321693420410156 -371.1329040527344 0.8543527959528554 0.8269674648546542 0.7978985810529238
v 150.74371337890625 -6.341818809509277 455.9453125 0.7480206376342762 0.7253302123862282 0.702299745486951
v 1273.008056640625 20.832345962524414 -77.57373809814453 0.5603552615569892 0.5603258064865538 0.5716149621420392
v 2141.656982421875 -63.88052749633789 -1122.9696044921875 0.5853923039286901 0.6187650683538735 0.6791587184205459
v 908.699951171875 37.77353286743164 -541.6763916015625 0.5160723010501792 0.5113281239510477 0.5142352938739981
v 2446.728759765625 -14.311394691467285 -607.9495849609375 0.6998451017512293 0.7433991035405458 0.8202287286879612
v 28.846389770507812 -24.134140014648438 -655.2702026367188 0.9104826413467967 0.8887855814104578 0.870814270099975
v -1302.739990234375 32.02717590332031 -51.773162841796875 0.6673272062978809 0.6680959452071549 0.6826154268989062
v -2201.630859375 -28.700016021728516 1072.5181884765625 0.728274369348305 0.7703867015359102 0.8459950276508018
v -414.03900146484375 13.561725616455078 748.514892578125 0.8217957893697398 0.8081066024832223 0.8019928584660675
v 893.3895874023438 -39.999691009521484 1506.723876953125 0.5764347224579014 0.5888923485129676 0.6195774538528674
v -172.71217346191406 -27.184377670288086 -1897.7509765625 0.5419737582520057 0.5578982190683833 0.5929831662171201
v -2653.736328125 30.68233299255371 -200.5780029296875 0.5045926650109542 0.5413008248867482 0.6040688407080044
v -1269.311279296875 -50.93879318237305 -1018.533203125 0.49632305697926676 0.5042234651913156 0.526569718521376
v 1370.168701171875 -37.26114273071289 422.60113525390625 0.6055510850193865 0.6096880245293906 0.6283264776518636
v 234.9085235595703 -135.82603454589844 163.25485229492188 0.8062610175880709 0.7766463646777765 0.742527231644718
v 661.9508056640625 15.2647066116333 -685.7350463867188 0.875223554843418 0.863937670924262 0.8628360708314007
v 2524.049072265625 -21.592885971069336 -345.65234375 0.5603625344540409 0.5967705713481906 0.6605992677014932
v 1128.880615234375 54.63982009887695 -346.27880859375 0.5156496505747925 0.5135412642268161 0.5206982027616706
v -1310.337890625 20.67262077331543 -816.8197631835938 0.4858384011788263 0.4916826179009633 0.5107160313270747
v 372.5301513671875 -0.08230908960103989 -739.6749267578125 0.9252320529520467 0.908992085156878 0.9005873551168747
v -1055.5400390625 17.638429641723633 404.2294006347656 0.5511059705596103 0.5477074348677368 0.5534458404617089
v 1352.88623046875 9.74593448638916 620.2489013671875 0.5731201575402293 0.5784529409382644 0.5983328028183503
v -456.714111328125 -30.350994110107422 751.7745971679688 0.6537723692916858 0.6433129723131858 0.639384575837801
v -889.4393310546875 -30.210071563720703 1932.8603515625 0.6257201669682169 0.6510679676753913 0.7013321778793682
v 2078.04345703125 -45.51865768432617 -1208.909423828125 0.4530360366858957 0.4791291280184446 0.5265249311967705
v 595.9425659179688 26.51526641845703 -751.4609375 0.834690993410661 0.8240886421673547 0.8233517934737417
v 135.90771484375 -40.16912078857422 524.3389892578125 0.892580834578578 0.8676974544158882 0.8438390957812549
v 802.8258666992188 -27.664907455444336 1551.140869140625 0.7233236809710185 0.7385044501947178 0.7760687929638479
v 227.35140991210938 6.360100269317627 -1978.4857177734375 0.765240704403729 0.7904079028092629 0.8433497770092977
v -1400.2476806640625 -15.83053207397461 1760.16259765625 0.6541109956042321 0.6848186772208424 0.7431717064292758
v 86.46409606933594 -55.55516052246094 567.6997680664062 0.5235865627214749 0.5090119810860929 0.4955231896784424
v 388.58404541015625 -36.979496002197266 -728.5650024414062 0.5152445883129203 0.5057477372769452 0.5007753833426823
v 226.499267578125 -69.86129760742188 157.46884155273438 0.8307465058108133 0.8000109743538021 0.764417251356451
v -1449.265380859375 -48.13568878173828 1699.1229248046875 0.46028776740123717 0.48218539246907294 0.5240126565568879
v 2401.127685546875 -16.40913963317871 1578.25634765625 0.602476241901674 0.6539120435154847 0.738304923594648
v -196.79812622070312 -67.82491302490234 -470.1835021972656 0.6951687193037934 0.6746878128493627 0.6544318828032063
v -860.0592041015625 -6.774267196655273 -1550.3389892578125 0.6765198614536249 0.5152242052678881 0.5563284568113048
v -230.2471466064453 40.728172302246094 -364.8342590332031 0.6453565166608838 0.6244703250357144 0.602446346533643
v -998.4714965820312 33.09552764892578 472.6080627441406 0.5820575558320832 0.5778731616842671 0.5829152655773263
v 303.3787536621094 24.52280044555664 1877.7510986328125 0.5439459601728748 0.5598266372041721 0.5948877791169375
v 2545.736083984375 12.770316123962402 -351.561279296875 0.6828176121206112 0.7273880221859054 0.8051302411462657
v -202.204833984375 -20.060588836669922 -309.6022644042969 0.6781891736973807 0.6548919940389952 0.629286548030092
v 2404.417236328125 -53.52971267700195 1562.6668701171875 0.5738902727578149 0.622866073378051 0.7033073115168478
v 557.6358642578125 24.888103485107422 1769.1302490234375 0.4737367625576094 0.4866150289372782 0.515906490548274
v 512.4429321289062 -27.01405906677246 -1977.625 0.801336558045102 0.8297055794985296 0.8879653980596005
v 1219.7274169921875 -4.508181095123291 1028.8856201171875 0.8391033410034521 0.8507088469405815 0.8851265028318945
v -1316.05810546875 -25.75344467163086 29.17792510986328 0.6196763090980649 0.6207293346619481 0.6348182046632876
v -393.85333251953125 97.1792221069336 1968.5792236328125 0.6598799638254111 0.5022532895078471 0.5424225462777829
v -663.8406372070312 64.62789154052734 -1719.0380859375 0.5943773424100195 0.6098353832601265 0.6452863473024487
v -1754.4090576171875 15.729849815368652 1544.372314453125 0.6757552228397488 0.7107158580573154 0.7753997065384286
v -1330.2398681640625 21.342239379882812 -256.3346862792969 0.7486662791869628 0.7511411568361238 0.7698378181206013
v -156.79251098632812 -5.144095420837402 2023.8134765625 0.475234605973983 0.49246932855568065 0.5280720903951622
v 234.24826049804688 35.89417266845703 177.889892578125 0.5278577375687803 0.5079614854290686 0.4851341655490187
v -1278.0762939453125 -0.9860961437225342 1819.9927978515625 0.4679508662532497 0.48992794075492113 0.5320362764914964
v -68.4433364868164 -47.86442184448242 685.099609375 0.9072506437628242 0.8866841143033873 0.8705886119820059
v 107.21061706542969 -25.292264938354492 -748.406494140625 0.7075245637788972 0.6929836964428 0.6832239744549022
v -366.6988830566406 -4.367218494415283 749.2797241210938 0.6236173660146415 0.6125171613510749 0.6069383231623019
v 1321.4361572265625 19.420026779174805 76.4057388305664 0.5784965536310602 0.5796668537409089 0.5931811107573778
v -874.8104248046875 -13.518647193908691 594.9952392578125 0.7731399604558374 0.766262564145527 0.7704822695771477
v -2525.480712890625 7.709195613861084 264.2991943359375 0.46489019653954616 0.4954090622771025 0.5490163929291061
v 2522.916748046875 7.971474647521973 -247.09056091308594 0.6489151688877517 0.6900696248532846 0.7624308144312107
v -1607.805908203125 -27.699453353881836 1595.9444580078125 0.4635490083190105 0.4864329019286637 0.5296953972264236
v -1352.133056640625 -10.559420585632324 -204.31683349609375 0.6889121271897566 0.6915818537055985 0.7094804518434217
v -844.1156005859375 4.8064284324646 1970.96044921875 0.7630347048749992 0.7941564799174238 0.8554872417415282
v -890.6297607421875 58.91481018066406 542.197021484375 0.6065870674766239 0.6007196260536588 0.6034821262058875
v -2386.805908203125 -48.34226989746094 -1515.7288818359375 0.6817832145251007 0.7373516539421399 0.8293008183185916
v 152.15383911132812 97.77023315429688 540.6310424804688 0.641746186720979 0.623905915862274 0.6071589703267707
v 891.1361694335938 76.5418701171875 1541.0433349609375 0.7261215229971338 0.7425190523788266 0.7819365552910725
v -1112.1536865234375 -6.573822975158691 -1208.3760986328125 0.7335979335304483 0.7453994171220238 0.7781167970567147
v 1320.052001953125 6.745960712432861 182.7248992919922 0.49339639281366493 0.4946045732711812 0.5066096592724074
v 202.532958984375 -17.490549087524414 252.28521728515625 0.9045239778707139 0.8726453184612541 0.8366436417500774
v 282.1619567871094 37.923011779785156 -766.839599609375 0.5120450550250604 0.5024309738117781 0.49719972046376365
v 821.0196533203125 15.634197235107422 -1954.3387451171875 0.5802171302701786 0.6036247435489842 0.6501835035927599
v 1111.4739990234375 55.55867004394531 1177.75927734375 0.8860636797218286 0.8992264074845926 0.9368833799300251
v 2532.951416015625 15.992230415344238 -357.4839782714844 0.6030808780125854 0.6423991296522911 0.711164888191937
v 1352.450439453125 12.4415864944458 580.8738403320312 0.518724993316191 0.5232096663543948 0.5407739750307685
v 2562.445068359375 1.4920235872268677 1151.2410888671875 0.43731576396679145 0.473902822771958 0.5346513713794661
v 677.0481567382812 85.3563003540039 1632.6732177734375 0.48010774554929775 0.4910396647108565 0.5175979901919179
v 202.4730987548828 128.32916259765625 424.26397705078125 0.9229668665016667 0.8950142733725777 0.866404428669437
v 54.27713394165039 132.81263732910156 -638.25341796875 0.9029923827666351 0.8809706475708736 0.8622898821122563
v -140.6318817138672 -127.96593475341797 663.6371459960938 0.5182147474231418 0.5057668111088416 0.49584209198609247
v -2259.002685546875 -17.10848617553711 891.91357421875 0.4902698513339277 0.5189916737127458 0.5708269893103661
v 2535.75 8.476366996765137 -219.3806915283203 0.7399961352691448 0.7869268534686247 0.869248714820621
v -2511.466796875 29.196823120117188 402.87249755859375 0.5553607673081171 0.5913361525008974 0.6544650813929707
v 250.2369842529297 -37.488304138183594 313.7837829589844 0.6449942179440779 0.6234495350898703 0.6002479765275924
v 1166.765625 -0.512062132358551 -355.4349365234375 0.4969770912360359 0.49576005138793594 0.5039966141950806
v -540.656005859375 -20.007564544677734 723.5108032226562 0.6047990841028001 0.5956146251334494 0.5928778100729334
v 1188.1639404296875 -69.25895690917969 1162.6805419921875 0.8450523534342248 0.8593010736221439 0.897812456769469
v 2157.549072265625 -21.173646926879883 1923.0059814453125 0.6159033786385067 0.669085013567655 0.7560779617066359
v 983.2742309570312 -31.371339797973633 1368.7218017578125 0.8691115003720172 0.8846569151346215 0.9255686130154926
v 2310.86279296875 23.897724151611328 -893.4765014648438 0.4760786972795145 0.5054547557310797 0.5578211230395493
v 429.84979248046875 13.628886222839355 1799.9168701171875 0.49103360354546916 0.5042240067898657 0.5343143375704354
v 2555.025146484375 -27.009510040283203 1085.3070068359375 0.4715756498515375 0.5096590511520848 0.5732945210317929
v 1001.0191650390625 66.21074676513672 -416.8223876953125 0.5044869458055758 0.5003875715837495 0.5041277181426638
v 218.34217834472656 -113.35791778564453 272.81103515625 0.8679597741653169 0.6644527585244722 0.7163140659727236
v 1155.8369140625 -57.238128662109375 1183.2896728515625 0.5573580089163399 0.5668339912902679 0.592708163240354
v 2508.871826171875 -29.31830406188965 1346.1370849609375 0.48241019646608646 0.5235893876900612 0.5914787382531719
v -238.4540557861328 15.742355346679688 -360.8632507324219 0.5730683849858937 0.554360359313149 0.5346493006984937
v -1284.073974609375 61.42997741699219 -759.3795166015625 0.4869303740829573 0.4916100961404532 0.5088828422312004
v -2669.55322265625 51.5489501953125 -531.8543090820312 0.5893244667703456 0.6338652730902816 0.70908490393044
v 2647.56005859375 22.06752586364746 440.5401611328125 0.7438693660174314 0.7973195987753173 0.8882859053255299
v 109.24505615234375 -13.703615188598633 1907.7083740234375 0.6921279207678742 0.7122383550385892 0.7564096747927438
v 2129.432373046875 19.1379337310791 2060.66748046875 0.48340105614002943 0.5285479670762917 0.6014510424867835
v -205.81314086914062 -130.23411560058594 -328.14923095703125 0.8672574291402793 0.8384634322757147 0.8071672100209182
v 1015.6128540039062 -87.12763977050781 -1912.96826171875 0.4682480643571986 0.48871739124594654 0.5287342594915163
v -1711.2017822265625 -37.09617233276367 1570.0872802734375 0.7545068993175617 0.7926053815980446 0.8634003530009369
v 1059.9827880859375 19.53209114074707 -1913.417724609375 0.49459585773107734 0.5166852934367802 0.5595394596638663
v -2688.7236328125 -30.6599063873291 -275.62603759765625 0.45228656978239595 0.48678409867879296 0.545269036781294
v 2011.30517578125 49.30235290527344 -1295.61669921875 0.7188271711727384 0.7580936973245123 0.8296398024948253
v 1375.2266845703125 42.83156967163086 616.4498291015625 0.5707973782604587 0.5765959040345829 0.5971468233374109
v 1714.7183837890625 65.21723175048828 -1550.7520751953125 0.4568859844362689 0.48070067848048675 0.5250891184034279
v -2484.19873046875 13.129471778869629 488.5745544433594 0.8034189384464978 0.853454419126172 0.9414967138022481
v 121.0451431274414 20.62066650390625 520.436279296875 0.5809003062826831 0.5640490475133998 0.547771633487313
v -1946.1278076171875 -62.887638092041016 1367.1363525390625 0.6248572124736833 0.4749528409502745 0.5131541474125653
v -1273.6202392578125 -67.39154815673828 120.66484069824219 0.7356044864158175 0.7356886893030433 0.7503858899411611
v 1161.1873779296875 -8.835678100585938 1169.928955078125 0.5475538988080871 0.5567287174941997 0.5819642111657543
v -1328.2879638671875 21.94375228881836 -197.4814453125 0.49689957048049344 0.49833971639359337 0.5107730650530548
v 1368.9346923828125 90.45636749267578 473.8825988769531 0.8507062517027376 0.8569233916483701 0.8833213874651723
v -344.31817626953125 17.0367431640625 -1829.168701171875 0.5588943697030377 0.5740244012551068 0.6082926029367357
v 1214.3311767578125 -49.80423355102539 -170.87625122070312 0.4971312924251687 0.4960540784371819 0.5045161558796909
v 1014.3935546875 15.171674728393555 -1902.691162109375 0.5832726075832034 0.4425373855704385 0.47840205803271424
v 1323.93310546875 14.542778015136719 170.4512176513672 0.587171823994114 0.5886431032429514 0.602789711161462
v 2142.02587890625 -94.2059555053711 -1101.8714599609375 0.7863521259277999 0.8297755731938067 0.9085521180571998
v 724.8382568359375 -8.20539665222168 1672.9853515625 0.5929623768696001 0.6078157747150117 0.6423535233086262
v -1000.985595703125 22.780670166015625 472.7896423339844 0.5006556593337569 0.4970547913889061 0.5015317024776083
v -2559.7119140625 -24.77253532409668 -1105.4613037109375 0.786915462757235 0.848421942154956 0.9509544202918628
v 2163.7939453125 46.148990631103516 -1013.5677490234375 0.4533150175865274 0.4790260375148752 0.5259118849156222
v 440.5630798339844 68.29430389404297 -710.7652587890625 0.5617908163405737 0.5517458273975904 0.5467489972718343
v -1318.463134765625 73.81230926513672 -40.330833435058594 0.572321024924803 0.5733669157097483 0.5865718221427885
v 1116.0885009765625 -13.677124977111816 -345.4441833496094 0.5721217244992118 0.43384521365832074 0.4690833150662745
v 204.6984100341797 -108.3481674194336 118.91868591308594 0.6854578750209448 0.5221914335645785 0.5637979006783475
v -390.6258850097656 5.071897983551025 1998.974609375 0.5490221130607359 0.5688544402014688 0.6096953285172102
v 96.47442626953125 -56.03498458862305 595.870849609375 0.8593466285155695 0.8372028897376057 0.81742875678513
v -2616.830322265625 -14.893537521362305 -540.916015625 0.5411562472074429 0.5806358776481599 0.6479902087874657
v 1140.81591796875 72.24919891357422 -1855.7734375 0.6980356494831048 0.7279631789482517 0.78620838511499
v -2382.328857421875 -59.427005767822266 691.2596435546875 0.5054801000562268 0.5365744381421367 0.5919627903358033
v -1127.6512451171875 0.9850587844848633 338.9633483886719 0.6315838120888361 0.6289607260727509 0.6374333086551496
v -2281.411376953125 7.213871479034424 847.8953247070312 0.5454759937257588 0.577272464021291 0.6345801742949901
v -882.1599731445312 52.271751403808594 -1479.55615234375 0.5454205650175417 0.5564974998829268 0.5845347017138082
v -2606.7861328125 27.987192153930664 -804.7352294921875 0.6701045716110299 0.7204918119815001 0.8054800856480803
v 2629.6787109375 29.421079635620117 907.1611938476562 0.4687270505596118 0.506785291026059 0.5703079402647758
v -2338.34619140625 1.0731451511383057 -1695.312744140625 0.6641320433093957 0.721051723701776 0.8141912383089123
v -1343.31982421875 10.772947311401367 -556.9893188476562 0.4889332750499901 0.49279093554963466 0.5088358079596781
v 1343.127197265625 44.98015594482422 156.73736572265625 0.5747246621027041 0.5766019492385495 0.5911550868070792
v 1716.03857421875 1.5494881868362427 -1485.2218017578125 0.6507183475828964 0.6820100070069379 0.741091658553238
v 1074.074951171875 24.536190032958984 -451.9123229980469 0.5275496986540543 0.5250534029708223 0.5318080599919813
v -832.9147338867188 36.303192138671875 652.691650390625 0.5148792128189068 0.5101509798027564 0.5130618725783906
v -1972.49267578125 -39.61146926879883 -2157.499755859375 0.5663044367892086 0.616836813692776 0.699008996449533
v 2244.010009765625 6.7259202003479 1741.56591796875 0.7796130322822666 0.8432260598138498 0.9482299367544508
v -161.44371032714844 8.863768577575684 1982.6297607421875 0.6253079861101197 0.6461073728060199 0.689911008740426
v -551.927490234375 -1.3811665773391724 -1731.281005859375 0.8592319829056845 0.8799368626206951 0.928297334125567
v -112.55301666259766 39.2840576171875 1934.0377197265625 0.4908831642266686 0.5062462782622535 0.5394875772101546
v 2039.2066650390625 61.55961608886719 2109.859130859375 0.7764559875422185 0.8446537556560173 0.955337616972045
v 1221.3018798828125 -62.27975845336914 1050.95263671875 0.4832692996492218 0.4906106375882528 0.5118667305471872
v 546.720947265625 -21.632171630859375 -2004.5491943359375 0.48602429551489296 0.5048545505598325 0.5429488143904678
v -194.18870544433594 -102.05219268798828 -432.1270751953125 0.8321931715085267 0.6365725081732588 0.6864240590985103
v 1924.89111328125 36.986793518066406 -1343.3909912109375 0.5297781978757024 0.5580606619985188 0.6102396346321112
v 1368.0333251953125 11.33434009552002 62.089752197265625 0.6511707956097306 0.6537603660260747 0.6708371762670972
v 1349.0965576171875 37.996116638183594 -1738.0274658203125 0.7203240768872244 0.751981537622282 0.8131262293523277
v -247.0965118408203 -72.7265625 -182.41302490234375 0.5697635723073239 0.548688445377598 0.5246738725328108
v -1191.5791015625 -15.232172012329102 275.7182312011719 0.9054774088448871 0.9034838465633115 0.9180138756847114
v -232.3704833984375 -3.902919054031372 -339.0513610839844 0.967377488011716 0.7419495099496164 0.7993970712655863
v -416.1650085449219 -6.59405517578125 751.1889038085938 0.8321790130508369 0.8184329834017696 0.8124230404743741
v -2445.488037109375 24.943960189819336 602.555908203125 0.8102959096093799 0.8601035975011523 0.948016751891304
v -819.6572875976562 -25.810461044311523 -1599.0888671875 0.5087730345525607 0.5210298906569607 0.5501010319663151
v -2345.490478515625 -28.551101684570312 -1701.1505126953125 0.524521756814906 0.5707223076360354 0.6461966451337181
v 1702.219970703125 -31.602609634399414 -1547.0615234375 0.6819978633655126 0.7158384339382878 0.7791351394241673
v -221.54978942871094 44.34963607788086 -355.8038024902344 0.8676232363646794 0.839747822910209 0.8100941642874762
v -806.967529296875 -67.74622344970703 611.3292236328125 0.5714570383098767 0.5652045130531975 0.5666808198029244
v 593.658203125 51.62478256225586 -743.7261962890625 0.626334449495359 0.47610436479178325 0.5143886922526472
v 1691.8670654296875 -23.575651168823242 -1538.6856689453125 0.6242882549354196 0.6550139584696516 0.7127162331723238
v -801.8538208007812 -12.807303428649902 2011.375244140625 0.7527269866033678 0.7843035951166983 0.8460468533049522
v 2600.419677734375 -36.866397857666016 980.6631469726562 0.6819237399511883 0.7353614596822442 0.8245979943030699
v -164.04649353027344 -10.561387062072754 -538.1408081054688 0.6391621998341945 0.6214098751321282 0.6047630171170048
v 2673.411376953125 46.69621658325195 225.44140625 0.4980086064516142 0.5349748937530499 0.5979011870004598
v -2117.2255859375 -70.53174591064453 -2027.9178466796875 0.4705590549289242 0.5135833188945084 0.5834419108476077
v 194.57015991210938 -12.398670196533203 357.555419921875 0.8002199946694302 0.7740528759158204 0.7459823664439016
v 775.46044921875 -3.5369486808776855 -684.0850219726562 0.802329047591953 0.7944539382561452 0.7975900237639271
v 2200.11474609375 -55.843467712402344 1851.5706787109375 0.5355738527787127 0.5818549661523177 0.6577603205288992
v -2615.025390625 67.90582275390625 -132.54017639160156 0.45921830323905627 0.4916874193198794 0.547717418123507
v 187.7360076904297 93.21025085449219 479.1715087890625 0.686794024512367 0.6666605940296574 0.6468391175171281
v -158.79124450683594 -27.486061096191406 -528.4646606445312 0.8782414938737787 0.8540446213771427 0.8310883620999853
v 1667.819091796875 35.369808197021484 -1569.702880859375 0.747652404871302 0.784099003013109 0.8524738568490037
v 1125.0594482421875 28.124326705932617 -311.0954284667969 0.5281797737090195 0.5257251848559714 0.532558399638289
v -139.50650024414062 -9.337702751159668 744.0846557617188 0.9336252137748599 0.914806874955901 0.9022110821704884
v -1714.812255859375 68.87516021728516 -2441.26806640625 0.4630024717702304 0.5071021487323029 0.5780680037383454
v -1172.415771484375 4.847834587097168 291.1177673339844 0.691070125659252 0.6890901789194971 0.6996888312524925
v -2667.373779296875 23.697126388549805 -512.762939453125 0.5871840827227739 0.6313582481037889 0.706045735671654
v 2628.681884765625 3.5348808765411377 -14.80329704284668 0.7983234297992213 0.8527067825117274 0.9463434298729564
v -56.8550910949707 -79.27388763427734 -614.7020874023438 0.5866457549882241 0.5713984140599854 0.5580273826368013
v 2040.1427001953125 18.84666633605957 -1197.515380859375 0.7676822121126711 0.8082612246203761 0.8827430118872783
v -2431.54345703125 -57.74872589111328 -1416.2269287109375 0.44046187486078037 0.4774244387336473 0.5387416496575919
v 715.1763305664062 40.790687561035156 -1992.810546875 0.6811277275044513 0.7081625325664357 0.7619891606949828
v 496.0547180175781 33.97816848754883 -768.4603271484375 0.6450657077208324 0.6356067003439725 0.6331781866216873
v 2503.913330078125 -43.834415435791016 1178.0106201171875 0.5501336109683378 0.4167053330970421 0.4507079158176643
v -552.498779296875 40.404640197753906 1987.6171875 0.5064240177549075 0.5255634481927599 0.5645264301393375
v -359.29913330078125 -14.36837100982666 -1825.5552978515625 0.49961764133225667 0.5132686437432512 0.5442016011840538
v -233.0372772216797 -22.493194580078125 -213.0341339111328 0.8049364248799208 0.7761580328869097 0.7435179147846461
v 192.12831115722656 20.518041610717773 479.6624450683594 0.7513343422966091 0.7295035596424322 0.7080528713545017
v -1943.0902099609375 -61.05280303955078 1306.7867431640625 0.48508939522345834 0.5110502512442484 0.5590234077084474
v -266.6136169433594 44.74126052856445 -1868.301025390625 0.4925138141984072 0.5066566539204653 0.5381639165129157
v 1146.171630859375 19.428802490234375 1078.2054443359375 0.6422430684907589 0.650641515939919 0.6764934589202872
v -998.6015625 -18.765735626220703 474.26983642578125 0.7009484673404851 0.6960066195417092 0.7020276708962382
v -2265.755859375 82.17266845703125 934.152099609375 0.4650485686539752 0.49305919291927697 0.5433264765057954
v 2334.674560546875 -19.993425369262695 -827.6588745117188 0.6189255794791242 0.6561833914558427 0.7226086683390667
v -802.0848388671875 -34.2414665222168 1966.1329345703125 0.5972531416737118 0.6214052617949589 0.6693768281950254
v 2221.020263671875 -57.35841369628906 -992.4568481445312 0.6040541083468758 0.638909790857744 0.701750703331046
v -1735.167724609375 7.766860008239746 1571.7506103515625 0.7062073406327042 0.7427791420398545 0.8103688717273958
v 6.93228816986084 10.38503646850586 669.381103515625 0.7455097535458419 0.7278839966972087 0.7136088402963302
v -2177.46435546875 -20.650758743286133 1042.3670654296875 0.7262153402904463 0.7667552071836813 0.8401980890944702
v 2537.2001953125 62.79567337036133 -396.6265563964844 0.5042835303667588 0.5380100792589966 0.5968628634650504
v 1282.541259765625 -63.84117126464844 -116.55223846435547 0.8058300794542379 0.8062079674905129 0.8226626942233463
v 2092.17626953125 0.2732471525669098 2010.0106201171875 0.4424584852865843 0.4822346806949636 0.5471696895695729
v -477.70025634765625 -5.944931983947754 1994.2906494140625 0.7642120190289726 0.5835807529580175 0.6296124409381233
v 2668.25341796875 22.4520263671875 390.739990234375 0.5544149637218744 0.595640862971684 0.6656195295457397
v -347.2063293457031 60.74123001098633 2015.259033203125 0.6560242432622633 0.6796478311746027 0.7281189250292789
v 2.8371777534484863 10.933085441589355 -1950.651611328125 0.626645900211966 0.646253551999359 0.6883728871267794
v 19.444337844848633 74.25746154785156 -637.608642578125 0.8755532524888396 0.8540796698518003 0.8357916124284461
v -143.48043823242188 14.127610206604004 735.3109741210938 0.6599127184034699 0.6461110870006709 0.6366743437559521
v -225.01844787597656 -121.2015609741211 -228.68862915039062 0.6005382001389497 0.5787039908246173 0.5540090663017562
v 1758.1829833984375 -51.36779022216797 -1469.57568359375 0.4977891530757684 0.522922752124276 0.5700576357963036
v -2641.431396484375 36.034385681152344 -148.59951782226562 0.4709125244491719 0.5049370850809631 0.5633092952057782
v 472.49420166015625 -34.37919998168945 -1975.3272705078125 0.4999035291533653 0.5179711492249734 0.5552745675373835
v 1356.5574951171875 -11.977999687194824 531.9336547851562 0.7453483103743956 0.7511194671490166 0.7748745631350029
v 2254.793212890625 -30.095434188842773 1728.6571044921875 0.5588600910943103 0.6056721143616087 0.6829337908307689
v -1570.3424072265625 39.34521484375 1623.8990478515625 0.7412934715309364 0.7761735451416228 0.8422486429738248
v -1265.1324462890625 -3.7136621475219727 127.19275665283203 0.5188838886164613 0.5187700360413023 0.5291617601053363
v -1993.6705322265625 -37.90031051635742 -2157.89208984375 0.7647311944455253 0.8321547692967047 0.9415123222773728
v 1691.3145751953125 61.437477111816406 -1587.767333984375 0.5656628938936835 0.5947914791662874 0.6489589347558127
v -2238.7041015625 28.10291290283203 976.60302734375 0.548367724337781 0.5805952932709731 0.6385525962079255
v 2655.9873046875 -4.077277660369873 689.6585693359375 0.6507275711933708 0.7004296257700358 0.7839982695304308
v -2258.861572265625 -10.848881721496582 905.25927734375 0.4581342166753805 0.48529547625385877 0.5342537174344415
v 646.6626586914062 32.291507720947266 -1928.33740234375 0.5511523625934384 0.570970444493304 0.6118355571054651
v 161.94371032714844 34.07441329956055 1940.635498046875 0.471947901201439 0.4870251921450371 0.5194697369210478
v -998.269775390625 22.977136611938477 -1395.788818359375 0.4821326596952206 0.4918878916359524 0.5167405686618695
v 1181.477783203125 4.549426078796387 -270.9426574707031 0.6103941405957741 0.6087337378184845 0.6183545534153848
v -152.8958282470703 97.42601776123047 695.2207641601562 0.5412808770179218 0.5290083702791353 0.519841502708067
v 872.8156127929688 31.794631958007812 1511.790771484375 0.5305198581692999 0.5419160708439065 0.5701394689610383
v -1120.8690185546875 -12.205160140991211 343.0802001953125 0.6448864870634753 0.6420715600096645 0.6504822254979993
v -9.569923400878906 154.17083740234375 -661.6632690429688 0.5168053789477509 0.5040673267520743 0.49361644472187555
v 1158.487060546875 -5.955214023590088 -1827.879638671875 0.759151447465327 0.7909292347630932 0.8530936533096164
v 1081.0941162109375 -15.1926908493042 -421.0099182128906 0.7725700017771306 0.7688638350943622 0.7782026309170209
v 115.4291000366211 105.11758422851562 542.1599731445312 0.9501303323271467 0.9241521512337655 0.8995716234921495
v -50.06659698486328 -61.003578186035156 1944.777587890625 0.5439193920584363 0.5610012996542557 0.5977983514388161
v 2269.433349609375 1.8435825109481812 1749.668701171875 0.5340147490890993 0.5798126421549302 0.6550617371723592
v 1311.068115234375 -6.990625858306885 -3.3235692977905273 0.7869346148392277 0.7880725836013742 0.8053771575671466
v 1818.24560546875 -10.44091510772705 2383.512451171875 0.43919948057803787 0.48173208206238055 0.550006790081114
v -2622.251220703125 -34.93431854248047 -145.44728088378906 0.5623892383699102 0.6016503079067653 0.6692851422690727
v 206.5016632080078 94.13125610351562 161.72084045410156 0.8290646828793635 0.7980184039971702 0.7618234496525259
v 567.9223022460938 -81.24493408203125 1721.0413818359375 0.7917427762425386 0.8107363177346445 0.8552583397275615
v 1798.78369140625 -22.402202606201172 2380.7958984375 0.46322681859800335 0.5073647072890283 0.5783850251974602
v -2178.578857421875 25.145280838012695 -1952.0294189453125 0.5454679769051557 0.5943770322889155 0.6738828670099763
v 2457.290771484375 6.767309188842773 1385.5057373046875 0.4463579720984849 0.48397471730837066 0.5462943627527445
v 950.2507934570312 21.8760929107666 -550.8455810546875 0.7182452695731648 0.7129840840500203 0.7188089745377458
v 83.05429077148438 -45.230064392089844 -1991.7772216796875 0.4765427217332568 0.4929021389535793 0.5272821676701638
v 716.5900268554688 46.06209945678711 1643.641357421875 0.5137863091642373 0.5260539496797247 0.5552390171476486
v 1326.998779296875 -59.085601806640625 -1802.4456787109375 0.7188950393371908 0.7519781822000022 0.8150681841818073
v -2612.3984375 56.27400588989258 -251.7471923828125 0.5476728359312257 0.5859369227350185 0.6518795862861205
v -1349.0657958984375 -4.057718753814697 -362.38555908203125 0.501672341198713 0.5043264831356509 0.5187428819102192
v -2600.147705078125 32.08110809326172 -30.520328521728516 0.6727225559238138 0.717928451472461 0.7962458598514015
v 1489.6282958984375 -26.209083557128906 -1688.8641357421875 0.49758618085043244 0.5215929564425321 0.5671722535043412
v 1385.8251953125 3.241154193878174 483.7804260253906 0.726822357160572 0.7328029812910933 0.7565369122955014
v -740.6149291992188 11.6870698928833 -1638.0093994140625 0.7115194749661777 0.542506590683919 0.5855774717233655
v 1277.274658203125 -4.757116317749023 -51.10224151611328 0.7050747221437872 0.7051251818683171 0.7192066568844488
v 85.512939453125 -14.066329956054688 588.971435546875 0.5326400416108147 0.5182432290645947 0.5052481618681705
v -31.259410858154297 -0.8336443901062012 1945.17431640625 0.5138810633908153 0.5301063208924404 0.5650580011600588
v -383.71685791015625 34.95984649658203 725.409912109375 0.6657682830533458 0.653636978820074 0.6471374239263247
v -476.0841979980469 -47.648468017578125 1984.733154296875 0.49021738478075744 0.5082298233366103 0.5452523605008074
v -318.706298828125 -7.09328556060791 747.0105590820312 0.5180181531380654 0.5082039896590977 0.502751219838861
v 448.0556640625 7.781607627868652 1852.9017333984375 0.7653305916670953 0.7872400673922723 0.8354909499652289
v -1331.5528564453125 -59.126976013183594 -298.4825134277344 0.5246692068655924 0.5266827209626771 0.5405252861383253
v 1307.5281982421875 5.019240856170654 786.3485107421875 0.670079059502737 0.6773603920509192 0.7020326955012256
v -960.6049194335938 91.892333984375 499.2620849609375 0.8767199861618228 0.8698331729501442 0.8759641692349084
v 1162.921142578125 -20.393945693969727 1143.5379638671875 0.8668380614006049 0.8801870995990887 0.9177606886696791
v 2032.25927734375 -40.90361022949219 2126.283203125 0.7909493305503749 0.860710107428874 0.9737911747211724
v -1108.440185546875 11.67372989654541 1891.5389404296875 0.48056878630667293 0.5022277874949148 0.544173891940374
v -1202.13818359375 7.283899784088135 -1102.4810791015625 0.7921901195168488 0.8044641318835214 0.8390041067875481
v -2337.001220703125 -36.25652313232422 -1679.1229248046875 0.44557035827656927 0.48486377540295306 0.5492838423559784
v -1252.586181640625 30.91584014892578 102.40421295166016 0.7334915977210861 0.7328827932055797 0.7464441176055859
v 1005.8994140625 22.934831619262695 1399.0352783203125 0.6633892848196524 0.6766593767993818 0.7102302742013591
v 1215.080078125 -32.30128860473633 -1863.474853515625 0.551515301168768 0.5770255297573756 0.6258921485190143
v -2136.530517578125 -30.310470581054688 1095.8853759765625 0.5581232640446466 0.5895186845176215 0.6465899409417377
v -497.3173828125 -34.51847457885742 759.4423217773438 0.5206980039286268 0.5127782321538681 0.5105466066977937
v -175.5071563720703 44.266475677490234 2004.8931884765625 0.48700101133483015 0.5041713727221867 0.5399270441600812
v 2411.986572265625 -69.29004669189453 -679.3294677734375 0.49757328711531573 0.5289912801739574 0.5846148774743518
v -2542.47802734375 -10.694971084594727 -1203.2171630859375 0.5745009726107375 0.621421371669591 0.699273795255279
v 1991.6085205078125 -47.72325897216797 -1257.2979736328125 0.7657250828663213 0.8057608630373174 0.8794583095182612
v -75.39224243164062 -45.48781204223633 -635.6920776367188 0.9364065094062438 0.9136030644262247 0.8942472740405856
v 132.58355712890625 8.759215354919434 513.8843383789062 0.5207342511331818 0.5054094463695845 0.49055326964810025
v 759.4014282226562 81.61146545410156 -712.5777587890625 0.8811309577050305 0.8727833073009728 0.8766181770335266
v 1969.25048828125 -10.661264419555664 2209.90380859375 0.5741879065626628 0.6268181584108781 0.7118530494473345
v -2594.751708984375 -16.192848205566406 -914.0816650390625 0.8008854299125984 0.86151642456727 0.963320779188671
v -48.48870086669922 -30.453330993652344 706.507568359375 0.6593338500913642 0.6445425468803541 0.6334087034292932
v -352.4081115722656 -14.434926986694336 1993.3363037109375 0.664217303216832 0.6874016181707763 0.7354186149109745
v -1341.557861328125 -80.73724365234375 -744.1635131835938 0.7597355680656928 0.7682009963169161 0.7963573413934838
v -687.7283325195312 28.512773513793945 1981.25732421875 0.6736922236129503 0.6997419314546764 0.7520216867850708
v 126.76306915283203 43.36074447631836 512.19775390625 0.6551287110032984 0.6361556957316936 0.6177075373621698
v -137.72743225097656 47.483001708984375 -567.6114501953125 0.9114546328242541 0.887423352100313 0.8654372317020359
v 74.91292572021484 -2.4794681072235107 -2019.1553955078125 0.6023954666929577 0.6234709971645321 0.6671952488934183
v 497.7157287597656 0.013798987492918968 1758.2095947265625 0.8085395577741123 0.8284919947491722 0.874750983126456
v 910.3671875 -50.52656555175781 -1947.6513671875 0.786651008243979 0.8189120675237195 0.882350750611423
v -1926.942626953125 -39.843772888183594 1412.2933349609375 0.5467345348524567 0.5771598280836896 0.6326476373780388
v 569.2088012695312 10.124425888061523 -1981.3974609375 0.8514712662524129 0.8823107728662265 0.9451309433066649
v 1183.8424072265625 40.85045623779297 1078.414306640625 0.8940196850934564 0.9065661658446107 0.9434428062992919
v -1326.260986328125 25.058073043823242 -69.8376693725586 0.8988462596260128 0.900776324063514 0.921388296070717
v 648.1719970703125 25.6705265045166 -695.4653930664062 0.592259292342759 0.5843499561422877 0.5834900750870274
v 1825.3582763671875 -19.831388473510742 -1458.2841796875 0.534374430968196 0.5625414898265532 0.6146703533774643
v -98.22923278808594 0.8521326780319214 1991.434814453125 0.8761591097337663 0.9048329430792771 0.9650819293394864
v 2648.354736328125 56.199913024902344 537.8927001953125 0.45011148187029265 0.4844497009184345 0.5426690857414272
v -2381.25439453125 31.483200073242188 662.0608520507812 0.6584149738543997 0.6976441187385969 0.7676784635068628
v 102.25614166259766 65.00159454345703 574.2110595703125 0.7691699675016399 0.7486538536255377 0.7298650561558921
v -242.9705352783203 -25.47747039794922 -261.5453796386719 0.6039682616561725 0.5827644791854933 0.5592770401005577
v 2545.359130859375 -29.993459701538086 1183.019287109375 0.46180519276312654 0.500139500628041 0.563817254506738
v 410.0991516113281 -16.9796085357666 -728.5709228515625 0.5536210426056618 0.543705455709409 0.5387686891629913
v -1296.6578369140625 -9.500986099243164 -784.268310546875 0.5907005876007961 0.5969062010267823 0.6184515479649357
v -185.53245544433594 103.80235290527344 -482.737548828125 0.709217628657919 0.6885383983815441 0.6682278504053752
v 128.377197265625 3.885838031768799 530.1345825195312 0.7387118677639889 0.7179675346562199 0.6981553168754926
v -479.51190185546875 43.58608627319336 2002.8052978515625 0.538846487701044 0.5589891671380128 0.6000575598511686
v 2447.554931640625 23.655126571655273 -524.4210205078125 0.44883038055103347 0.47740179531959287 0.5280186890954912
v -988.4168090820312 11.611553192138672 1927.04931640625 0.474224227824721 0.4949247434015112 0.5353950044284684
v -1031.8828125 -52.25210952758789 425.6978759765625 0.5503604262681604 0.5466465134923986 0.551861996386951
v -1166.2152099609375 67.36077117919922 1826.2158203125 0.5073166099564643 0.5293413676506138 0.5723839491969578
v -476.28497314453125 22.71227264404297 747.8609619140625 0.6453962237856462 0.635234534717497 0.6316430191891786
v -2631.8876953125 92.14231872558594 -171.36001586914062 0.48441770172193604 0.5190644667657995 0.5786073056268864
v 2515.35986328125 23.282180786132812 -453.3627014160156 0.6320957876654542 0.6730646742325752 0.7447528211062118
v -1202.9029541015625 -18.371374130249023 1841.20703125 0.5507341424058407 0.5754409395604974 0.6231749408294961
v -1350.8369140625 -2.828479290008545 -133.5010986328125 0.6150744104149186 0.6172100934337269 0.6329117320309637
v -1.4939894676208496 -40.738311767578125 -643.6109619140625 0.735824933272979 0.7177268354976112 0.7024452626538792
v 2634.05224609375 30.477506637573242 774.1852416992188 0.46699514151058014 0.5038007944289551 0.5656684279289232
v -905.9425048828125 -24.110580444335938 1915.6427001953125 0.7808060007564942 0.8115754050504418 0.8727944731338334
v -1015.0507202148438 -61.9714241027832 -1364.7088623046875 0.6840814944445006 0.5211185197098513 0.5626476742116342
v 745.0645141601562 -41.62270736694336 -676.2066040039062 0.7701347591390781 0.7617119495998121 0.763349353328477
v 2453.58203125 50.279701232910156 1374.267578125 0.4417015033933408 0.47870625934393535 0.5401128368567916
v -178.35499572753906 -5.113268852233887 -103.27777099609375 0.5495955431313405 0.52732615099937 0.5006846053202411
v -1281.365966796875 83.3285903930664 -955.305419921875 0.48623776590779494 0.49332173202975543 0.5142449276404203
v -1698.9847412109375 -55.75293731689453 1556.5045166015625 0.7763909667363316 0.8147363973396259 0.8863738149099598
v -224.48793029785156 31.800064086914062 749.5761108398438 0.5801234333374737 0.568590900915484 0.5614423525469759
v -2192.374755859375 0.08202331513166428 1077.79736328125 0.8069341197970343 0.8529971673636837 0.9358246520101814
v -1283.5401611328125 -1.1520785093307495 -887.2037963867188 0.7933572701080471 0.8031018908689934 0.8338366083090533
v 305.2646484375 14.599254608154297 -766.2257690429688 0.8593349759851314 0.8440783057064931 0.8360562226270349
v 2634.1640625 -18.521419525146484 414.9427795410156 0.7778593670860159 0.8327495754551738 0.9265026835541834
v 595.879150390625 -20.889368057250977 1753.17822265625 0.5031721446991163 0.5166847528485982 0.5474863095133173
v 1986.414306640625 -14.065893173217773 2182.265869140625 0.5289464228127208 0.5774576431910542 0.6559608705116869
v 1279.938232421875 -63.81287384033203 -151.09495544433594 0.8130810640740218 0.8134961028210547 0.8301430469799752
v 141.70411682128906 -14.891548156738281 -1993.6123046875 0.6902480567776059 0.7133655738001284 0.7618268235653862
v -2596.45849609375 -39.75698471069336 82.36312103271484 0.44995724382587726 0.4812519506524264 0.535499391051926
v 2491.648681640625 -18.9647274017334 -560.7257080078125 0.5034133038014742 0.5366494171101037 0.5948322477235551
v -12.054037094116211 -25.732816696166992 -642.07958984375 0.7674531320883197 0.7485921053339863 0.7326319627126003
v -679.111572265625 -21.496788024902344 699.548828125 0.5085557876050749 0.5021636330215681 0.5022307171877606
v -2451.603271484375 -17.359594345092773 -1452.0902099609375 0.4432390992611061 0.4814830932080822 0.5445080764928877
v -748.2859497070312 -16.04973602294922 686.0929565429688 0.5685477649387871 0.5623887668356713 0.5639639566155018
v 517.434326171875 -2.2829031944274902 -740.71728515625 0.5956571771084774 0.5866079621549949 0.5839223727940769
v 93.25263214111328 193.08258056640625 589.640380859375 0.8605221773125428 0.8381477196448714 0.8179976949046168
v 652.828125 -9.31865119934082 -699.1097412109375 0.6816325789712115 0.6727862080323782 0.6720638089700434
v 2091.462646484375 14.330716133117676 -1147.1015625 0.5703196289760883 0.6018152549590486 0.6593124791572503
v 832.239501953125 -16.64263343811035 -635.6160888671875 0.796426144776173 0.7890166487622087 0.7928029067564853
v 561.1892700195312 71.19393157958984 -1970.9395751953125 0.66940778571402 0.6936263292260212 0.7432233181216633
v 1370.1710205078125 5.642016887664795 362.3768005371094 0.5156490776432601 0.5188393961520237 0.5343469459638693
v -992.1783447265625 -41.533668518066406 448.0956115722656 0.7007697172719669 0.6953542374618726 0.7006045794333805
v 1320.6820068359375 1.2793142795562744 288.89910888671875 0.7392556954914484 0.7416130241518187 0.7599521962847507
v -1006.1968383789062 -47.6562614440918 449.9032287597656 0.5040444106891031 0.5003207384971047 0.5046617127910723
v 1347.8062744140625 25.511266708374023 564.0695190429688 0.5334084338749447 0.5377466392954264 0.5553580614920337
v 2498.061767578125 0.8846139311790466 1335.9327392578125 0.7876428853161448 0.8514735344034315 0.9569871902258792
v 1241.04833984375 4.689330577850342 -168.28492736816406 0.49578310974623724 0.49526464558870525 0.5045898003604586
v 2360.880615234375 -13.701580047607422 1653.1884765625 0.591531006931915 0.6424605629821313 0.7258899650038813
v 1354.2371826171875 63.09671401977539 138.89500427246094 0.6445301582897311 0.6468691346208718 0.6634320231291078
v 2587.856201171875 7.796304702758789 -235.88255310058594 0.4744856605805891 0.5073250191070224 0.5642397585601414
v 1303.6373291015625 50.91341018676758 789.2039794921875 0.49035550895817265 0.4957899277316105 0.51428241946504
v 2450.443359375 21.157611846923828 -576.0250854492188 0.7125848454265303 0.7567093553067412 0.8346169500284151
v -614.04296875 15.078093528747559 1983.614501953125 0.4700495756426712 0.4882911517373137 0.5252143704920442
v -205.6609344482422 -8.082234382629395 735.0645141601562 0.5341211368982179 0.5230338795784687 0.5157427799553985
v 274.21514892578125 2.388974189758301 -755.5746459960938 0.5586180234970413 0.5479299090252281 0.5417898524192668
v 182.22723388671875 101.02659606933594 94.92850494384766 0.5473566690838408 0.5251582553379589 0.49859437809748036
v 1148.568359375 17.16409683227539 1230.3983154296875 0.7684500607627371 0.7822264200304367 0.8185685030487195
v 2364.820556640625 -9.298426628112793 -812.045166015625 0.8278614974478987 0.8777941911163505 0.966313023090761
v 123.18846893310547 -90.57642364501953 -693.7581787109375 0.7377024424024033 0.7211925041290436 0.7086733961745113
v 1822.03515625 10.364067077636719 -1446.33447265625 0.4638637887330796 0.48838968381178977 0.5339117125588089
v -674.529052734375 -36.99098205566406 1971.8780517578125 0.46510381279883023 0.48336426564182605 0.5202094102013521
v 19.821935653686523 135.01687622070312 615.27490234375 0.5171542852002892 0.5035252756889127 0.4915453085096932
v -1734.684814453125 26.092546463012695 1507.2515869140625 0.5455639670452774 0.5730725010142695 0.6245591640308242
v 10.000786781311035 23.91334342956543 687.3204956054688 0.73531717610355 0.7183955675575101 0.7051248294542936
v -1463.807861328125 67.04537963867188 1721.7000732421875 0.5081149942909629 0.5328062787712414 0.5795673310271313
v -281.4450378417969 -42.26143264770508 753.51318359375 0.8770776134294732 0.8608607767471113 0.8515649018804844
v 1159.1744384765625 83.28439331054688 1160.3671875 0.5421746146855694 0.5510574101365429 0.575751789417245
v -1297.0584716796875 7.355626106262207 -693.1067504882812 0.5212338005982409 0.525707732664167 0.5433021306286309
v 950.994140625 -6.111135005950928 -504.62152099609375 0.6084583274291121 0.6034060104491392 0.6075307839206909
v -550.086669921875 34.49313735961914 -1735.788818359375 0.5902937987987708 0.6050165143471041 0.6393101242821166
v 848.161376953125 -34.87070846557617 1499.03076171875 0.8085145878448484 0.824436189175266 0.8647454275021506
v -1180.1085205078125 57.20112609863281 -1001.9710693359375 0.5010079464675249 0.5071095185867815 0.5268191423288565
v -2335.491455078125 9.471701622009277 -1613.317138671875 0.45950158905480126 0.498653668410778 0.5633045619814958
v -1069.6412353515625 0.7314184904098511 429.1377868652344 0.7881536311375983 0.784132938079782 0.7932542678940949
v -2304.56787109375 42.887779235839844 -1741.1119384765625 0.6019001734593054 0.653898077826877 0.7389824815879659
v -206.58567810058594 -89.45626068115234 680.6867065429688 0.6599039991141068 0.6451780979235323 0.634167237927671
v 1272.1279296875 -38.43911361694336 -152.7901611328125 0.7342288205398148 0.7343729286764239 0.7491394009224936
v 1044.0855712890625 27.520530700683594 -1913.28466796875 0.4810822244706123 0.5024206529426103 0.5439314029027609
v -1883.715087890625 -17.396526336669922 1400.226318359375 0.7639423228640911 0.803541844720136 0.8766039256310046
v -1006.0076293945312 -23.21626091003418 459.66888427734375 0.5069143615872302 0.5032524567864453 0.5077466576794997
v -1213.448486328125 -0.18262876570224762 1793.9649658203125 0.5929629990082674 0.6183100163189356 0.6678632840546221
v 534.3677368164062 10.369612693786621 -1984.2001953125 0.5098929027716145 0.5289309495022579 0.5678231289537954
v 1056.2525634765625 -4.539908409118652 -512.49951171875 0.7170198889565369 0.7139683163877227 0.7233316025645227
v -546.2468872070312 -7.048726558685303 723.5426025390625 0.542989858727912 0.5347378575890883 0.5323772829590857
v 1005.8521118164062 68.05253601074219 1391.5963134765625 0.5102485811948501 0.5205397329190643 0.5467309407363596
v 2303.54541015625 18.192842483520508 1760.0994873046875 0.8108700719340421 0.8799827226319135 0.9928552388432329
v 572.2040405273438 -34.898582458496094 -729.0072631835938 0.5261419909265684 0.5185411135474928 0.5169421926257128
v 204.1658477783203 177.62911987304688 418.3218078613281 0.7117896724131596 0.689759171451981 0.6671262951825985
v 1377.8585205078125 13.838177680969238 469.43218994140625 0.525758545963589 0.5299109170310174 0.5470938235271826
v -964.5596923828125 -28.06934928894043 -1429.473388671875 0.8529691401122484 0.8697947040682418 0.9123044404574624
v 600.600830078125 3.3203794956207275 1728.25634765625 0.49301958710793253 0.5057397551958329 0.5351815448047922
v 2261.5615234375 28.914255142211914 -962.1947631835938 0.6928589666244341 0.733421227822008 0.806085802591106
v 58.48942184448242 110.89608001708984 -652.2039184570312 0.5694137053944418 0.5553586815763695 0.5436968844462228
v -1385.0716552734375 17.360389709472656 -208.9523162841797 0.6993096283614965 0.5329889478345751 0.5753737544423336
v 1184.1904296875 18.02353286743164 -161.3633575439453 0.6597698478598338 0.6575201970291309 0.667110725869569
v -1323.7923583984375 -0.2048007845878601 -710.0564575195312 0.5908619371295833 0.5967162415557562 0.6177266491315412
v 302.127685546875 -29.965341567993164 1884.3636474609375 0.8423102702502463 0.8663637005771505 0.9192698769289757
v -1160.083984375 -40.87229537963867 -1232.955078125 0.7693884250534428 0.7835292929459265 0.8204338802220816
v -2300.001708984375 -10.122828483581543 799.7991943359375 0.7163270441898358 0.7572208223755119 0.8309018145056322
v 1137.436279296875 17.262943267822266 -1845.2667236328125 0.5765779828872385 0.6013419323365806 0.6497229770947116
v 1315.0499267578125 -35.54475402832031 705.985595703125 0.5586781123640362 0.5639966518078086 0.583585726886318
v -925.5633544921875 -44.47014236450195 590.3536987304688 0.8585300961472646 0.8522954427822684 0.8591463297239327
v -2586.412353515625 -23.458654403686523 -909.3909912109375 0.5014988405882244 0.5406110181254994 0.6064056240826206
v -870.3565673828125 -20.10614585876465 601.161865234375 0.5847577967217683 0.5794404205471596 0.5826930170959403
v 908.8154296875 22.6403865814209 -521.155517578125 0.7116700244313348 0.7050105108570313 0.7084400609633101
v 2021.6669921875 36.0822639465332 -1251.935546875 0.4808008489272327 0.5075761376337617 0.5565556038715991
v -2632.1533203125 35.89800262451172 -174.33047485351562 0.6860702677356582 0.733688618176154 0.8155159836625497
v 2661.763916015625 27.612146377563477 592.7410888671875 0.7616240167410931 0.8183127964272797 0.9139529668052541
v 492.8368835449219 -11.575732231140137 -763.9932861328125 0.8072637575755699 0.7954440128887312 0.7921717747560892
v 1313.1092529296875 46.39945983886719 -1767.027099609375 0.6482574834948271 0.6770191365757599 0.7325454278582513
v -2616.27734375 -37.820465087890625 -487.39813232421875 0.45916554020497563 0.4928933035126895 0.5505652648672055
v 2655.055419921875 69.27105712890625 244.39410400390625 0.593064733352841 0.635762233633766 0.708695659463073
v -2184.479248046875 45.2352409362793 -1819.86279296875 0.6098308071240615 0.6606118550803431 0.7443928724989488
v -474.4849548339844 67.42180633544922 724.6642456054688 0.5448856934966455 0.5357479194322285 0.5319466720405083
v -2318.971435546875 -28.596046447753906 752.0855102539062 0.6570476740782507 0.6949052056378622 0.7630668394721802
v 229.40936279296875 97.15591430664062 251.828369140625 0.5370102136397608 0.5176581037320118 0.49601430206737523
v 1366.7335205078125 -28.444599151611328 107.53338623046875 0.6084848600381042 0.6109580794443442 0.6270654180452151
v 2588.8642578125 8.519100189208984 857.2360229492188 0.4418745665411513 0.4763708002258857 0.5345681367749585
v -2415.669677734375 25.022960662841797 655.1727294921875 0.74076318049063 0.785882394838569 0.8658184107996523
v 2461.162841796875 -16.42108726501465 -500.9915466308594 0.5203779569431458 0.5532761752172384 0.6114396387553619
v -87.65363311767578 -15.01629638671875 1966.762451171875 0.6649480180086755 0.6862658313203841 0.7316269672824612
v -818.4298706054688 66.50244140625 624.9913330078125 0.770319864890989 0.7626084830829466 0.7654145038136697
v -666.1756591796875 13.189167022705078 1962.874267578125 0.5457345279422384 0.5664998956927287 0.6085958896625867
v -566.2615356445312 9.681136131286621 -1732.6741943359375 0.6760086795315294 0.5148257172327528 0.5559012273899342
v -1899.755859375 32.558837890625 1356.390380859375 0.6471903094311764 0.6806732827339336 0.7426772286340794
v 113.27084350585938 38.76561737060547 577.6954956054688 0.5183611813614247 0.504191764467337 0.49130005763304946
v -864.0655517578125 61.54869079589844 1965.1156005859375 0.7456645974247544 0.7762274690245512 0.8363986815047245
v -26.26169204711914 -92.14473724365234 678.87353515625 0.733889249879991 0.7167845391646348 0.7031716171655117
v 1014.3201293945312 37.49812698364258 -505.7095031738281 0.6345760639889994 0.6307900048547581 0.6374485445770418
v 1441.4266357421875 31.7565860748291 -1723.0638427734375 0.5652446403122094 0.5920184590209934 0.6429404737071497
v 306.75238037109375 67.96539306640625 -768.6173706054688 0.7245922442568289 0.7116594756405163 0.7049466030299538
v -1334.0977783203125 -21.697948455810547 -18.953433990478516 0.7872204581398712 0.7891291470153959 0.8076497965322549
v 442.6063232421875 -44.9913330078125 1793.3143310546875 0.6411283074671503 0.657836896624193 0.696041342903174
v 1456.3577880859375 11.802450180053711 -1702.5606689453125 0.6137825802977896 0.642447654894393 0.6970727632482143
v -2036.4556884765625 8.08303451538086 1256.6922607421875 0.5784205899124604 0.6105796312775152 0.6691674393213974
v -473.29443359375 -18.856544494628906 721.0706176757812 0.5101061025509931 0.5014252002038375 0.49772236545521137
v 512.6591796875 12.32702350616455 1766.2969970703125 0.6956318985458156 0.7133788668238457 0.7541799812282654
v -723.9552001953125 41.165592193603516 690.230712890625 0.5042461957696933 0.4984170680204509 0.499329144182546
v -2303.427001953125 -58.86848068237305 -1701.202880859375 0.4437046759345641 0.48241752261807286 0.5460493556591037
v -734.3939208984375 13.858558654785156 675.0176391601562 0.5663380043398841 0.5597988207355682 0.5607089583544871
v 339.35260009765625 20.643646240234375 1830.1942138671875 0.6202340508268055 0.6368787796691836 0.674575368285611
v -845.405029296875 -6.984211444854736 -1577.518310546875 0.6894177151845732 0.5252781621809142 0.5671071354687657
v 979.4572143554688 29.88358497619629 1416.7318115234375 0.8570107508454191 0.8738264689365083 0.9163994050399669
v -714.5360107421875 -0.4229713976383209 -1622.3831787109375 0.8469887908188246 0.8656271513210172 0.9107064778479911
v 866.7406616210938 -10.931657791137695 -626.7186279296875 0.8726239227558855 0.8653191107519062 0.8706947173880004
v 1721.1722412109375 44.857421875 -1543.085693359375 0.5281996157686878 0.5553219823393835 0.605880619738037
v -2342.834228515625 31.168092727661133 -1601.7777099609375 0.5063802121360912 0.5490830277583616 0.6196035722284402
v 2517.538330078125 57.0354118347168 1283.2828369140625 0.44152581578080935 0.4789234970084602 0.5408249081327202
v 605.44140625 53.29298400878906 1682.1329345703125 0.7601552848885531 0.5804185065206003 0.6262222503949814
v 2618.374267578125 45.77373504638672 342.5641174316406 0.7104063084079505 0.7597095702698939 0.8443823280703717
v 1355.895263671875 5.8462324142456055 581.1641845703125 0.8251834502576934 0.8321821519814849 0.8593109339809808
v 122.72877502441406 -54.50697708129883 512.16455078125 0.5849415597514256 0.5678231837519526 0.5511623234248193
v -2616.41943359375 24.10775375366211 -484.1435546875 0.7613451312730125 0.8148736164246952 0.9064121202258886
v -1066.2235107421875 55.82930374145508 -1294.7225341796875 0.6065594714199118 0.617457169391258 0.6463997581444281
v -1817.672607421875 -10.343143463134766 1443.6572265625 0.7878255723701391 0.8274421612175503 0.9010826555564919
v 2070.833251953125 47.36807632446289 2122.07958984375 0.45527230588782647 0.4981192175552697 0.5672865780206668
v -257.6109924316406 -36.57286834716797 1979.1402587890625 0.7926392323760746 0.8188204551775882 0.8737789300662883
v -1334.0142822265625 22.161954879760742 -445.1700744628906 0.6086031352719178 0.6120195907741773 0.6295976323357744
v -2049.540771484375 -11.162793159484863 -2100.427734375 0.6511345760916039 0.7090724529009157 0.8030975523642017
v 216.61996459960938 63.949153900146484 179.68116760253906 0.6730358279798373 0.6478982250660946 0.6188688999638652
v -388.6996765136719 27.981929779052734 1992.1904296875 0.47076276777195375 0.48784906656940347 0.5231472121556945
v 119.17526245117188 -80.24044036865234 544.6145629882812 0.6514319312208628 0.6332477556282284 0.6161008580872499
v 1130.859619140625 36.92528533935547 -322.826416015625 0.4985162046912511 0.4963707637231312 0.503152004253481
v 910.6473999023438 -5.2533650398254395 -1928.652099609375 0.7308254224722749 0.7602855762426326 0.8185896252174887
v -2405.806396484375 -26.666446685791016 711.8971557617188 0.4516803000768724 0.4805751154623858 0.5316936817045936
v -699.8484497070312 -40.296260833740234 -1623.054931640625 0.8065359067275057 0.8241374144987306 0.8668981908667679
v -41.30255889892578 -98.61400604248047 -638.40966796875 0.9098666046950411 0.8876605969134138 0.8688005414914409
v -1361.162109375 -3.8974854946136475 -624.67138671875 0.6126180799320691 0.6185442259256684 0.6400701389691418
v -886.2156982421875 -46.6331787109375 1921.516357421875 0.6296635115753059 0.6547673761745458 0.7047733380585581
v -1161.843994140625 57.15938186645508 -1161.7227783203125 0.7795707640560734 0.7920866335375163 0.826751033527952
v 1344.9696044921875 -36.68389129638672 699.314453125 0.6126209139962933 0.6190516735939638 0.6413506018144319
v 101.65360260009766 -15.313669204711914 529.66259765625 0.8815201577682924 0.8568556231720007 0.8331507043882753
v -456.2256164550781 32.91750717163086 1995.849365234375 0.49140028275101116 0.509616586688119 0.5469536616499993
v -27.845693588256836 154.01609802246094 701.18212890625 0.521872896888325 0.5098017819590502 0.5005949639483245
v -1362.1397705078125 8.587932586669922 1787.2384033203125 0.7758195526302311 0.8117111861429516 0.8799601343325487
v -1366.50439453125 31.799551010131836 -389.7559814453125 0.514827082636774 0.5180986153716503 0.5337168593456445
v 428.81195068359375 13.690942764282227 1826.603515625 0.8233638149879926 0.8456117934768588 0.8955168578567478
v 172.65675354003906 -236.28277587890625 456.3169250488281 0.5270652235776982 0.5107623767401435 0.4943226400608773
v 329.6436462402344 -53.918148040771484 1827.7589111328125 0.4961120608252208 0.5095932780517018 0.5402088996365638
v -1109.005859375 42.873252868652344 373.8200988769531 0.5546868950588338 0.4202546559080975 0.4545130875951287
v 989.775390625 -33.872161865234375 1409.373046875 0.5554948251040748 0.5667474834949061 0.5952400460512198
v 2169.766845703125 -55.13480758666992 -1082.2003173828125 0.8155456791934514 0.8612132782749826 0.9437174803712913
v 971.6597900390625 -7.329891681671143 -494.4007263183594 0.5713917819968662 0.5669392059992707 0.5713488886573141
v 2664.6611328125 -25.957008361816406 317.85528564453125 0.7398983952070661 0.7930640393173422 0.8835536966922891
v -507.8224182128906 -47.626338958740234 1976.009765625 0.8649907092619549 0.8953487442769326 0.9577689396969374
v 2211.884521484375 -4.145164489746094 -961.1592407226562 0.45263526732606446 0.47891294230232967 0.5265483056555244
v 1058.8179931640625 -38.095645904541016 -408.70672607421875 0.8678134428936599 0.8628012348676245 0.8717995679206978
v 1340.4815673828125 12.459698677062988 -1791.34130859375 0.6320985815303293 0.6614406540192215 0.7174123547295426
v -290.89947509765625 -1.9922529458999634 2031.6912841796875 0.47115017207305016 0.48881969136283704 0.5249552907556493
v -111.49482727050781 -7.839039325714111 -1956.2615966796875 0.8013699266221904 0.8263550212246737 0.8797764829591899
v -2627.520751953125 -1.5354743003845215 -914.6996459960938 0.6953998312741827 0.7499492278351105 0.8409895907804474
v -1304.518310546875 62.64326858520508 -849.3165283203125 0.5558054204067734 0.5627268384164189 0.5847115607047995
v 1315.8870849609375 22.688457489013672 -83.32141876220703 0.5226399768855191 0.5235903293419654 0.5357295231384548
v 806.3828125 -57.05448913574219 -2000.890625 0.671946073439825 0.7000749029131231 0.7552379890111024
v 1384.09326171875 35.03931427001953 464.6025390625 0.49917120066989223 0.5032322565214732 0.5197808195484719
v 756.8221435546875 -18.348377227783203 -1991.840087890625 0.523271898315324 0.5448925661557669 0.5877151722047804
v -884.8860473632812 -17.629425048828125 1943.6895751953125 0.6563372123508328 0.6831029562144565 0.7360180429067842
v -1239.4942626953125 57.65779113769531 134.38589477539062 0.6425484553611848 0.6417390911716475 0.6533067083208187
v -2126.218505859375 0.5445684194564819 -2042.165771484375 0.5877059167194564 0.6409823544522578 0.7272398987238844
v 87.5235595703125 85.38395690917969 621.9769897460938 0.7290369296507342 0.7106876647260486 0.6948361164066151
v -2543.1123046875 38.2512321472168 -1063.272705078125 0.606134374150901 0.6531805094413968 0.7320913701987343
v -1369.2208251953125 -20.22713279724121 -444.9519958496094 0.48913655960525954 0.4926737139671014 0.5082273472867777
v 1336.2071533203125 61.08580780029297 799.2361450195312 0.49056400513637405 0.4967543849196618 0.5164034108837514
v 2604.638427734375 24.04576873779297 -4.841404914855957 0.48508454493229586 0.5187662250437233 0.5770630804150904
v 975.3384399414062 -9.899410247802734 1386.2442626953125 0.5424688395428654 0.5527709211845615 0.5795972248327419
v 2087.078125 -73.40557098388672 2057.899169921875 0.6095946386455441 0.6639706021180415 0.7522722794199037
v -234.54180908203125 -134.8170623779297 -227.4029083251953 0.7330427772740249 0.7069388866572582 0.6775107525383162
v -1215.926025390625 -21.68222427368164 237.10617065429688 0.6718065257975104 0.6707401526548255 0.6824386863703416
v -2641.036376953125 -5.866439342498779 -215.7678680419922 0.653057621809813 0.699037928799191 0.777850684451072
v 2581.9892578125 2.1533432006835938 68.94566345214844 0.4483986344935859 0.4791755334367915 0.5327016527268125
v -2609.527587890625 46.38083267211914 -130.47239685058594 0.6563532492691564 0.7010440759002283 0.7782581209870632
v -1009.4012451171875 8.24193286895752 492.04986572265625 0.7263788543381403 0.7217815940558183 0.7288309427387706
v -194.45181274414062 -133.5117645263672 -387.04071044921875 0.5285943228970501 0.5112224392827108 0.4929273164071429
v -1028.5137939453125 22.733173370361328 -1360.401123046875 0.7620549672706708 0.7765158457362624 0.813757097711451
v -418.87353515625 -18.00028419494629 1983.1141357421875 0.7388009161539892 0.7644886439846057 0.8176263208809855
v -602.1682739257812 31.87382698059082 752.362548828125 0.8430371892076725 0.8324840844988929 0.8319856717000383
v -628.3027954101562 -51.39899826049805 1975.102783203125 0.845870021115913 0.8770008861058385 0.9401157118701458
v 2483.709716796875 7.053891658782959 1316.2337646484375 0.7140445559557227 0.7712780559714133 0.8662763135282021
v -2498.63232421875 -6.981176853179932 473.9953308105469 0.49861048590950724 0.5312292353689485 0.5884730691228885
v -1119.2716064453125 -28.77812957763672 345.9376220703125 0.5014734024335807 0.49922074222875196 0.5058846773960493
v 897.537841796875 8.733542442321777 1468.6571044921875 0.7554426954632046 0.7703450634546408 0.8081163889654469
v 940.1483154296875 -4.354954242706299 -1929.3240966796875 0.47053606580311574 0.49058395817680606 0.5300609102822091
v 1266.38623046875 25.412334442138672 914.5933227539062 0.547495781264235 0.554461794327979 0.5763584380713889
v 119.01004028320312 -188.97900390625 583.8763427734375 0.7284226959953198 0.7092484079534467 0.691956872797147
v 839.8624877929688 5.476356029510498 -643.7207641601562 0.502597063005606 0.4979706449984879 0.5008187000740936
v 1988.8114013671875 16.43963623046875 2219.262939453125 0.42937765706138026 0.4705116155053108 0.53674283880662
v 1319.4168701171875 -10.503796577453613 682.5630493164062 0.5579406427160623 0.5630744827270349 0.5823662320694182
v -690.8668212890625 14.853198051452637 700.7770385742188 0.7909918757312122 0.7816753683073536 0.7822356910644983
v -1767.369873046875 -29.783342361450195 1516.246826171875 0.72343832249901 0.7603287621827184 0.8287538278512032
v 1603.6875 16.11993408203125 -1594.3472900390625 0.7466752576514609 0.7818881100488937 0.8485436229016685
v 1243.5355224609375 59.474666595458984 -105.20228576660156 0.8763710575094793 0.8753343887439236 0.8908494090074643
v 1103.97216796875 -35.83438491821289 -1898.4952392578125 0.9850736312243126 0.7557437477683595 0.8141857056055881
v 716.4601440429688 -22.872039794921875 -695.8147583007812 0.5042631433059481 0.4984026819253817 0.49926361624161036
v -227.19778442382812 -20.753477096557617 725.4420166015625 0.8164575946873733 0.7999635700573854 0.7890201937442276
v 1351.458251953125 16.980897903442383 716.508056640625 0.8808498397172706 0.8903988579474562 0.9224738737250113
v -99.32626342773438 14.189929962158203 704.7833251953125 0.5470760974984668 0.5346825338986143 0.5254235287981021
v -2472.225341796875 -12.796122550964355 -1246.6185302734375 0.6540626930350811 0.7050382530551462 0.7903351612479806
v 2154.31396484375 -50.298240661621094 1909.9801025390625 0.4527821866765093 0.4926856378003848 0.5580892051599584
v 854.7107543945312 -17.481966018676758 1499.2806396484375 0.7605013987803932 0.7756612068608177 0.8139126518275207
v 1547.8421630859375 39.7921028137207 -1675.1900634765625 0.48023432592080745 0.5042763472320156 0.549511361244644
v 1148.44873046875 58.08296203613281 -299.88934326171875 0.8309848577259373 0.8279195932714304 0.8393646654786704
v -1014.8692626953125 1.4789800643920898 417.05706787109375 0.5127022960413898 0.5088153990142126 0.5130526470575099
v -2601.841064453125 31.206872940063477 -850.0889892578125 0.5536222594333794 0.5962385194994391 0.6679906235967078
v 2300.76708984375 -13.131739616394043 1653.0997314453125 0.4664987499749655 0.5060094709257467 0.5713190674801479
v 1338.403564453125 -17.679201126098633 301.6315612792969 0.8927739296199303 0.8963452946803515 0.9194142319631707
v 2252.56005859375 48.3486213684082 -983.1889038085938 0.45071211527713445 0.4781420159404674 0.527280316113833
v 686.6253662109375 21.746431350708008 1677.3035888671875 0.8530086106682951 0.873379600602782 0.9211276577687696
v -391.45135498046875 -61.84893798828125 774.8019409179688 0.8707121797242237 0.8566730084225569 0.8509103678065816
v 1104.698974609375 -10.734392166137695 -383.6040344238281 0.8167111201071728 0.8131125630717947 0.8234396637380365
v 1977.829833984375 64.43257904052734 2185.315673828125 0.4342019990414517 0.47473381832974043 0.5403645394972024
v -145.1112823486328 102.84085845947266 -535.4781494140625 0.7700527012598455 0.7487417471896592 0.7285877111306711
v 2625.27490234375 -24.298290252685547 93.29925537109375 0.824988493964554 0.880981429052178 0.9774265935071315
v -680.1467895507812 -1.8063685894012451 1997.634521484375 0.6045758136768983 0.6285732865128224 0.6764843369395936
v 2385.16943359375 -59.78203201293945 1523.58154296875 0.443689883999018 0.4813872046349172 0.5437320081606485
v -2558.381103515625 21.068571090698242 298.9453125 0.6528765782933718 0.6958719213842683 0.7707673301301964
v -6.346060276031494 -6.235167026519775 -1935.578369140625 0.756497378209437 0.7792708718670582 0.8285929528904069
v 156.60313415527344 7.3556132316589355 -715.4884033203125 0.5146140552523353 0.5032905231210757 0.4952157127068883
v 145.67578125 1.0416711568832397 -1953.951416015625 0.684649931757632 0.7062274913271915 0.7523647279917003
v -2645.2392578125 36.39092254638672 -166.62501525878906 0.4587243631841836 0.4921039807250231 0.5493106524964803
v 208.4146270751953 -48.93739318847656 453.5287170410156 0.7178198545487036 0.6964552148261957 0.6751218425740586
v -2059.351318359375 20.124977111816406 -2091.365966796875 0.6965410513305506 0.758223244271606 0.8583178438295063
v -673.6878051757812 -22.423259735107422 686.8860473632812 0.5818185541702489 0.5742993975464235 0.5738870832389912
v -2418.0146484375 -15.44509220123291 588.5470581054688 0.6673355554876156 0.7077251581921536 0.779530311793726
v -1182.9071044921875 13.981078147888184 -1145.9078369140625 0.647456227648298 0.6581090160278237 0.6874636225471924
v -2554.130859375 -22.19903564453125 -1084.4854736328125 0.4401600099434228 0.47593752060123123 0.5357331670550521
v -194.99420166015625 26.61962127685547 710.0501708984375 0.8949831111949902 0.8762252317081463 0.8629747276409817
v -2617.084228515625 -2.5520896911621094 -759.5765380859375 0.6147415149346604 0.6611599626068263 0.7395023952656196
v 2586.341064453125 -34.09996032714844 1145.2174072265625 0.45673389421819127 0.49536423606316987 0.5592724029923773
v 171.84898376464844 -30.605392456054688 1901.0684814453125 0.5261402399452378 0.541728794659798 0.5760084342978538
v -1365.0631103515625 -27.163471221923828 -658.2741088867188 0.876689398287229 0.8856476359613599 0.916742019339418
v 1201.725830078125 -14.48033332824707 -220.09982299804688 0.7891152201397477 0.7873194316470637 0.8000194139020069
v -26.301673889160156 -34.835819244384766 -1922.192138671875 0.5497315934403668 0.5663317363905298 0.6025511624576582
v -2603.7255859375 25.88216781616211 -57.00244903564453 0.5537652271292898 0.5917199829525638 0.6574169928447936
v -1228.5706787109375 30.11870574951172 163.46275329589844 0.5724730587168751 0.5715662486381748 0.5816878613451693
v 1323.9525146484375 18.60807228088379 45.5876350402832 0.5998382294046593 0.6010762552048249 0.6150902391400423
v -785.9217529296875 33.260292053222656 633.5780029296875 0.8947319105927074 0.8851528277195782 0.8872270319272247
v -725.0691528320312 7.185252666473389 1997.6787109375 0.7939428801743637 0.8254509144455673 0.8879907536054595
v -1031.1529541015625 -57.28626251220703 -1337.7535400390625 0.7676657700303986 0.781638429785495 0.8182588225179959
v -2331.71533203125 1.2278834581375122 -1673.877685546875 0.43696972228065634 0.4753650135518675 0.5383968107013093
v 2173.7392578125 -27.988346099853516 1915.703125 0.4341407316027711 0.4731350096300581 0.5368373581327416
v 1003.1428833007812 -11.500439643859863 1356.72802734375 0.6730150841128361 0.6853253219422024 0.7176504963071753
v -218.7993927001953 -2.471757173538208 768.5427856445312 0.8022866574251823 0.7872137779189118 0.7783986095045544
v -2536.775634765625 23.728546142578125 -1266.54736328125 0.4514212336449907 0.4898608904749859 0.553372710179373
v 2505.149658203125 -6.27241325378418 -477.5178527832031 0.5376098935552668 0.5727590332017124 0.6343431222753337
v 1149.304443359375 29.13337516784668 -353.4966125488281 0.553532657846875 0.5517875472420648 0.5602245239436807
v -1160.8453369140625 -9.485259056091309 342.86474609375 0.7505479473692119 0.7484844326401487 0.760046511005502
v -2511.05517578125 23.227428436279297 -1278.7442626953125 0.7661549956564235 0.8276133196042864 0.9294899546464049
v 2388.105712890625 -20.004451751708984 -673.350830078125 0.5353105432211844 0.5680800033621182 0.62644328907551
v -2627.512939453125 14.012081146240234 -1.7727200984954834 0.5270584610773077 0.564113621653117 0.6279314055599126
v -1395.220458984375 18.046785354614258 -419.3177490234375 0.49361901358289945 0.497569367077173 0.5138441877719104
v -2003.062744140625 30.72469139099121 -2206.2080078125 0.45685962474130687 0.5003225401624073 0.570305488048758
v 2309.71923828125 -2.602914333343506 -862.3699340820312 0.7160268014877683 0.7581679055321082 0.8335152591651163
v -1358.1458740234375 30.504953384399414 1753.0299072265625 0.7176982297981025 0.7499238578883972 0.8117994365095592
v -1326.8839111328125 -43.45397186279297 -144.0872802734375 0.5614954971300314 0.5629036315379745 0.5764778316760293
v 149.7829132080078 23.306039810180664 -751.0406494140625 0.5159451913691699 0.5052499413879566 0.49826841339850664
v 2656.977783203125 -9.071146011352539 819.0347900390625 0.44148761948460874 0.47752477361609885 0.5376902546512712
v -2533.52685546875 45.730445861816406 -1063.6768798828125 0.4434238983408687 0.4786350495874761 0.5377957641684866
v 2584.5078125 -47.60749435424805 934.5989990234375 0.7647551418320634 0.8226931704592638 0.920028365307547
v 5.361070156097412 -7.160368919372559 1985.677490234375 0.5314258876134805 0.5492580024356526 0.5868778050995167
v 375.51104736328125 -11.590034484863281 -1981.5848388671875 0.5866358208736392 0.6070933554041826 0.649608603743166
v -1403.5731201171875 11.99626636505127 1768.4404296875 0.7036934269045253 0.5364061618149355 0.5790372961202317
v 197.05499267578125 -111.47305297851562 356.8604736328125 0.9198694761164496 0.8900595475890657 0.8580940401608267
v 596.03662109375 -14.926643371582031 -734.520263671875 0.9224624154832278 0.9103507730711491 0.908775571434952
v -1249.390869140625 31.65691375732422 -908.1638793945312 0.600279466940086 0.6073741354698666 0.6304560786372789
v -746.223388671875 -29.469558715820312 1990.0963134765625 0.48209640486879995 0.5020359337205789 0.5416104066993309
v 1159.1375732421875 -38.3666877746582 -1823.672607421875 0.46228814453572803 0.4823966890331131 0.5217793502964497
v 1334.82666015625 -14.461221694946289 672.0961303710938 0.6285092326098863 0.6344868167490006 0.6563876188885105
v 2278.354736328125 12.707331657409668 -968.0980224609375 0.44993041308445897 0.47780315344717433 0.5275150668633873
v 428.6776428222656 -13.84032917022705 1842.0301513671875 0.7067576992991755 0.5387947602930312 0.5815980812404055
v -836.7115478515625 -11.138031959533691 604.7771606445312 0.7621874573179795 0.7546306462908678 0.757537494151259
v -2565.069091796875 1.1679474115371704 271.2347106933594 0.7416021915077027 0.7901466926873101 0.8746404271591488
v 2619.017333984375 -4.12617826461792 466.0308532714844 0.444382874307997 0.47710836694938147 0.5330798294709391
v 167.3054962158203 8.091188430786133 1954.7149658203125 0.5608397190250157 0.5788770899843269 0.6173945323900458
v 2534.315185546875 -19.590505599975586 -335.1155700683594 0.5519746971533538 0.5881827115751512 0.6515331234133391
v 1368.810791015625 -30.970632553100586 514.4019165039062 0.6700045091096812 0.6753852745128426 0.6971398187811345
v 2665.5986328125 -21.090879440307617 555.5194091796875 0.5188204054942458 0.5585160941641386 0.6255419289332894
v 1240.7510986328125 14.45438289642334 957.98291015625 0.5441911887350431 0.5512556595101128 0.5732398722298302
v 2444.152587890625 8.201621055603027 1365.767578125 0.635744930875516 0.6866904490825788 0.7714292071466236
v -2623.9990234375 16.08934211730957 -713.40966796875 0.4417195562904799 0.475976078371339 0.5338599403245643
v -1333.8599853515625 -10.936164855957031 -702.6065063476562 0.49831389681741606 0.5034528071648061 0.5216417754938092
v 736.1727905273438 -59.24155807495117 -666.3649291992188 0.774439370463314 0.7655736505080123 0.7665645137301743
v -728.8399047851562 8.281393051147461 653.3960571289062 0.88076753286635 0.8702850539633109 0.8706129371752875
v -1555.135009765625 -33.59502029418945 1608.4808349609375 0.513033338236039 0.5372899133203707 0.5835612271193316
v 1583.3079833984375 -7.68198823928833 -1594.8800048828125 0.586223733332273 0.6139310082627533 0.6666139093578054
v 847.6998291015625 -5.077737808227539 -639.9625244140625 0.6271946689980621 0.6216344352490861 0.6252817137662294
v -687.803466796875 49.576873779296875 -1666.2479248046875 0.539676777649782 0.5527573962155562 0.5836454627026263
v -2660.989501953125 54.655067443847656 -882.7047729492188 0.6349944739622508 0.6860391203682029 0.7708827701809016
v 1225.3282470703125 -13.432221412658691 -1793.4859619140625 0.7201405786064802 0.750704341685732 0.8103212571414117
v -42.19648361206055 -15.967135429382324 2001.177001953125 0.5508363429814722 0.5697147656943585 0.6092326541625751
v -703.8460693359375 29.202041625976562 696.5785522460938 0.9300882757944634 0.9194617873002 0.9204790855869724
v 1020.1519165039062 -42.58490753173828 -439.4296875 0.5008030031251149 0.497279111297565 0.5018832461141789
v 1831.4384765625 2.048325777053833 -1389.088623046875 0.4763001786542192 0.5006527662262836 0.54622424339183
v 1025.8173828125 40.488590240478516 1342.6881103515625 0.8624788984764113 0.8780885161304917 0.9189691216394132
v -647.6237182617188 -21.17783546447754 722.0697021484375 0.5126424916073477 0.5061008684712243 0.5059984491679012
v 1262.3038330078125 26.08266830444336 2.976571559906006 0.6492621672826682 0.6488701063764196 0.6612231428681766
v -1355.9322509765625 -5.225550174713135 -686.2288818359375 0.8402039256286764 0.8489674058111737 0.8790827572833229
v -2067.05029296875 7.6833014488220215 1208.6790771484375 0.4608190885260683 0.48704847286077196 0.5348142724853565
v 1476.6234130859375 49.114837646484375 -1695.01025390625 0.5902164346900437 0.6181178920746572 0.6711587260528885
v -2272.94873046875 -22.14041519165039 -1867.29443359375 0.7099740372716316 0.7730729934090993 0.8753495422105361
v -464.6888732910156 -48.720062255859375 722.9089965820312 0.517006245569791 0.5081558980104369 0.5043017185693878
v -2564.105224609375 47.88785171508789 -1046.4520263671875 0.5338712762327004 0.5762297898190558 0.6470986423116534
v 2076.043701171875 -8.141992568969727 -1200.2703857421875 0.7787174471718465 0.8212689677962388 0.8986850935204407
v -2632.8740234375 13.69675064086914 -363.6379699707031 0.4615786993761755 0.49536299805740486 0.5531731318426825
v -548.6395263671875 -54.56297302246094 731.9793090820312 0.5229470761705796 0.5151403062845406 0.5131391125019128
v 600.0881958007812 47.48507308959961 1714.37548828125 0.5165936612421593 0.5295191161944749 0.55972618828855
v 671.0455322265625 -28.323814392089844 -1945.7088623046875 0.5953339319101234 0.6173540416512904 0.6622741836764209
v 534.470947265625 4.608288764953613 1733.013916015625 0.6256696494368029 0.47558614052478926 0.5138330979919675
v -171.148193359375 -152.64724731445312 719.6072998046875 0.7567001273680766 0.7407655913168769 0.7296018878889533
v -2211.422119140625 -2.7854812145233154 975.3024291992188 0.4530087773299187 0.47944809379232184 0.5273104518027274
v 473.4052734375 -28.023880004882812 -1988.3416748046875 0.7071961608003818 0.7324823379855697 0.7843884724034303
v 858.808349609375 -69.73899841308594 -621.6907958984375 0.504413807786043 0.49981435531931934 0.5027401717849649
v -328.7517395019531 23.114469528198242 -1868.224853515625 0.7181760058137403 0.7384923478426116 0.783485710738702
v -162.78091430664062 19.499771118164062 -468.9873962402344 0.5353497193777993 0.5189780350956626 0.5025912729662123
v 48.2942008972168 12.103160858154297 -1944.4017333984375 0.8054447093321762 0.8299687196009031 0.8828093499750593
v 1361.808837890625 -23.754486083984375 215.10958862304688 0.5607580155619152 0.5632439666930597 0.5784899986174459
v 1917.4775390625 -15.307249069213867 2223.259765625 0.4948481057938136 0.5400051565033621 0.6132729473573861
v 1099.998779296875 2.098828077316284 1183.7452392578125 0.6488476197807816 0.6585881650183412 0.6865955658291434
v -79.57701110839844 39.21324157714844 675.2914428710938 0.5997030661459504 0.5855206752292726 0.574245330033936
v -398.68603515625 -61.06475830078125 2001.9100341796875 0.5435229317608707 0.5633018493505605 0.6039517791227348
v -1048.07568359375 25.737939834594727 492.8746032714844 0.5710322803769666 0.5681813099202849 0.5751697670613821
v -2610.39013671875 23.480920791625977 -500.085693359375 0.48964236416287626 0.5252617954134272 0.5862122643566896
v 188.4235382080078 100.66156005859375 99.21363067626953 0.5335573587155955 0.5120011374879534 0.48628990629128116
v -2634.40869140625 -50.660423278808594 -541.922607421875 0.45569530654779206 0.4900308311375848 0.548398773213059
v -1079.346435546875 61.596614837646484 415.6634826660156 0.5494753925503199 0.546686745027761 0.5533769573384147
v -1903.88232421875 -29.492435455322266 1367.7603759765625 0.516762899028224 0.5443243043824072 0.5952172165386613
v -215.4423370361328 24.06805419921875 -1870.1446533203125 0.6153121077165481 0.6324820974737513 0.6708454026450801
v -173.12135314941406 76.77621459960938 -503.6291809082031 0.7418738771711233 0.7207107185721361 0.7002320865939696
v -855.7072143554688 68.30219268798828 622.7993774414062 0.5149147071698913 0.5101897626633863 0.5131067037534018
v 1234.1201171875 15.652517318725586 -158.63458251953125 0.8799778823463676 0.8788030756853527 0.8941652220088065
v -573.1035766601562 15.186576843261719 -1665.451904296875 0.6315114248642401 0.6453480540793242 0.6791423516670673
v -1724.0679931640625 -29.66266441345215 1533.14404296875 0.6166922665673502 0.6477750602996689 0.7057930307594551
v 2155.333251953125 -34.170082092285156 -1062.115478515625 0.49102918937661383 0.5190363185796788 0.569926158847655
v -2602.2333984375 -73.83015441894531 -820.4725341796875 0.7077199590637444 0.7607363713896477 0.8501532285732686
v 889.9786987304688 48.79780578613281 -1972.4339599609375 0.7279637954955155 0.7585181444105995 0.8182927573235836
v -1862.349853515625 12.35067081451416 1389.7803955078125 0.6192435970744652 0.6510246835782839 0.7100567101246179
v -1308.7142333984375 -30.318021774291992 -608.0830688476562 0.5156076850803568 0.5193954814247662 0.5358272046243769
v -1786.3111572265625 -26.217958450317383 1457.86767578125 0.49986781049235635 0.5255031472870656 0.5733736539100155
v -1343.575439453125 -5.540581226348877 -98.14761352539062 0.8730608604646568 0.8756398596416138 0.8967938772061604
v -831.2234497070312 13.083720207214355 1926.321044921875 0.6668209484182023 0.6926525746914316 0.7444782934338795
v 2419.683349609375 14.08388614654541 1421.4176025390625 0.7704534197830657 0.8316544596704529 0.9333271120155057
v -2537.28076171875 80.62789154052734 422.7747497558594 0.45831446191189645 0.48939098313771784 0.5435674548628462
v -842.4257202148438 47.566993713378906 -1484.9534912109375 0.6407208732311908 0.6530897888381417 0.6848833530021
v -2599.154052734375 -7.244645118713379 -840.7125244140625 0.6794547552959028 0.7306458241200521 0.8169286191836563
v 2069.507080078125 -17.42652130126953 2063.568359375 0.7764383982516064 0.8440227154595331 0.9539380301277322
v 1285.640625 61.62637710571289 -42.475868225097656 0.6034822782729913 0.45829095278448045 0.49529120334355686
v 344.5931396484375 29.401004791259766 -2020.061767578125 0.4670129465191675 0.48446410806599 0.520202810225838
v 29.331226348876953 -46.372474670410156 -689.0703125 0.6080120912031877 0.5938678439239662 0.5828232096610643
v 1852.7861328125 14.2637357711792 -1459.872802734375 0.48219085239976195 0.5084956340618768 0.5568690971203322
v 1068.201904296875 25.912824630737305 -434.15008544921875 0.5791509615953909 0.5761399428036281 0.5830211837139188
v -416.82183837890625 -25.824234008789062 -1848.874755859375 0.8687592669876165 0.8929622523118101 0.9466167092409631
v 716.618896484375 7.886063575744629 1619.4915771484375 0.6563382359990408 0.6709800357499052 0.7064468869544072
v -731.5137939453125 66.56067657470703 -1566.6905517578125 0.5289299449167152 0.5398684650876279 0.56738208654294
v 544.2672729492188 -17.496427536010742 -736.9349365234375 0.5222435645186012 0.5144744545389321 0.5125224661628228
v -657.0011596679688 -14.878402709960938 -1716.40869140625 0.7833459082600343 0.8031159558104656 0.8486106709726242
v 80.4014663696289 60.68461990356445 1933.442138671875 0.8554013847479931 0.8809303703842705 0.9362347013438899
v -93.63446044921875 -2.3824217319488525 -1958.6138916015625 0.6415165018367571 0.6618838599064994 0.7053997879661641
v 209.8928680419922 -31.254613876342773 -683.8777465820312 0.8932785117051164 0.873875162995788 0.859491275450967
v -489.504150390625 -15.86858081817627 766.5919799804688 0.509835508954544 0.5021006372591601 0.4999700783787527
v 1277.721435546875 4.1136651039123535 985.4195556640625 0.5248670274258129 0.5328334636061925 0.5558194140991877
v -728.1080322265625 14.306783676147461 681.9622802734375 0.8570531571179482 0.8474582328285659 0.8488005159291636
v 1242.9171142578125 -14.593894958496094 919.1781005859375 0.7477001563585498 0.756434345084919 0.7847752120242404
v 2590.955810546875 32.00306701660156 -33.951717376708984 0.8336795520003141 0.8884253286592853 0.9834621727434708
v -1748.1551513671875 6.645130157470703 1543.4378662109375 0.47232561305258086 0.49740788274438646 0.5438858177891099
v 1623.582275390625 -16.009672164916992 -1636.25 0.718768939831839 0.7544920554937883 0.821212904077276
v -2662.43359375 9.961949348449707 -297.4270935058594 0.5934710071234274 0.6366718359755972 0.7102702374821999
v -700.42822265625 -11.191441535949707 -1655.690185546875 0.5440268988218615 0.5570724931222856 0.5879942698359182
v -2495.2568359375 22.07233428955078 -1248.4375 0.6983304016497074 0.7534521533925093 0.8453074035709389
v 2584.20166015625 10.870644569396973 843.802978515625 0.7656800967176938 0.584725125865958 0.6308393248186103
v 38.85365676879883 30.186452865600586 -645.2728271484375 0.6843337226974919 0.6674840816903543 0.6533182189115672
v 1771.76318359375 -3.5784518718719482 2416.91650390625 0.5171157759861378 0.5663141966582801 0.6453036929305019
v 84.4820785522461 -48.907752990722656 -719.3551025390625 0.52042046163287 0.5088217139295994 0.5003924770586778
v 2058.680419921875 -29.797393798828125 2072.353271484375 0.5520655296359188 0.6013570555111195 0.6815423502577294
v -2659.58203125 -61.93513488769531 -542.7588500976562 0.6560999660604333 0.7049391791151507 0.7875442162716305
v -335.718505859375 27.734256744384766 712.6777954101562 0.8608619584553493 0.8444005753200894 0.8343774973337018
v 612.4577026367188 26.991580963134766 -756.3936157226562 0.802185960256035 0.792410320103737 0.7924250257799181
v 199.22311401367188 41.523773193359375 375.4407958984375 0.7518002024343574 0.7275752558604505 0.7019124466023622
v -2447.25537109375 -7.316012859344482 540.0147705078125 0.5419924235747112 0.5759458271801431 0.6360538952536497
v -831.5327758789062 19.595090866088867 591.7838745117188 0.6919243052349696 0.6846944275619747 0.6868232613843372
v -2341.69287109375 44.19343948364258 858.839111328125 0.6592124874771854 0.6993667468538044 0.7706563357557634
v 2160.37548828125 1.5546469688415527 -1080.1077880859375 0.5100658673205842 0.5394263343469159 0.5925991384141507
v -1853.12890625 -4.6013264656066895 -2345.91650390625 0.42974430773235966 0.4712049204420247 0.5378531622837341
v 227.55819702148438 151.70968627929688 290.79534912109375 0.5258297617422798 0.5073640276757426 0.4870620013255144
v -2601.052978515625 14.65328598022461 124.31558990478516 0.44577332730292246 0.4769858346734142 0.5310163335985003
v 217.52870178222656 -178.8722381591797 341.57672119140625 0.6923495240247352 0.6694329761391695 0.6448142268889085
v 540.4074096679688 37.1860237121582 1735.2435302734375 0.6031341439285691 0.4580195637631775 0.4950002573469065
v 229.52281188964844 11.716259002685547 324.1646728515625 0.6919541535986143 0.6688658946581241 0.6439329060859632
v 492.56353759765625 -2.571998357772827 1766.031982421875 0.48750752754398313 0.5001926866965501 0.5294744503086177
v -767.6666870117188 46.45520782470703 692.8978271484375 0.7305411654965123 0.7233269900048174 0.7262029506077086
v -165.457763671875 -29.69828987121582 -492.44049072265625 0.9434730038341391 0.9165307134663041 0.8901270932341663
v 2259.625244140625 7.7878947257995605 -949.3387451171875 0.6224968818280654 0.6589943421562994 0.724489007550514
v -310.1719970703125 -27.02627182006836 2026.23583984375 0.5279284743275569 0.5474327758506453 0.5873656153071328
v -706.335205078125 53.136131286621094 657.3917846679688 0.7465032490710833 0.7371208049271795 0.7367358993363079
v 730.4950561523438 -49.43166732788086 -666.4470825195312 0.541238532021638 0.5347755492538435 0.5353400179698388
v -709.123291015625 21.250102996826172 718.5488891601562 0.8704800345528734 0.8611468156126992 0.8631700709564406
v -2651.3232421875 -10.637688636779785 36.56494903564453 0.45624594530741397 0.48949661173131204 0.5464691219899266
v 243.86021423339844 -117.8344955444336 367.8233642578125 0.5489781805042516 0.5311572958101586 0.5125026639322166
v 672.9647216796875 13.376713752746582 1687.3983154296875 0.6231328894157075 0.6384759687861272 0.6743256730449985
v 2575.24609375 3.0487139225006104 -169.77688598632812 0.44917631458919377 0.47994205369005555 0.5334735514163355
v -2509.650146484375 -90.78938293457031 -1189.4462890625 0.8106447359172534 0.8733164853597297 0.978012074018305
v -1350.7197265625 14.546235084533691 -303.07476806640625 0.593980631385163 0.5967466855333173 0.6130427779482246
v 354.8793640136719 -26.230194091796875 -806.8839721679688 0.5284962327553757 0.5199236459686297 0.5167532165089321
v 2488.27685546875 -10.243823051452637 1136.4647216796875 0.5478101538007579 0.5899599998875054 0.6609503348114055
v -430.9500732421875 -1.2710071802139282 2008.1834716796875 0.47752508067084437 0.4954468478476813 0.5320744641967378
v -1360.8104248046875 -14.272042274475098 -102.79371643066406 0.7729612912444038 0.7758402717479554 0.7956167435136875
v -2095.75537109375 3.0520505905151367 -2042.079345703125 0.7600949034173012 0.8265350668823335 0.934520713747782
v 2143.2041015625 -37.730831146240234 -1032.8792724609375 0.469899369698151 0.4961629956798535 0.5441908127252009
v -2650.327880859375 -57.20487594604492 -431.0972900390625 0.7059860062381829 0.7569544470346817 0.8436756592759445
v 1292.5213623046875 30.826963424682617 -1802.91357421875 0.780108932632516 0.814969964080603 0.8818884026815532
v 1272.6109619140625 13.208463668823242 1022.3101196289062 0.4919157309853897 0.4998684868900502 0.5222100557846012
v 1822.4952392578125 -28.3631649017334 2349.31982421875 0.42966107494429173 0.47061296872401986 0.5366267172441964
v -1962.992919921875 12.459521293640137 1362.8294677734375 0.5800864557090207 0.6122189799189309 0.6708105502132853
v 2158.22509765625 27.87041664123535 -1049.9078369140625 0.4776069701466093 0.5048471550168818 0.554380021079326
v 827.8032836914062 4.747051239013672 -642.8336791992188 0.6437184788171416 0.4896553066398966 0.5289164502494913
v 2574.443115234375 -5.608997821807861 1004.9736328125 0.8160576869080506 0.8784147142578322 0.9828596800406234
v -2299.20703125 43.78891372680664 874.4835815429688 0.7575738608666368 0.8017408233257788 0.8808202463651243
v 2620.337158203125 72.05547332763672 662.3949584960938 0.6249534439641652 0.671191035811367 0.7495801244493565
v 1177.991943359375 21.269729614257812 -266.256103515625 0.5580350584042327 0.42286456368954467 0.4573111370727782
v -841.4649047851562 19.409568786621094 583.9642333984375 0.5858186992223078 0.4445220832974776 0.4805298106147499
v 93.24298095703125 -27.11890983581543 -716.739501953125 0.5475003161499646 0.5353244834392666 0.5264452973600363
v -689.14892578125 10.234750747680664 670.9820556640625 0.9352560297723033 0.9235539525885849 0.9228967058560258
v -1958.3497314453125 -71.57199096679688 1378.6129150390625 0.4662825415234609 0.49280190482673264 0.5410900582893053
v -1364.2486572265625 10.844367027282715 -180.4013671875 0.8944603624434172 0.8981958697899014 0.921552006784178
v 1064.0576171875 -23.033828735351562 -429.7979431152344 0.7006855766494839 0.6969410053593351 0.7048893242747086
v 1193.7132568359375 -46.58061218261719 -1810.1734619140625 0.5325458836629297 0.5556029262085432 0.6006382926982335
v -2589.378173828125 -12.580282211303711 -730.5972290039062 0.6439263545342327 0.6909539294173956 0.7708825486993977
v 2569.71337890625 4.144722938537598 -181.20675659179688 0.5786283561411297 0.6171248908174588 0.6841789639834125
v -526.9058837890625 29.974475860595703 1999.364013671875 0.48400448909103516 0.5025004447015086 0.5400787278878587
v 1282.734619140625 -14.419087409973145 -1796.216064453125 0.6302645107802669 0.6584864682115683 0.7128647169976834
v -1674.7119140625 25.68293571472168 1623.1064453125 0.482042698954761 0.507592486814554 0.5549341402004976
v -28.068178176879883 -142.17950439453125 671.3197631835938 0.839968476475622 0.8203379992288277 0.8045073142859769
v -2037.68115234375 11.520648002624512 -2191.476806640625 0.6594071829037739 0.7206434959222298 0.8190326847195001
v -1377.463623046875 69.53321075439453 -524.90283203125 0.5049807149474299 0.5094078297348585 0.5266281157488801
v -2665.009765625 -40.056488037109375 -374.3670349121094 0.4957802946485986 0.5328622508732048 0.5958781476093159
v -1265.155029296875 -18.81184196472168 -849.3556518554688 0.5036323664799943 0.5091968563899005 0.5281361809445557
v -1968.3099365234375 -19.333099365234375 1264.0875244140625 0.7242428551594463 0.7616025283597707 0.830686527242057
v -1366.1097412109375 13.175813674926758 -358.1239013671875 0.7847298810514922 0.7892544386290202 0.8118104410484238
v -2481.191162109375 69.27230834960938 -1269.7889404296875 0.4848181368385192 0.5242228623821436 0.5899237050903594
v 2245.6572265625 17.994234085083008 -922.374267578125 0.45652711666018736 0.48344415870286866 0.532034892382309
v -2046.4910888671875 -53.60232925415039 -2164.005615234375 0.45426212015293416 0.4974577592441947 0.5670274880500032
v -1244.0946044921875 41.87974166870117 233.80189514160156 0.6654048556162129 0.6651037635402891 0.6778982458162008
v 234.4552459716797 28.30845069885254 -717.9358520507812 0.7339403559482323 0.7188741157246115 0.7087395655245368
v -1035.8516845703125 44.00890350341797 451.8819274902344 0.8336784526357571 0.828689865573137 0.8370945122671342
v -198.53411865234375 39.094017028808594 -176.58644104003906 0.6175421654445795 0.59399462442932 0.5665876331742149
v -855.6181030273438 -14.702773094177246 563.0657958984375 0.7878323175602049 0.7797869479556057 0.7823738341738143
v -1871.443603515625 -36.69511795043945 1355.2000732421875 0.562116801736168 0.4260462957521625 0.4607222205314135
v -1333.8900146484375 7.059459686279297 -230.0363311767578 0.7111935489591404 0.7135185160013832 0.7312893415277171
v 1290.388671875 21.251192092895508 -81.23306274414062 0.6391643890140678 0.6396082397724674 0.6530967256586414
v 2629.69091796875 -30.6235408782959 744.5338745117188 0.6425156524374187 0.691186275295852 0.7731992719972566
v 546.4429321289062 56.15239334106445 1711.0841064453125 0.4836123905262744 0.4953053613151233 0.5230542735260993
v 2448.40673828125 16.171812057495117 -548.538330078125 0.7127035782999555 0.7564914005722776 0.8339543334234185
v -2476.216064453125 -49.44783020019531 -1324.0435791015625 0.4784319428163964 0.5180359494768321 0.5838087306712961
v 2309.26806640625 26.862699508666992 -858.4093627929688 0.7255614835474509 0.7681473361449139 0.8443241758364314
v -206.71580505371094 87.52745819091797 -387.4822082519531 0.6318384212135496 0.6115256113849952 0.5902283517470523
v -1279.1993408203125 26.13896942138672 -874.157958984375 0.8523690275485782 0.8623742324626154 0.894611937606675
v 921.4330444335938 3.025808811187744 1440.981201171875 0.777491228888668 0.7924055486937769 0.8306189106528558
v 205.73423767089844 12.066946983337402 -1981.1485595703125 0.7241451607196238 0.7480623311981628 0.7983673652013868
v -96.59143829345703 4.89702844619751 1991.1871337890625 0.6881786556810134 0.7110523422337042 0.7591219586291237
v -55.90593719482422 -38.564781188964844 -1936.15673828125 0.5449622971987897 0.5618376980079708 0.5983582217566774
v -138.2698974609375 74.24606323242188 -472.0449523925781 0.5233225707633108 0.507199163775204 0.490996378018365
v -581.3140258789062 -1.8165481090545654 710.0086669921875 0.525531583075989 0.5177491894972363 0.5158375132054931
v -1547.146484375 21.305665969848633 1696.14306640625 0.8154639273352448 0.8552337280439739 0.9297200873473345
v 2490.12939453125 29.00727081298828 -426.28778076171875 0.769761747272091 0.8175877700378708 0.9018494758213781
v 1169.4312744140625 18.163803100585938 1143.66162109375 0.4821688605384952 0.4900564256442979 0.5121150070307655
v 1951.0599365234375 -82.06270599365234 -1281.24560546875 0.4560355661619984 0.4803999250286874 0.5255197615228537
v -1683.721923828125 7.986125946044922 1558.0858154296875 0.46516553616470396 0.488884105902929 0.5333309620093392
v -181.0359344482422 -72.0678939819336 717.04541015625 0.6019077006829957 0.5890088677561744 0.5799689710856684
v 1346.5328369140625 -54.962547302246094 157.30430603027344 0.7014200375100487 0.7037788881723297 0.7214224236501304
v 1938.6798095703125 -9.156709671020508 -1342.60546875 0.581561781558016 0.6127114211717808 0.6700044869600196
v 1049.798583984375 -9.43525218963623 -484.95831298828125 0.7527697112634932 0.7490365448671373 0.7579660838165511
v -660.4847412109375 -11.236781120300293 686.2047119140625 0.5124338869690913 0.5055356264682875 0.5048406977212968
v -70.63842010498047 -50.30443572998047 -631.8012084960938 0.6530557901736816 0.6366652825649488 0.6226614399548673
v 1694.0863037109375 -37.14250564575195 2467.94091796875 0.7629883516268605 0.8331553055433295 0.9458744661111441
v -2623.12890625 -14.251161575317383 50.77475357055664 0.6570407910865808 0.7022130499880952 0.7800757860896258
v 2336.264404296875 4.725212574005127 1651.9339599609375 0.8011086486555278 0.8674475831799182 0.9765329532753179
v 1349.583740234375 -30.230466842651367 213.66502380371094 0.8957095732380491 0.8990800803390793 0.9218895844305502
v -432.1400146484375 -3.2974913120269775 -1788.09716796875 0.48646526781478444 0.49927637431588284 0.5287218535876805
v 327.59185791015625 15.575335502624512 1851.2542724609375 0.7642302009349462 0.7851210499405105 0.8318709882958267
v -952.3745727539062 -14.259843826293945 -1445.50732421875 0.6246590430075388 0.4747983580503233 0.5129885457123317
v 1353.5284423828125 -5.595372200012207 413.3619384765625 0.48966639748770396 0.4926665135671476 0.5073982755932772
v -23.586698532104492 35.09452819824219 669.5256958007812 0.5885023591510556 0.574344979886547 0.562889197012169
v -1074.2255859375 -9.112025260925293 1887.158203125 0.6065828375287167 0.6326486391790586 0.6835032277051982
v 2201.135009765625 -24.135217666625977 -1027.8575439453125 0.5504320994569522 0.5823421972304531 0.6399226995191961
v -44.88719177246094 38.41977310180664 1971.772216796875 0.4697466830614842 0.48537241282144267 0.5185608858888793
v -31.52326202392578 10.0267972946167 -1942.599365234375 0.49157024454966475 0.5070937190976935 0.5405802744458189
v -2108.3310546875 -38.30076599121094 1073.7222900390625 0.8285499989553375 0.8721481447149192 0.9521635080971186
v 2492.169921875 -6.458913326263428 1243.3604736328125 0.45449470431960043 0.4916211972830566 0.553548649376609
v -1195.3521728515625 -15.506295204162598 1807.768798828125 0.5636534113939965 0.5878973335668158 0.6352697685976724
v 228.365478515625 4.270462512969971 -2005.7120361328125 0.6988826193358687 0.7229842299029203 0.7730301099231706
v 726.8721313476562 24.593280792236328 1636.3690185546875 0.6107867369379543 0.6250716776581093 0.6591238559827646
v 2078.9814453125 -26.598867416381836 2085.704345703125 0.4379546410507039 0.4787176870415158 0.5447523478673221
v -1922.2972412109375 25.357389450073242 -2295.9619140625 0.6570870620804059 0.7182156584561571 0.8163983576936241
v -124.70491027832031 7.04866361618042 727.7415771484375 0.7089586105649258 0.6939264556551117 0.68336014345991
v -2597.880126953125 -70.17379760742188 -963.97412109375 0.6430239370232008 0.6932980424658566 0.7773851388548921
v -1119.94677734375 -6.801181316375732 357.7575988769531 0.49936357305167517 0.49720777862436666 0.503988039227065
v 1142.2728271484375 19.70770835876465 -293.33984375 0.5220803228065592 0.5199160913138398 0.5271022572360996
v -576.95556640625 5.145435810089111 702.8064575195312 0.7713337186299802 0.760010373877206 0.7568809530775089
v -1278.667724609375 23.27972412109375 1770.9671630859375 0.7150491831323461 0.7458812159578756 0.8057607236909238
v 2190.309326171875 27.899845123291016 1864.833740234375 0.6287834051331995 0.6824147862746153 0.7703579209577358
v 1155.0625 -56.009700775146484 1071.2333984375 0.4853599616038157 0.4919083194043303 0.5120035279994005
v -753.7569580078125 -17.191242218017578 -1610.58544921875 0.7046071143057434 0.720488365052701 0.7587248246820987
v 1355.7210693359375 -39.07526779174805 354.1813049316406 0.5050553230749028 0.5078232946950454 0.5224792068376577
v -759.7598876953125 -4.5388712882995605 -1617.6287841796875 0.6976553429189123 0.713690619442878 0.752018522232738
v -267.9170227050781 -169.8228302001953 -310.95159912109375 0.8807744128181229 0.8522431129111039 0.8217074167203688
v -972.5743408203125 25.592498779296875 -1402.3045654296875 0.48239092886101803 0.4919284174452398 0.5164618150610485
v 589.7955322265625 15.950773239135742 1700.15625 0.5916814089038727 0.6058169202344506 0.6392753418805065
v 2503.30517578125 1.3309274911880493 -405.5694274902344 0.5248151355539085 0.5587448494667422 0.6183895807990049
v -2200.64892578125 2.4096524715423584 -1930.931884765625 0.7971299330008348 0.8666717273532554 0.9796676280700204
v 2459.9599609375 -4.265056133270264 -473.987548828125 0.8094951463627404 0.8586189068252116 0.9456023701302284
v -214.670166015625 -48.2969856262207 -164.91354370117188 0.6137506372115961 0.5904386879325184 0.5633725660695549
v -1203.52197265625 -28.79908561706543 -1144.076416015625 0.8494536779765397 0.8636994366763593 0.9022903091066795
v -1624.786376953125 -7.980027675628662 1615.0794677734375 0.605026720112581 0.6350179274618972 0.6912717702751674
v 1094.9033203125 -30.60270118713379 -1863.4625244140625 0.8589281275072546 0.894475393945666 0.9640836350262897
v -2219.060546875 -37.813323974609375 941.9478759765625 0.7746403727300276 0.8175428935796712 0.8953355214573935
v -1267.0479736328125 -55.95854187011719 46.5510139465332 0.6038213416689838 0.6035980377634501 0.6153812460019987
v -2605.83349609375 24.659347534179688 77.55088806152344 0.7277995113323549 0.7767216650819837 0.861353491711791
v -817.4581298828125 -0.8039606809616089 -1544.4317626953125 0.48767659025944604 0.4982813491374178 0.5245024807936391
v 881.5166015625 -12.016169548034668 -546.7588500976562 0.5141671206845198 0.509006708031632 0.5111993953563035
v -1286.9598388671875 -30.04864501953125 -22.69344139099121 0.6187177464951983 0.6189959165927026 0.6318462815472493
v -1070.412109375 11.117173194885254 1880.490478515625 0.46238996627677026 0.4825774336794288 0.5220726552120282
v 2636.8212890625 -46.49716567993164 337.3199768066406 0.4685998594832123 0.5028566645713113 0.5614699262693729
v -2590.50732421875 40.75774383544922 254.98492431640625 0.7877455212853529 0.8402251939042358 0.9310902045472466
v -1048.6761474609375 9.853252410888672 -1308.8748779296875 0.6841259734869158 0.6962988623278294 0.7286311573554863
v -2588.603271484375 57.630577087402344 231.14111328125 0.48246513077843717 0.5158090336273907 0.5735941726585555
v 2607.185546875 30.793304443359375 -121.2703628540039 0.7255869702487475 0.7745042386576345 0.8590718423468815
v -157.848876953125 -36.04604721069336 -468.2277526855469 0.5740664990223246 0.5565739582906062 0.5390296504224948
v 2643.798583984375 6.566056728363037 206.32106018066406 0.5967020988280749 0.6390976029076348 0.7117351151925744
v 274.82177734375 -51.873756408691406 1833.2269287109375 0.4743513888098167 0.4872152410013018 0.51649783633415
v 1265.459716796875 9.82585620880127 -1801.884033203125 0.6218464294595069 0.6495397182535342 0.7029971386999004
v 1044.7093505859375 58.862640380859375 -452.79339599609375 0.5706630697008158 0.5673509292114228 0.5735905482719471
v 2512.31005859375 -0.7144932150840759 1147.3924560546875 0.46012008664506315 0.49694358947304634 0.5586418586143778
v -204.3066864013672 -16.505075454711914 -477.8326416015625 0.9293890349920098 0.902832672496478 0.8768118348771679
v 2140.32666015625 -31.068164825439453 1990.671630859375 0.7673855529397715 0.8342568551126345 0.9430041044485304
v 1136.5594482421875 24.503873825073242 -358.30908203125 0.49754568403510985 0.49573411115348515 0.5030320349205234
v -225.17430114746094 -3.995774745941162 -1878.7589111328125 0.5612780696546403 0.4253925206241821 0.46002130058360197
v 113.28108215332031 160.4828338623047 -708.1039428710938 0.6271299995616483 0.6132130380112408 0.6029354059462846
v 2606.4384765625 10.198277473449707 417.1156921386719 0.49885670673262 0.5344987497051485 0.595724051352137
v -223.71725463867188 -149.16433715820312 -346.48797607421875 0.8214196693612815 0.7947533080990176 0.7662526304214017
v -794.9022216796875 0.9024646282196045 598.5211791992188 0.5786080278335568 0.571883131079915 0.5727182760435813
v -2255.3037109375 28.28105926513672 -1738.3641357421875 0.6007697193518075 0.45617649475184957 0.4930243393614046
v 238.15943908691406 17.548622131347656 337.8151550292969 0.9584407305056589 0.9276339908974028 0.8947284501306932
v -2539.974609375 -14.951932907104492 283.11566162109375 0.7970432230932823 0.8478385454865657 0.9367248301778113
v -1312.6361083984375 16.240808486938477 -23.019695281982422 0.6021039761857073 0.6030378043008866 0.616615378837367
v -243.1599884033203 62.41944122314453 -207.22213745117188 0.9102942800468434 0.8781023935341067 0.8416656351381513
v 1281.0513916015625 24.433578491210938 -1774.73193359375 0.5340890589854626 0.5578063804857476 0.6037964959583341
v 1347.7288818359375 -25.585050582885742 173.75051879882812 0.6451469559001328 0.6474193692341648 0.663889604727287
v 2463.693603515625 -39.21392822265625 -607.8240966796875 0.6334093940788547 0.6737556032485855 0.7446530748354783
v -1545.5411376953125 64.7799301147461 1648.880615234375 0.6584647219400606 0.6897526866360215 0.7490045422998728
v 2524.5869140625 -50.379329681396484 -255.96414184570312 0.5100954436666687 0.5432133723645918 0.6014096009313633
v -2206.374267578125 -40.37801742553711 1081.611083984375 0.6872148327726734 0.7274504934654533 0.7995391939586811
v -1180.322265625 59.301658630371094 -1127.4390869140625 0.5790162111642427 0.5882323699872335 0.6141272957883412
v -1595.013916015625 49.04977798461914 1583.47119140625 0.7901816463637803 0.8267109517275383 0.8961634826807807
v -405.6986389160156 -8.481786727905273 730.89697265625 0.5957543799666241 0.5851496913040127 0.5798666872216972
v -2566.340087890625 20.295936584472656 202.9466094970703 0.4538831898705517 0.4847510331507317 0.5385383733921486
v 2599.5810546875 0.13362273573875427 1015.0579833984375 0.4374770003873046 0.4735291879888744 0.533600064202303
v 113.77446746826172 22.803632736206055 1961.031494140625 0.8446865013238052 0.8711414508510542 0.9275614308949008
v -826.74658203125 -5.339517116546631 -1491.9423828125 0.4808017622149355 0.49029076006659983 0.5147214209630087
v 492.59783935546875 -40.332862854003906 -706.0779418945312 0.596388791504787 0.5863457969956022 0.5820162486661196
v 2653.51171875 40.423683166503906 228.7838134765625 0.4508276637809194 0.4840686876693013 0.5408837928450363
v -184.9301300048828 -8.229778289794922 -396.10638427734375 0.7339484829012132 0.7105647584755193 0.6860108928258182
v -37.47268295288086 -92.75653076171875 663.5079956054688 0.6410009058064762 0.6255625242582751 0.6129557122465445
v 119.314453125 -34.57054901123047 1918.2608642578125 0.4866683677499178 0.5015272601067118 0.5339549598638584
v -841.2861938476562 10.980435371398926 568.1638793945312 0.503701086012127 0.49818178154355436 0.4995917922022352
v -328.5400695800781 3.77278470993042 2017.26171875 0.7943934645066185 0.8225691544540922 0.8804087785207019
v 2547.978515625 -15.146607398986816 966.5758666992188 0.6104167439660106 0.6565381490834862 0.7343781983086126
v -2572.3662109375 5.610033988952637 -1019.0064086914062 0.7037808416527118 0.7582448577667438 0.849412624808823
v 1291.1627197265625 -4.659982204437256 -1799.2647705078125 0.461903893132167 0.4833839380766671 0.5246685403374122
v -2142.82177734375 7.650455951690674 -2033.8690185546875 0.48626961456339507 0.531352520931797 0.6042644437754695
v 2078.70849609375 -54.93039321899414 2079.339599609375 0.43161624255863024 0.4717110345496614 0.5367165821398087
v 563.2335205078125 -20.3949031829834 1714.2037353515625 0.7814447461098765 0.7999084596955618 0.8434500131048207
v -1117.585205078125 -69.95250701904297 386.3457946777344 0.5520757250901117 0.5498717398450095 0.5575479127465751
v -2585.724609375 31.447473526000977 131.4653778076172 0.4499159126269096 0.48096040442543114 0.5348778719938629
v -35.531822204589844 13.325788497924805 701.601806640625 0.6163865902234403 0.6023552517149746 0.5916698412600859
v -2158.77734375 -32.962059020996094 1094.334716796875 0.45979576448799836 0.4866809267879582 0.5353075897259825
v 38.55976867675781 117.48897552490234 639.8834838867188 0.7475171578366168 0.7290824847157074 0.7134560253451069
v -2436.918701171875 -57.24935531616211 -1463.7620849609375 0.4388967811774295 0.4766073817046044 0.5388295290703954
v -1255.9884033203125 19.8467960357666 -932.0869750976562 0.48433226257423473 0.49061203911376045 0.5102800898394161
v 1147.384521484375 39.59550476074219 1172.7210693359375 0.4817918031838268 0.48978783067829973 0.5120024499273574
v 2594.999755859375 -79.28590393066406 675.4511108398438 0.5801291916586951 0.6225320724581032 0.6947342410701975
v 573.0339965820312 -1.803200602531433 -728.09033203125 0.527444289895228 0.519822037251035 0.5182123315471637
v -251.11331176757812 12.332182884216309 710.1943359375 0.6155036286716641 0.6026538223051082 0.5939637408819649
v 1327.884033203125 -6.50032377243042 639.9105834960938 0.7033110138756539 0.7093043247196701 0.7326208778420743
v 715.0155029296875 -77.44486999511719 -1968.332275390625 0.6491438127440798 0.6742116123255409 0.7245829799494452
v 1363.997802734375 10.851336479187012 505.4112548828125 0.5747482416516372 0.43589259404310465 0.471278270062011
v 2568.724365234375 8.351998329162598 -244.15493774414062 0.49835628724291386 0.5321064582325171 0.5908377968922865
v -1458.20166015625 -27.230377197265625 1739.7608642578125 0.8236533792221736 0.8626372198529424 0.9362300982583265
v -72.11460876464844 110.86851501464844 665.9907836914062 0.6754177612296796 0.6593467852906856 0.6463412668852192
v -2638.490478515625 26.893400192260742 -563.8339233398438 0.4438108942832995 0.47759385468843857 0.5349227791134687
v 1999.042236328125 37.444488525390625 2138.76904296875 0.79042326459195 0.8594100415272142 0.9715069685263741
v 973.65673828125 -4.068615436553955 1386.866455078125 0.5280088765756707 0.5380499890057393 0.5642097055490953
v -311.6618957519531 8.117648124694824 -1860.735107421875 0.809975465898713 0.8322959110280673 0.8820388113747831
v -1413.953125 -9.486048698425293 1716.762939453125 0.5943119539567586 0.6216044007051585 0.6738944089187844
v 448.2929992675781 -27.317373275756836 -1981.801025390625 0.8158302523119167 0.8442185382553337 0.9028087052408116
v -158.27256774902344 54.851112365722656 -463.93572998046875 0.6106845557844249 0.5920891846869929 0.5733748445854893
v -1333.3751220703125 42.3657341003418 -240.3040313720703 0.7253109088130288 0.7277183360658162 0.7458786339780494
v 1377.07666015625 -11.567015647888184 411.4035339355469 0.4908529276832759 0.49434601157829355 0.509863311576793
v -785.2177124023438 51.995548248291016 665.3582153320312 0.5033014760994998 0.4980733072719618 0.49995238346180887
v -2575.429443359375 -1.2926781177520752 -867.5266723632812 0.5159002231765432 0.5552179561914712 0.6216756168697034
v 1468.1666259765625 -24.552734375 -1725.799072265625 0.6104744838281458 0.6398559449141359 0.6953951876373627
v -1969.4912109375 -12.057876586914062 1263.857177734375 0.5594673706555353 0.5889550309574453 0.643468815593496
v -1019.996826171875 -33.117488861083984 477.8409118652344 0.6862523679685535 0.6819868018012661 0.6888285173538433
v -2545.6748046875 -32.81897735595703 332.8573913574219 0.5315219365059655 0.5668690564764878 0.6285590717458146
v 2410.229736328125 24.90492057800293 -708.6369018554688 0.7742478063981506 0.8216891838535576 0.9055526138556449
v -2645.303955078125 64.87886810302734 -534.94189453125 0.5423749699233074 0.5828608133316521 0.6515533548243239
v 1208.9598388671875 -13.199263572692871 -1818.0953369140625 0.7712938441905396 0.8043376741032402 0.8685347679946622
v -1975.8656005859375 -37.684364318847656 -2161.830810546875 0.6699646381847555 0.5101143594608373 0.5508502697863521
v 2392.76904296875 -73.58946990966797 -761.5441284179688 0.6567039104056025 0.6973732590748493 0.7692862390575087
v -2568.837646484375 0.43872591853141785 -915.6377563476562 0.6204747373633345 0.6673723348429196 0.7464908920235533
v -893.4946899414062 10.008293151855469 567.2514038085938 0.8278726597923317 0.8205529794620257 0.8250715426741081
v -518.4639282226562 37.40729522705078 2041.1407470703125 0.7306759294071232 0.7590969126576781 0.8159361497895683
v -1212.4443359375 62.97225570678711 250.13067626953125 0.5948862043990734 0.5939113065629559 0.6043377138979793
v -76.78240203857422 -21.76850700378418 1979.938720703125 0.717809666161883 0.7411543782267699 0.7905086761216831
v -1333.177001953125 44.1433219909668 -750.5409545898438 0.7700951362203083 0.7785236142183201 0.806817211204761
v -2421.45703125 -13.340851783752441 658.491943359375 0.4658876481264888 0.4956061425050497 0.5481759966749831
v 1047.6650390625 37.706153869628906 -1858.1788330078125 0.6327296828830381 0.6585237971473468 0.7095658107892963
v -1787.653564453125 35.487911224365234 1459.7457275390625 0.49800380079160184 0.5236166795372699 0.571413580457819
v 2228.581787109375 2.3208413124084473 -1014.858154296875 0.48090657287034394 0.5097136417512742 0.5614363483623571
v -1550.0545654296875 20.396821975708008 1650.1907958984375 0.6391661309352334 0.669750988482561 0.7275975063415497
v -1140.9029541015625 57.203521728515625 -1203.1474609375 0.7193193044608596 0.7314333939130895 0.7643487614825601
v -42.774845123291016 89.54479217529297 -616.1895751953125 0.5413697470471196 0.5272051781216327 0.5147895323570137
v -897.8983154296875 -26.97162628173828 560.320068359375 0.6044983319094825 0.5990314221386824 0.6024081173130895
v 1003.7103881835938 -15.018866539001465 1346.759033203125 0.4899331767650364 0.498966370612622 0.5228914436435518
v 211.5308074951172 -64.22105407714844 388.62078857421875 0.6076286974196594 0.588101507458831 0.5676782190161366
v -1804.1124267578125 15.46213150024414 -2378.90283203125 0.610062409270001 0.6667790257101763 0.7580125365683417
v -728.63623046875 4.601655006408691 673.3987426757812 0.8710134032219387 0.8610879767968523 0.8621491359316756
v -2619.716796875 22.57433319091797 -843.7537231445312 0.4707999998206001 0.5080848304570929 0.5706744496561431
v 2570.4755859375 -2.6462416648864746 938.6077880859375 0.6122543844202751 0.658948085712498 0.7375764260381237
v -2523.228759765625 -4.663382530212402 -1155.6502685546875 0.5092217926412365 0.5500045928558933 0.6181597192359977
v -1285.521728515625 37.561668395996094 98.89653778076172 0.5155885436635091 0.5158723979778895 0.5268318461824208
v -408.5400390625 18.416099548339844 2025.2099609375 0.8407350250811038 0.8714021235020529 0.9337516666507113
v 2627.14306640625 -34.66402053833008 169.00184631347656 0.8226730000351024 0.8788008999243914 0.9753614463903629
v -2107.72509765625 -42.04581832885742 1144.03515625 0.6402424799830474 0.6757320019545255 0.7402972713710647
v 545.391357421875 -29.405733108520508 -1960.9339599609375 0.6117103875312531 0.633555813697628 0.6785710669502539
v -225.91360473632812 169.1114501953125 -140.64283752441406 0.886405929965452 0.8534566480450219 0.8151146805976069
v -1245.0526123046875 -8.855080604553223 117.88155364990234 0.8664844206803994 0.8655532068403677 0.8810533631066251
v -1881.4957275390625 40.45145797729492 -2243.8056640625 0.6694635755341601 0.7286125039025512 0.8247117433389616
v -83.97119140625 -81.11930847167969 679.8170166015625 0.5159334314122175 0.5036625324301242 0.49399588100066977
v -2528.066650390625 31.165576934814453 -1112.9595947265625 0.46542772412679284 0.5026395420464176 0.5649849338461609
v -1257.9110107421875 -42.705238342285156 182.21128845214844 0.49596110342686633 0.49584170151206336 0.5058023380629947
v 920.2626953125 -58.265777587890625 -564.4805908203125 0.5739604634684994 0.5692411816818987 0.5732657222945027
v -204.97935485839844 52.570655822753906 -1895.4954833984375 0.584948233457376 0.6020471613444587 0.6396985189280229
v -2340.9462890625 -74.8144760131836 -1679.98388671875 0.4676067257389089 0.5087495825679267 0.5761564290957139
v 192.13858032226562 -22.52946662902832 392.7788391113281 0.5588714989549279 0.5406789730257323 0.5215776029595783
v 596.2882080078125 -17.888208389282227 -702.3306274414062 0.5250435806870846 0.5173442941748153 0.5155613012134379
v 2569.802978515625 -42.3519172668457 -17.46935272216797 0.6294897104032986 0.6708373752939119 0.742958821736185
v 75.26549530029297 -33.701114654541016 1969.013671875 0.876078874574825 0.6707816669176044 0.7230991822102977
v 1695.383544921875 19.780370712280273 -1571.9659423828125 0.7662035174033301 0.8044115897793351 0.875626586648625
v -88.62440490722656 -4.289618968963623 -581.7803955078125 0.5180601641864082 0.5038943241800907 0.49100268684226694
v -898.113525390625 10.022642135620117 -1512.8935546875 0.5805561967523825 0.5933120424721374 0.6245184936507231
v -115.69550323486328 -56.43822479248047 -521.8772583007812 0.9570853335021691 0.9302725428696199 0.9043784814569289
v 1972.965576171875 60.3333854675293 2235.30859375 0.4468109389231297 0.4894721214183739 0.5581451656451251
v 563.0533447265625 10.421701431274414 -748.2099609375 0.9388580783716713 0.926203026685422 0.9240383298150538
v 2608.84814453125 -13.92354965209961 -123.42829132080078 0.6926037331932482 0.739528699941706 0.8206208705060826
v -2581.048828125 -17.821067810058594 -1145.2467041015625 0.6999324084273678 0.7567004299257716 0.8506995689173675
v 623.0865478515625 -51.445377349853516 -1977.330810546875 0.706775907553066 0.7331204071709447 0.7865189530926463
v -977.283935546875 -0.7570528388023376 1921.0855712890625 0.5013803131373956 0.5228570898181512 0.5650042082440845
v -501.2863464355469 31.478309631347656 717.1467895507812 0.5111250885362921 0.5026775070538271 0.4993841160655556
v -1011.534423828125 52.82281494140625 1856.6302490234375 0.46394904808701937 0.4829328822727203 0.520773691191502
v 2235.944580078125 -15.61189079284668 -987.601318359375 0.7553712838795161 0.7987381159267912 0.8766903960790214
v -2408.847412109375 36.16459274291992 -1489.002685546875 0.4877676880414749 0.5288514148249848 0.5967758420034268
v 2496.631591796875 -65.463623046875 -540.111572265625 0.44961285013289315 0.47965871804437726 0.532251620966821
v 818.2772216796875 -0.4870198965072632 -629.3508911132812 0.818805514882413 0.810722322146275 0.8138259740720107
v 2632.268310546875 41.04741668701172 231.1408233642578 0.5745275059658058 0.6151397747206498 0.6848613718751848
v -2559.33984375 -41.2379264831543 -1067.3612060546875 0.5935768238150264 0.6403681271779426 0.718599164499102
v -93.11579895019531 29.44339942932129 -1908.846435546875 0.5699326490788578 0.5867621100130709 0.6237208400792122
v 215.5615692138672 -10.938888549804688 -760.1005859375 0.9128903424974067 0.8955704004469671 0.8851073204216494
v 2246.789306640625 -16.03109359741211 1860.90380859375 0.5194793400596428 0.5659908520568329 0.6417037992632679
v -1371.8194580078125 8.947721481323242 1771.2392578125 0.5482722436234954 0.5741259101480585 0.6233954017167208
v 2598.472412109375 -12.304222106933594 46.174896240234375 0.46684782726460355 0.4992222746756692 0.5553275635285336
v 630.8609008789062 49.02843475341797 -683.4692993164062 0.5976852292132416 0.5892272879541294 0.5875619213822331
v -579.5228881835938 -40.73308563232422 -1730.418212890625 0.7740839002197462 0.7931498256104612 0.8374306509677051
v 891.4962158203125 -17.560861587524414 -569.7470092773438 0.663970826221488 0.6580008523153005 0.6616656141058955
v 2556.050537109375 68.46772003173828 -292.3811340332031 0.4499005109954893 0.4804805564484728 0.533786019748209
v -229.8496856689453 46.08424758911133 -340.3877868652344 0.5243684937027935 0.5067088672582625 0.48781214940708056
v -1391.5670166015625 -66.27782440185547 -575.0208129882812 0.7072155314816485 0.7142346193004415 0.7391988095245048
v 227.9462890625 -49.02827072143555 1910.129150390625 0.4787042696651453 0.49338706099392776 0.5253992440815619
v 1694.6246337890625 1.2217068672180176 2423.5458984375 0.43174089544432964 0.47237076638610237 0.5380480229518625
v -2021.9832763671875 -50.226375579833984 -2105.366943359375 0.47794343426201774 0.521148985357982 0.5914590774576927
v -393.32965087890625 -49.165340423583984 -1826.578369140625 0.7845752900149701 0.805541179061949 0.8528061572023562
v 1318.3118896484375 1.1616145372390747 91.80754852294922 0.5428200284944168 0.5438739503911837 0.5565477896582348
v 231.48023986816406 93.43684387207031 224.91915893554688 0.5786154370724632 0.5575494271577514 0.533748728496688
v 289.54656982421875 53.265079498291016 -764.04296875 0.5699931018673905 0.5593957445583806 0.5536285416060158
v 935.6974487304688 29.9721622467041 -1930.6444091796875 0.817561213681781 0.850814626462687 0.9163135191226737
v -2037.603759765625 -13.574822425842285 1274.2689208984375 0.46996895467451366 0.4969076996803424 0.5458507426226563
v -1213.7503662109375 2.0342726707458496 184.8830108642578 0.623228709759776 0.6219435288866387 0.6323987935034457
v -2321.944580078125 -1.9564193487167358 -1714.255859375 0.7567902069472556 0.8209407367967673 0.9259511404368294
v -1163.8536376953125 -51.85422134399414 256.78521728515625 0.573677309136511 0.5716195805482128 0.5799285137074651
v -1780.68115234375 -9.138474464416504 -2370.13134765625 0.4396727143255507 0.4811926690889717 0.5482242231237922
v 2265.823974609375 28.387056350708008 -894.755615234375 0.6509565202591018 0.688422353453167 0.7559096858974231
v 1330.1446533203125 -6.603989601135254 275.60357666015625 0.8427646501097048 0.845661067088165 0.8667528580384395
v 1964.2987060546875 -33.556358337402344 2186.23828125 0.4389419297241657 0.4796055342114624 0.5455462065963166
v 1113.609619140625 -53.495933532714844 -291.2777404785156 0.49966498405581866 0.49698972869187724 0.5029414669058758
v 1948.7083740234375 1.6855429410934448 -1350.228759765625 0.5229421627983207 0.5516057750899956 0.6041423690538911
v -1354.4544677734375 6.930822849273682 1765.1280517578125 0.6623794906737465 0.692563014385584 0.7503761398077838
v 2650.083740234375 -24.34590721130371 108.47161865234375 0.5171805730604268 0.5544182403335072 0.6182123789304135
v 991.178466796875 -22.152515411376953 1371.1944580078125 0.8457984051245886 0.86121101188806 0.9014780302890292
v -812.0016479492188 -25.05031394958496 583.5713500976562 0.9165045713956449 0.9063672695389459 0.9079334879330542
v 823.0542602539062 53.42631149291992 -618.728515625 0.9345257865245059 0.9252766582007238 0.9286352301486458
v 2339.74609375 -21.89045524597168 -747.7092895507812 0.6784442214751024 0.7181681721065529 0.7893564425741539
v 94.83811950683594 51.57353210449219 -696.4153442382812 0.5201441561335988 0.5081308641028988 0.49898862900829094
v 2577.458740234375 32.86344909667969 1125.9559326171875 0.7333645591859802 0.7921187321151236 0.8896091112359581
v -2291.27197265625 56.501136779785156 841.8265991210938 0.7156220203263406 0.7567240667576896 0.8306679166641168
v -990.6715087890625 45.282310485839844 479.1058349609375 0.604833657290525 0.6003952793326738 0.6054487017990078
v -2006.5191650390625 -30.2382755279541 -2210.32373046875 0.7199308897948985 0.7859976037991357 0.8922786590879166
v 1092.3963623046875 -18.085424423217773 -1877.7415771484375 0.554602142989333 0.5786472659969765 0.6255443491107304
v -1893.9056396484375 8.26337718963623 -2276.1748046875 0.5750486512962906 0.6277929306439605 0.7129965281180167
v 1388.2855224609375 43.163631439208984 -1730.8248291015625 0.4608171799552136 0.48236121712682584 0.5237104483053753
v 1193.1468505859375 -0.1484084278345108 -300.2445983886719 0.7761400688967907 0.7746482588170527 0.7875930323715081
v 2596.313720703125 -10.97930908203125 30.119386672973633 0.8103786915633931 0.8639481610359313 0.9568337278648394
v -111.89440155029297 37.52832794189453 -615.2464599609375 0.7719944453756081 0.7525634841510092 0.7357116408483149
v -729.0858764648438 29.9571590423584 690.4705200195312 0.9137332209084733 0.9037731816916608 0.9055783376346191
v 161.2852325439453 22.162124633789062 1932.318603515625 0.4706281007245012 0.4854633864427362 0.5175322265539071
v 51.924678802490234 -40.05522155761719 559.3010864257812 0.5569878381915088 0.5413192576342701 0.5266121036931345
v 681.0236206054688 -63.77657699584961 -720.369873046875 0.6432046912689425 0.6356998934539764 0.6364652552577942
v 2609.982666015625 -26.88185691833496 101.01876068115234 0.814801354459543 0.8694047533165921 0.9637626357574686
v -1766.167236328125 -75.52474975585938 -2398.102783203125 0.6739305499267293 0.7357521666841179 0.8353227720792623
v 2674.642333984375 -32.87135314941406 124.00445556640625 0.5910877056791995 0.6340743728439161 0.7073304197356854
v -2601.046630859375 -1.7498730421066284 -451.0512390136719 0.7612108360771492 0.8137482598017501 0.9039910985244388
v -90.35387420654297 13.550292015075684 685.955322265625 0.5663082032993263 0.55309964398387 0.5428284722828574
v 1176.158935546875 -49.270755767822266 1131.4835205078125 0.5390179982994188 0.5476474730870046 0.5719008331597962
v -1341.2774658203125 43.68360900878906 -203.68356323242188 0.5871633713179937 0.5891905955889535 0.6042076870156281
v -1039.0882568359375 -56.730247497558594 1886.5528564453125 0.4764308019792253 0.49690262097833054 0.5371011293417048
v 2577.14208984375 41.026458740234375 -202.03807067871094 0.8092561107683202 0.8621992101055451 0.9542319652764261
v -2592.568603515625 15.8484468460083 -267.1201171875 0.4838807240039557 0.5175376520304413 0.5757706047809945
v -1270.096923828125 -6.443717956542969 -808.4069213867188 0.6910117114850788 0.6978770670254912 0.7223036401066808
v -1218.584228515625 25.758739471435547 1786.95947265625 0.5403492757664767 0.5635522822734188 0.6089618174321273
v -700.3304443359375 -60.740238189697266 -1591.351318359375 0.712528731260995 0.7272300011877498 0.7638745618594507
v -2192.002197265625 -50.901641845703125 -1958.7791748046875 0.5462835116956526 0.41370416327409726 0.447490400218945
v -1236.459716796875 -43.085853576660156 170.20559692382812 0.8207869616091767 0.819816997526681 0.834413735445935
v 1266.454833984375 -12.123947143554688 -100.33840942382812 0.8308196639337747 0.8306063907487827 0.8465871796084601
v -1176.7232666015625 -22.169248580932617 339.1755065917969 0.5158962615289211 0.5147458020861287 0.5234371460018498
v 152.90675354003906 -17.627613067626953 -739.0101318359375 0.6737289944177874 0.6597979326241822 0.6504119173693638
v -1324.5933837890625 -26.92595672607422 -669.7886352539062 0.7668486537258928 0.7736913688614198 0.7994954836678275
v -2583.9150390625 -20.663148880004883 -85.9256362915039 0.7688549823995285 0.8193367671343583 0.9070852149672839
v -1264.5843505859375 -9.672475814819336 28.393630981445312 0.8403941608807542 0.8399861241512934 0.8558349014240451
v -687.1107177734375 12.316482543945312 1975.199951171875 0.49936937809298515 0.5190276725677526 0.5585754135962608
v 1203.2283935546875 0.40756186842918396 -1850.5010986328125 0.7508831570004489 0.7840755361517738 0.8480293343896591
v 1179.5867919921875 16.514657974243164 1097.5579833984375 0.5682544827206524 0.5767547450945203 0.6013666027185878
v -384.10369873046875 46.83464431762695 -1814.466796875 0.5712468305553533 0.5864928035770259 0.6211755400048724
v 559.4010620117188 67.69790649414062 -760.6126708984375 0.9107956125886816 0.898767537115678 0.8971102619418827
v -25.964630126953125 0.9827775955200195 -1951.8763427734375 0.4706931214274657 0.4858490175376365 0.5183812238748232
v -2230.879150390625 -51.57170104980469 981.9781494140625 0.49596516961163056 0.5252452918538943 0.5779694949762993
v -1415.268310546875 13.267251014709473 -288.811279296875 0.651273349844715 0.6560005476960633 0.6763990376188969
v 1358.6380615234375 -14.075592994689941 490.5108337402344 0.792099922056446 0.7977709345196987 0.8222386530220956
v 2656.152587890625 5.723545551300049 123.4909439086914 0.7487835417638842 0.8014044160983994 0.8914251015949689
v 52.49251937866211 -10.23015022277832 1939.914794921875 0.8017184860914028 0.8259617273093415 0.8783217799172974
v 2611.394287109375 -3.6991324424743652 -90.71443939208984 0.6310851801920186 0.6741956172232443 0.7486762501219858
v -2647.413818359375 -4.8799896240234375 -128.57713317871094 0.6974964590116056 0.7463927190848342 0.8301912189312229
v 1837.5240478515625 58.36763381958008 -1444.0618896484375 0.47871518726194223 0.5042417517008736 0.551474351385746
v 508.86236572265625 -26.37013053894043 -731.9501953125 0.8873452237152826 0.8738339846515659 0.8692697785448299
v -334.6608581542969 23.42816162109375 768.0523071289062 0.8986469765820911 0.8831682712345788 0.8755302323894367
v 214.82420349121094 30.663728713989258 -786.7601318359375 0.5639887753342054 0.553460731144318 0.5476942382548285
v -1313.222412109375 -10.995074272155762 -57.89014434814453 0.7554644886452742 0.7566692656537459 0.7734990480961363
v -1307.7381591796875 9.07612419128418 1830.5614013671875 0.4719892570505772 0.49482373650033934 0.538208534416112
v 1895.830322265625 -49.826087951660156 -1439.626708984375 0.5554634913411517 0.5860526421698423 0.6419694926159719
v -2379.66650390625 77.59739685058594 646.741943359375 0.5676581559018697 0.6017078831542844 0.6625800177206321
v -1260.0914306640625 0.4769653081893921 -970.6538696289062 0.5222483947936437 0.5296157087349447 0.5516465134617824
v -560.743896484375 31.24209213256836 1987.0302734375 0.4870680914763759 0.5055909864306158 0.5432720731504326
v 2149.142333984375 8.999435424804688 -1139.96923828125 0.5890082402630029 0.6230713257876745 0.6844818002720622
v 252.5547637939453 32.80887985229492 1875.0753173828125 0.6605202624137151 0.6791597630895946 0.7205630638629849
v 193.54638671875 60.22045135498047 349.2579650878906 0.9034284643595857 0.8738674911786146 0.8419894477302127
v 949.5366821289062 54.08148193359375 1415.5828857421875 0.8276019508536611 0.843188644611061 0.883366398650547
v 2615.78466796875 16.927692413330078 235.75074768066406 0.5797196887801137 0.6200866294255396 0.6896249793826852
v 431.40728759765625 13.396982192993164 -751.1857299804688 0.7208848630676014 0.7090680692477045 0.7041546996091811
v 2363.073486328125 -21.77375602722168 1645.312744140625 0.44224224060805073 0.48132850135408717 0.5453884638478408
v -2626.06640625 -21.554990768432617 1.8631924390792847 0.44465644496028633 0.47642454047732236 0.531153776061839
v -1224.721435546875 71.42037963867188 -991.3148803710938 0.5988724273100909 0.6068046069626974 0.6311336330390804
v -2493.969970703125 -9.875836372375488 -1424.4732666015625 0.4612798884490102 0.501629197612044 0.5678472668887072
v 478.8704528808594 -15.275734901428223 -1976.96484375 0.4752037305543471 0.4925452349798643 0.5282993825215723
v 1046.208251953125 -39.36429977416992 1354.080810546875 0.48391556946049935 0.49358843159008287 0.5183528133602849
v 2151.717529296875 -53.46180725097656 -1066.2911376953125 0.7469579261274761 0.5701311009680765 0.6151932614560212
v 489.794921875 57.36346435546875 -797.542236328125 0.5200919576694077 0.5127595184742193 0.5114909482585488
v 1977.865478515625 32.826961517333984 -1310.2542724609375 0.7706723621819648 0.8116970400746226 0.8868543049066088
v 103.25409698486328 19.098957061767578 1925.4267578125 0.7731107989121834 0.5905174219958852 0.6370491374503986
v 1759.7598876953125 -16.084428787231445 2408.834716796875 0.797055484779624 0.8695841724975547 0.9863021902606889
v -1690.89111328125 -26.55422019958496 1571.83837890625 0.49590399348914344 0.5214395332531466 0.5690821976134277
v -390.495361328125 9.961181640625 738.4378662109375 0.7508933187667133 0.7377431776542337 0.7311716327703379
v 276.2092590332031 -10.5963716506958 1830.64990234375 0.5099900798158712 0.5236598689615038 0.5548261834965743
v -218.37954711914062 25.58112907409668 -1953.552490234375 0.5738404812455756 0.5923722906535756 0.6318662304609861
v -2529.084228515625 17.81380844116211 365.5921630859375 0.5325107715353612 0.5675248447676434 0.628800353999561
v 2389.26416015625 53.54053497314453 -735.7911376953125 0.44918023726089423 0.47768549993935544 0.5282229864299176
v -2389.303955078125 10.170358657836914 738.4121704101562 0.8046243837090268 0.8532638667136001 0.9394808838341633
v -1361.9451904296875 -11.844965934753418 -478.4502868652344 0.4909932318043378 0.4946277321650641 0.5103662553083748
v 1237.4273681640625 13.8888578414917 -159.67222595214844 0.9048973630875393 0.9038181424490871 0.9197911593757359
v -808.3740234375 -10.7307767868042 685.2896118164062 0.649904648674792 0.6440971797053872 0.6477646718066142
v -90.29872131347656 64.5517349243164 -596.5973510742188 0.5333634835359171 0.5191097792899394 0.5063774869991607
v -1294.240478515625 -9.545390129089355 -754.892578125 0.6285413929048664 0.6346271909042114 0.6566946131970648
v 1313.5697021484375 -0.9431855082511902 107.09748840332031 0.7475030165313495 0.748804514591783 0.7656396509249308
v 2516.759521484375 -41.442787170410156 -278.7213134765625 0.5591095703122072 0.5949169491539817 0.6579182461083264
v -2297.288818359375 -11.217508316040039 886.5243530273438 0.5913297270421463 0.6265486506280301 0.6895672173019393
v -961.2192993164062 29.03937339782715 493.4420166015625 0.8945777511353894 0.8874839214420538 0.893610586363315
v 761.2073364257812 55.67949295043945 1596.9461669921875 0.6937939219924424 0.7091445002966197 0.7463869821846012
v -1361.9959716796875 -19.172042846679688 -115.05840301513672 0.49154361424866283 0.4934911554926457 0.5066193816627186
v -2354.19091796875 -3.630012035369873 802.0108642578125 0.8246314858344252 0.8737415980780231 0.9610832670948312
v -877.1846923828125 18.726783752441406 -1524.8824462890625 0.7329535458352066 0.559214602633835 0.6034898815654971
v 1304.6102294921875 -50.46236801147461 31.888565063476562 0.5858441576328283 0.5865572076267359 0.599487659182108
v -1291.8876953125 28.999984741210938 93.64613342285156 0.5967069331178723 0.5971832758701949 0.6099408222252232
v -61.228153228759766 29.891279220581055 1929.2508544921875 0.5265668836419675 0.5427427789396346 0.5778806097621813
v -1134.770263671875 17.609943389892578 331.6385498046875 0.5021747291068664 0.5001467427210584 0.5071837314910231
v -2651.53466796875 44.61177062988281 -99.42413330078125 0.6074813295271821 0.650637467001546 0.7245538053784004
v -939.7698364257812 8.92352294921875 511.1417236328125 0.8547064792377213 0.8475493223000707 0.8528318311028498
v -2264.208984375 -23.757041931152344 939.6387939453125 0.47324990943778494 0.5017212989298028 0.5528068723029057
v -1355.6749267578125 -51.39149856567383 -537.5703125 0.49003677581820176 0.4939947367513255 0.5102147788491757
v 1377.1678466796875 -24.392711639404297 215.15618896484375 0.6446913722524281 0.647942495925617 0.6659306344053292
v -1057.491455078125 66.0534896850586 396.6335144042969 0.8088052515112243 0.8039335468029556 0.8120663190435201
v -2561.567138671875 -5.413937568664551 132.32684326171875 0.6243224422594388 0.6651725860708897 0.7365049947225774
v 973.423583984375 2.0840046405792236 -1952.8428955078125 0.561479793462205 0.5860914807098524 0.633929582509292
v -2446.997314453125 12.129803657531738 -1389.3555908203125 0.773546674802991 0.8353581256861738 0.937897173660223
v -1320.9361572265625 15.14002799987793 -667.6749877929688 0.59227253271863 0.5975493898300707 0.6176995923488954
v 1141.037841796875 33.2802734375 1220.6378173828125 0.48397840745713677 0.49270904157179213 0.516067614042653
v 1030.803466796875 -53.449031829833984 -1875.6636962890625 0.46945440283586565 0.48930724708751167 0.5284874071125408
v -218.88751220703125 53.78718185424805 -273.2636413574219 0.5290680152565314 0.5101485626172717 0.4891054422245458
v 2644.63623046875 31.217906951904297 400.7726135253906 0.7557732193675906 0.8095911570683664 0.9013563245900791
v -2442.02099609375 9.01539134979248 636.354736328125 0.6492513019743112 0.6899810367922792 0.7617871976021463
v 793.7715454101562 37.01487350463867 -1996.362060546875 0.465373391447023 0.4852803311644633 0.5244479211503945
v -2620.04052734375 15.034756660461426 -272.40765380859375 0.582080039583496 0.6228796525050251 0.6930460504334538
v 1145.736328125 -37.32403564453125 -1894.950927734375 0.5121499941225864 0.5357121882864531 0.5810017987439176
v -247.7615509033203 111.33338165283203 -330.5408020019531 0.6664150842940308 0.6444799487509948 0.6210465803367042
v 937.9801635742188 -37.03159713745117 -1902.8765869140625 0.7083551439477215 0.7365483626281805 0.792588722476083
v -2629.247802734375 31.438867568969727 -135.452392578125 0.649420691046284 0.6944754400205065 0.7719834657242916
v 2628.696533203125 -0.312110036611557 256.0426025390625 0.4889544710112887 0.524006997209479 0.5841999604476061
v 197.8892059326172 -6.06220006942749 -752.5983276367188 0.5187035843760524 0.5082011822364509 0.5015999996859315
v 2675.68505859375 30.577085494995117 226.10719299316406 0.76104854489103 0.8157078480078307 0.9087077370754856
v -1143.705322265625 0.8168842196464539 1817.6866455078125 0.5629159877819627 0.5865296595737685 0.6330044355296992
v 169.59982299804688 23.785606384277344 -1959.26318359375 0.4876526328380874 0.5036666320156992 0.5377793800565023
v 1344.25244140625 -48.274784088134766 635.0974731445312 0.6011840009518697 0.6067128659405175 0.6274160865601154
v 2410.57666015625 -63.914306640625 1386.5845947265625 0.5277042579018698 0.570019085597726 0.640657746168292
v 1249.9769287109375 -23.89194679260254 -148.65216064453125 0.49643399550015604 0.4960514929326824 0.5056042259642223
v 2656.853515625 -13.143556594848633 267.2578125 0.5542274495994054 0.5945061797916277 0.66325090493725
v -2453.47119140625 -5.102413177490234 -1367.705322265625 0.5972550679720703 0.645718785491594 0.7261908200237787
v -256.1049499511719 -10.023455619812012 -1853.667724609375 0.4733348151490387 0.48659660351607253 0.5164392209457811
v -1671.2449951171875 -51.38744354248047 -2484.607666015625 0.559309023638487 0.6120417437131725 0.6967400970698072
v -953.4739990234375 10.345423698425293 -1454.3065185546875 0.48147222062647627 0.4917563756528274 0.517382149685786
v 547.4959106445312 -3.3908634185791016 1756.6715087890625 0.5293858081385225 0.5432239825851626 0.5750204770320946
v 530.5758056640625 -26.08894920349121 -1981.3143310546875 0.8405343778159862 0.8705535229661115 0.9319796640234672
v -2613.368408203125 3.0946710109710693 -425.9853515625 0.7592817378324845 0.812067767303827 0.9025837800778543
v -1344.839599609375 -72.05615234375 -230.17491149902344 0.4942135382302129 0.4961168245621011 0.5092251907743236
v -1571.0869140625 -16.97439956665039 1671.7711181640625 0.4937414976210291 0.5187666706863989 0.5656601681494418
v -865.633056640625 -35.014312744140625 618.5791015625 0.5228357427546503 0.5181644573320406 0.5213162465003337
v -2424.192626953125 5.786296367645264 486.6904602050781 0.45232060204620533 0.4802442852312561 0.5300831900589026
v -809.0992431640625 -62.45451736450195 -1512.25390625 0.8334282810278804 0.84952716410801 0.8905797802468659
v -1570.305908203125 -17.78844451904297 1678.802490234375 0.48090175403598806 0.5054682856080628 0.5514386309140202
v -1321.7518310546875 -45.66632843017578 -735.0330200195312 0.6359649388397877 0.6425194168170607 0.6654433372770042
v 1345.142822265625 -38.3028564453125 371.564697265625 0.5190753999646172 0.5217808147472036 0.5365985983395416
v 176.38490295410156 -49.24843978881836 -1967.5009765625 0.8762238899873142 0.9040895516708262 0.9631815390384874
v -447.2302551269531 -33.53498077392578 1974.50634765625 0.6302561216826824 0.6523546334216799 0.6981170127657862
v 2647.404541015625 -30.396371841430664 293.9388427734375 0.6638936167969697 0.711149614137074 0.7919135711327671
v -2007.7899169921875 -9.86219596862793 1227.8677978515625 0.6814637205927785 0.717320057619513 0.7833572946361744
v -1223.5059814453125 40.70586013793945 228.01499938964844 0.5190588157847171 0.5183441221486709 0.527786703123549
v 900.834716796875 -16.74445343017578 -533.7384643554688 0.6422351612131109 0.6361644584024921 0.6392599973121287
v -237.3892822265625 13.346391677856445 -1898.715087890625 0.532269396489706 0.5481491445537412 0.5829739766201538
v -2550.42333984375 -30.138038635253906 -992.5335693359375 0.6527843141394395 0.702325334675195 0.7857439060891519
v -653.7549438476562 -38.45888137817383 684.8477783203125 0.7068932442038184 0.6974763376540565 0.6962876308368401
v 790.982666015625 62.42212677001953 1560.955322265625 0.8381304842366971 0.8556820686619195 0.8989822299043406
v 64.59029388427734 56.163421630859375 564.1245727539062 0.5753885985288596 0.559375469317975 0.5444464810078975
v 464.4645690917969 7.733994007110596 -755.1224975585938 0.5082202502442175 0.5000464682035705 0.49715449767102843
v 2010.89404296875 -34.78196716308594 -1285.003662109375 0.560045759320865 0.5910571479972067 0.6476546886700069
v 1328.3082275390625 29.78705596923828 537.158447265625 0.5385431802411148 0.5422351437407057 0.5589436579809905
v 434.9972839355469 31.39333152770996 -1978.3671875 0.5180353798828202 0.5365450789192877 0.5748561414370859
v 645.15869140625 -2.6717820167541504 1679.3819580078125 0.802913487500866 0.8216466384329617 0.8660050832207098
v 2541.109375 -55.961944580078125 1093.6834716796875 0.5199847523474102 0.5612434481595607 0.6303116788005573
v 1043.1368408203125 -30.157894134521484 -414.75604248046875 0.6023972195100632 0.5985200812654942 0.6044358870991963
v 2261.133544921875 21.631752014160156 -960.8884887695312 0.4506668355607301 0.47806836694673155 0.5271675362755128
v -204.16046142578125 42.08405685424805 -143.45089721679688 0.7555111043498864 0.7267302364535352 0.6929701688429252
v -1076.3079833984375 -0.38869509100914 454.6046447753906 0.5887910762180273 0.5861082150002193 0.5936947290411223
v 1326.6572265625 32.66318893432617 675.8385009765625 0.4875459860708225 0.492165538983995 0.5093573653579436
v 2633.2392578125 77.84256744384766 325.3152770996094 0.4506890818334353 0.4836271983893025 0.5400441780853042
v -176.44725036621094 11.306934356689453 -467.3775634765625 0.683546935354259 0.6631405467648521 0.6427722198309881
v -492.6401062011719 -8.439210891723633 -1796.398193359375 0.7088624713477019 0.727738372331276 0.7704505014794365
v -150.537109375 -147.31764221191406 -509.1431884765625 0.9607504405026682 0.9337205935359418 0.9075230226965629
v -286.0535888671875 -43.13500213623047 736.654296875 0.5974176188587677 0.5857467129721264 0.5787004072882177
v 1372.0679931640625 14.63132095336914 535.8387451171875 0.48767610846736514 0.491941957978935 0.5085924710226583
v 2158.49609375 11.744200706481934 1922.26953125 0.7452017918971587 0.8086435189191118 0.912415555145729
v -1118.5845947265625 19.66549301147461 1893.375244140625 0.46410725658622926 0.48527528266924486 0.5261752279817239
v 2641.151611328125 -6.416211128234863 51.75828170776367 0.7415558301200182 0.7929098281813662 0.8810862296226769
v 369.4525146484375 76.32662200927734 -756.5775146484375 0.6560221264122729 0.6445854388382953 0.6390650893898177
v -1338.4718017578125 2.274549722671509 -116.32349395751953 0.8820368626506446 0.8845053979334965 0.9056518885779677
v -2430.911376953125 -26.024463653564453 615.31201171875 0.7940751681855334 0.8424330798491881 0.9280119225508126
v 2613.89208984375 -52.451507568359375 496.5693664550781 0.4566681443888663 0.49021297786265766 0.5475799558794708
v -1637.2861328125 16.640625 1637.8948974609375 0.5753146426443558 0.6047682744248402 0.6596030924081239
v 2624.773193359375 -61.879127502441406 343.03863525390625 0.757708394129193 0.8103568041800657 0.9006514238584705
v -2488.43603515625 -17.76177406311035 488.9770202636719 0.5852068502391372 0.6226732963035069 0.6885340367312247
v -1356.021484375 1.7509342432022095 -735.4185180664062 0.5492147228204738 0.5557065789325456 0.5769136645048096
v 98.32905578613281 162.9019317626953 -697.4979248046875 0.8005780987171226 0.7827523602068361 0.7692295313169943
v 2445.96142578125 17.570270538330078 -530.2250366210938 0.4563787045105004 0.4853687694194672 0.5367314915347265
v 1228.9442138671875 -9.8941650390625 -164.7149200439453 0.5089344366192456 0.5081311322752554 0.5172464087075701
v 2158.855224609375 -11.907879829406738 -1138.9224853515625 0.4613487717679264 0.4888843046455877 0.5384236376622333
v -1502.7547607421875 22.350011825561523 1658.662353515625 0.5135079068910329 0.5378090354216786 0.5841526373857423
v -1122.35107421875 6.332513809204102 -1231.21826171875 0.8860958403409408 0.9011409043510418 0.9416281264722641
v -2626.305908203125 -37.148345947265625 -389.038818359375 0.7734431112203195 0.8274850897390179 0.9200157257267964
v 771.8139038085938 -33.43013000488281 -1977.1134033203125 0.6958600060959836 0.7236257647149837 0.7787966746200375
v -2404.9169921875 -13.675651550292969 -1431.1143798828125 0.47673331818445325 0.5159082237303674 0.5810852322997286
v -106.46037292480469 13.568498611450195 -1921.7138671875 0.6988512878180048 0.7196247273783573 0.7648909743600397
v -221.21331787109375 -163.90475463867188 -242.4637908935547 0.5579373363971806 0.5376630581226768 0.5148265085470051
v 173.0696258544922 -52.281612396240234 -1951.87158203125 0.49422381427389656 0.5102501190244212 0.5445148685074948
v 1345.5792236328125 -16.482080459594727 599.2744750976562 0.8753327327771429 0.8826461038310317 0.9111911832209838
v 936.2816162109375 60.623756408691406 -1966.689697265625 0.4630336431265632 0.48361650387873206 0.5236778328536184
v -52.4338264465332 32.990325927734375 1974.981689453125 0.8439836092951357 0.8708966230529366 0.927960114374545
v 2384.311767578125 -39.66896438598633 -615.1505126953125 0.4726740751542942 0.5014267401990808 0.5528752505985194
v 909.8358154296875 17.992483139038086 1515.1951904296875 0.6688578365562915 0.6836421946892413 0.7195631474638101
v 1604.2454833984375 -84.25169372558594 -1611.4525146484375 0.6089436542674768 0.6385303940959269 0.6943175570871025
v -582.8895263671875 -37.9128303527832 2016.1055908203125 0.5353496898456936 0.556495532026657 0.598908796425133
v -1060.44091796875 -31.00242042541504 408.13067626953125 0.5127466211273338 0.5096908887092675 0.515272053434096
v 934.4000854492188 -24.71280860900879 -535.2664794921875 0.8584711173835042 0.8515240797074879 0.857218097692835
v 2029.68017578125 20.584077835083008 2171.630126953125 0.47333733339324596 0.5179501935625362 0.5898762122516461
v -1784.533935546875 -48.23365020751953 1480.9927978515625 0.629454683463851 0.6615491948012534 0.7212457908243961
v 2345.084228515625 -31.512895584106445 -730.353759765625 0.5059930254002233 0.5363729168450521 0.5908176920843569
v -363.6523742675781 -30.114978790283203 1985.653076171875 0.7078245097793521 0.7322122617595541 0.7828521096101838
v -1281.0704345703125 46.70117950439453 -941.649169921875 0.659651504331924 0.6687519818389162 0.6959957614415649
v 1338.237548828125 8.159496307373047 189.56764221191406 0.7211717678387651 0.7234657511459968 0.7413722112351099
v -1258.3817138671875 74.50791931152344 -955.0316772460938 0.49592808445080344 0.5027068818742723 0.5233504121258566
v 820.384033203125 13.392098426818848 1557.2890625 0.537680122239542 0.5495957716312644 0.5787270157063519
v -574.1442260742188 2.964219093322754 703.9068603515625 0.6660406407185309 0.6561362871474641 0.6533659290053007
v 728.536865234375 -24.84231948852539 1658.8199462890625 0.8632378879828937 0.8838115934173042 0.9320582695102663
v 1191.8701171875 -7.124367713928223 -1881.90478515625 0.5501322701997188 0.5756746355168567 0.6245549201134393
v 1357.5087890625 34.836151123046875 289.0179443359375 0.6174566771873354 0.6204207590724496 0.637458937804861
v 2582.995361328125 -22.990039825439453 1103.027587890625 0.49440370762422853 0.5352159324866562 0.6029866079123951
v -2628.360107421875 -16.984464645385742 -555.4656982421875 0.5132507003303044 0.5513517063781419 0.6161626277630039
v -848.4242553710938 31.62071418762207 595.3955078125 0.5264435929083764 0.5211543632121065 0.5233657605462833
v -24.925230026245117 17.975252151489258 -608.9259033203125 0.5465851955735187 0.5321319326679715 0.5193225782969685
v 2593.69091796875 36.617576599121094 -194.82273864746094 0.7903452369772446 0.8428898682963699 0.933907872263534
v -222.49444580078125 40.812171936035156 -173.76304626464844 0.5444477818018867 0.5237660617366117 0.49989293306045396
v 2671.360107421875 -6.933276653289795 322.33502197265625 0.4788878885773841 0.5148189211764191 0.5758844492338058
v 967.5824584960938 -14.871086120605469 -480.9165344238281 0.9039394109468489 0.8967767482315112 0.9029656620112784
v 1781.0377197265625 -20.74729347229004 -1473.4609375 0.46341015162962057 0.4875172838064466 0.53245631368171
v -178.41249084472656 105.01643371582031 -517.2504272460938 0.5286993510062977 0.5134763526567072 0.4989630293240415
v -1335.79931640625 -34.5894775390625 -768.6940307617188 0.5448968109783907 0.5513066159367928 0.5723078151299592
v 1276.4412841796875 -12.87975025177002 1012.3999633789062 0.7614143493225781 0.7731745258712979 0.8063574289530281
v 2180.630859375 -69.43338775634766 -977.3473510742188 0.7440080687363161 0.784431772512686 0.8581429185863152
v -2485.66015625 -46.16800308227539 337.8883056640625 0.6560959605685216 0.6966323283963344 0.7683531984244771
v -416.01470947265625 15.83568000793457 751.3526000976562 0.6314009348550786 0.6207674650137549 0.6161205028424908
v -1815.8729248046875 -23.735271453857422 1450.510986328125 0.7389199506800727 0.7763557837820025 0.8458845002403931
v 238.66026306152344 -63.94721984863281 281.5691833496094 0.5861266062271813 0.5657410798256863 0.5433263315939629
v -1881.6280517578125 -20.237577438354492 1429.9925537109375 0.5136126238472701 0.541591171732827 0.5929777486342296
v 2646.60009765625 -30.309688568115234 126.8163833618164 0.5935959029413587 0.6357074315825861 0.707891957861839
v 1151.80517578125 50.782470703125 -356.1741027832031 0.7483003411103049 0.7460945551304953 0.7573881514709476
v -1174.4451904296875 -4.8057332038879395 233.99705505371094 0.5144691434557497 0.512728982132721 0.5204533205462556
v 1128.177490234375 47.29464340209961 -266.05914306640625 0.5244481788100561 0.5218300538737235 0.5283317418868105
v 437.4314880371094 -47.23933792114258 -1956.8360595703125 0.615860193851857 0.6368763438719277 0.6807951211567832
v 1352.6885986328125 16.357934951782227 113.26404571533203 0.755132271479566 0.7577145102527619 0.7766983083564099
v 2434.511962890625 -34.272987365722656 1415.3309326171875 0.44935104382768193 0.48704126747075155 0.5495406996525792
v 1379.4295654296875 70.78569793701172 488.22216796875 0.6978801134928126 0.703498698626625 0.7261373066357173
v -1011.6414794921875 -23.828401565551758 441.088134765625 0.7918079705508739 0.7862124863053913 0.79286072850662
v -752.1685791015625 20.647350311279297 1941.99755859375 0.46768179884086 0.485995213183641 0.5229698777117029
v -532.8740234375 26.56035804748535 717.332275390625 0.5106255037331218 0.5025587384170909 0.499890920092851
v 51.87132263183594 -25.416507720947266 1899.1143798828125 0.4814302299809187 0.4955970909960688 0.526917101144235
v 260.14447021484375 118.14515686035156 215.16036987304688 0.957581511212653 0.924384506994912 0.8871907200769193
v 616.7181396484375 -8.844683647155762 1684.55712890625 0.48902995567196056 0.5007840759887039 0.5287289791519335
v -810.7620849609375 -85.12393951416016 666.7418212890625 0.7586731897732849 0.5792632096519321 0.6249836592872157
v 1161.87939453125 -42.66590881347656 -344.3338928222656 0.566912026089788 0.5653525469711493 0.5743325586169643
v -980.6354370117188 -48.25038146972656 540.014404296875 0.5525787817312245 0.5489253182171059 0.5542794994375285
v -2497.553466796875 10.3867769241333 430.3730163574219 0.5480162061996272 0.5832507386309401 0.6452120286600893
v 1005.62109375 -16.157007217407227 -1921.9119873046875 0.6295320322741699 0.6564212811198015 0.7089271973434418
v -222.25547790527344 16.59840965270996 -238.69969177246094 0.7135389908108385 0.6880684169776923 0.6593457450595089
v 2671.793701171875 41.86655807495117 278.2947692871094 0.7771916747754517 0.8329818055650942 0.9278857364898148
v -1801.945068359375 -35.31936264038086 1523.5028076171875 0.7127729209629199 0.5434836769041604 0.586624992969094
v -325.2998352050781 -4.3231377601623535 745.7039794921875 0.8388035431688743 0.8235392013098598 0.8151079894457784
v 1077.49560546875 35.430419921875 1280.86181640625 0.4807933395901542 0.48953947020198757 0.5128604217665681
v 2002.1884765625 3.913484811782837 -1301.111328125 0.552541308171149 0.5832195748851569 0.639187857356669
v 898.9275512695312 5.6312665939331055 1468.656005859375 0.851324111075529 0.8680183165353127 0.9103010452117789
v 2016.98291015625 -20.09503746032715 -1236.9102783203125 0.4558396573192512 0.48104798287405776 0.5273119871290199
v 1215.604248046875 39.085906982421875 -247.0740509033203 0.8518401575737027 0.8505668396889102 0.8652540463515445
v 203.66651916503906 -171.3934783935547 461.1369934082031 0.9058034467725763 0.8793973211149899 0.8531474981869385
v 314.7380065917969 55.5041618347168 1855.497314453125 0.5587609308621141 0.5744679859311642 0.6095738475920601
v -123.20436096191406 26.015865325927734 662.3251342773438 0.6675491374841045 0.65174394037563 0.6390375418733202
v -612.3917846679688 -5.503444671630859 1976.875732421875 0.4670444847331768 0.48500701562144727 0.5214716544293275
v 1770.4783935546875 -95.71866607666016 -1500.61572265625 0.6509799933899318 0.6841512836878006 0.7458174337906208
v -2521.40234375 0.5519788861274719 136.9357452392578 0.5465012862871926 0.5813398812591034 0.642737725561106
v 248.24351501464844 12.819003105163574 312.50189208984375 0.7078039024156562 0.6842718031011841 0.658891820996661
v -2164.2421875 57.6871452331543 1002.0346069335938 0.788899366139368 0.8313851658730285 0.9089545970615945
v -1110.4127197265625 49.65275192260742 -1158.487548828125 0.5035064616293883 0.5109689464933167 0.5327902790045722
v -2310.283935546875 28.637208938598633 825.0513916015625 0.6402313698322173 0.6777681822022921 0.7450899295790147
v 2497.37060546875 -58.17115020751953 -402.81549072265625 0.4676644109633407 0.49806762877948046 0.5515918157018919
v 1350.14306640625 -21.22081756591797 444.01611328125 0.5584025813958796 0.561931196485025 0.578754531711738
v 227.11154174804688 -25.044475555419922 278.1195068359375 0.7276743214102988 0.7025411275773745 0.6747359269689925
v -83.39396667480469 60.06775665283203 1956.5682373046875 0.8238369072325716 0.8494325828900119 0.904191044208161
v 2570.685546875 13.515006065368652 -189.90597534179688 0.7576140768549292 0.8070577502992388 0.8931489709242257
v -1008.1373901367188 0.7414926290512085 1929.6990966796875 0.5842394057953882 0.6096058469223476 0.6589954736214346
v -1323.43505859375 4.716160297393799 -725.79150390625 0.4871462066383356 0.4922217180356015 0.5101053019671019
v -1430.262451171875 3.051654100418091 1702.6298828125 0.6698941698926669 0.7003476280803994 0.7587022867970177
v 874.280029296875 31.96568489074707 -1939.6064453125 0.47984270919845445 0.4997547392235668 0.5392420845463178
v 1333.8431396484375 -40.59939193725586 253.50436401367188 0.4999919745437163 0.5017675419382122 0.514782921907815
v 130.9143829345703 -141.85903930664062 505.8918762207031 0.5433340987989101 0.5272486276322313 0.5115307915853821
v 366.3243103027344 -42.322845458984375 1865.7080078125 0.6630984576203438 0.682112967768493 0.724112138163417
v -627.3637084960938 24.059789657592773 706.352294921875 0.5737973890211909 0.5659789665709213 0.5649209280029551
v -216.00543212890625 12.51555061340332 -390.58111572265625 0.5283038574234472 0.5111865734727306 0.4933360922376882
v 2614.53662109375 3.4832866191864014 539.6558837890625 0.6413233214289584 0.6873357707553545 0.7658763271998638
v 1350.070068359375 -35.175514221191406 202.30787658691406 0.4915889948762325 0.4934995355418767 0.5065707831907762
v -788.69580078125 -41.791603088378906 -1570.235107421875 0.510159989184776 0.521447655384209 0.5491157694294525
v 981.286865234375 47.03452682495117 1363.378173828125 0.6579027120142431 0.6697251486836541 0.7010321283669132
v 1793.739990234375 4.463840961456299 2353.847900390625 0.43593004395116025 0.4769767977628429 0.5433030581160304
v -841.461669921875 -1.0845295190811157 1969.5423583984375 0.6130505522296631 0.6383889560093763 0.6883665564731019
v 2625.629150390625 22.385147094726562 728.2991333007812 0.673737153137777 0.7242308219886808 0.8094565716845756
v -2511.47705078125 -89.69398498535156 326.2590026855469 0.4699578685883881 0.5005796278930406 0.5544515699814002
v 1930.6844482421875 26.386659622192383 -1341.96923828125 0.47000840595189647 0.4955084533421011 0.5425017122628085
v -2606.594482421875 -24.092681884765625 185.42379760742188 0.6402419632373577 0.48694535478445217 0.5260111300051388
v 2279.37939453125 -13.10701847076416 -864.3612060546875 0.5789182828610181 0.6126179059100327 0.6732951445677121
v 567.5516357421875 -4.793198585510254 -760.7931518554688 0.8986869344270474 0.8869810982483017 0.8856281299920529
v 232.87364196777344 116.0743408203125 160.20094299316406 0.6080647531459239 0.5851953030228162 0.5588015372559267
v 668.4494018554688 -49.56322479248047 1666.666015625 0.8351147307842549 0.854418600074035 0.9002471694381244
v -603.4171752929688 17.64842987060547 698.7243041992188 0.7299314135784737 0.7195657925124922 0.7172413911833789
v -284.4358825683594 -12.963127136230469 1983.4368896484375 0.47219704080400043 0.48867755732085943 0.523141100015415
v -230.0330810546875 -28.057086944580078 739.5908813476562 0.5395204177624243 0.5285621640002663 0.5215948488799325
v -2622.556884765625 -41.479061126708984 -843.3637084960938 0.7458188212729516 0.5692431481401421 0.6142413033365155
v 2344.14013671875 38.264747619628906 -799.2908935546875 0.6009640255531555 0.6372153717904276 0.701852322549934
v -2191.355224609375 -5.778741836547852 -1956.413330078125 0.43704454110585855 0.47750704931372895 0.5431382815793891
v -997.8512573242188 46.52676773071289 -1345.2479248046875 0.7154934209105895 0.7281085260740171 0.7617016008342992
v -1435.0806884765625 -75.279052734375 1728.8018798828125 0.5550856182227761 0.581431599714079 0.6315343518290442
v -488.7640380859375 -28.28487777709961 751.686279296875 0.8778810051478046 0.8646765912139933 0.8604432126593322
v -73.1026611328125 29.6068115234375 -597.6188354492188 0.6273024242850677 0.6107431117157758 0.5959262133343244
v 2395.479248046875 -12.524553298950195 -737.91357421875 0.5511569446043357 0.5856459289982732 0.6466958219229589
v -108.15613555908203 90.44954681396484 -589.9288330078125 0.6883711761467421 0.6702727384839602 0.6540309077057257
v -1271.9505615234375 24.857208251953125 -922.7470703125 0.9998236742603338 0.7672414942880428 0.8265122565339843
v -505.0549011230469 25.710453033447266 2018.6617431640625 0.46521341275343636 0.483397763617843 0.5201376316882916
v -1290.088134765625 -25.74534034729004 -849.3079223632812 0.6651340841524941 0.6729300740603744 0.6982951961092267
v 1096.036865234375 0.4056984484195709 1210.7034912109375 0.5178697637433688 0.5262182571097728 0.5496476665446087
v -1279.3104248046875 -48.399757385253906 -716.360107421875 0.6964131446606511 0.702111331782995 0.724845342332377
v 1237.49365234375 -15.970793724060059 -257.3017272949219 0.516793412132835 0.5165118360226587 0.5265995438992358
v 2503.127197265625 7.962079048156738 -328.34747314453125 0.7442849479991236 0.7905549311924224 0.8721093078988252
v -983.3106689453125 24.311681747436523 1887.9273681640625 0.515794746654955 0.5370764096176109 0.579261820745507
v 68.82882690429688 161.98968505859375 595.3633422851562 0.5367948910643192 0.5223783033938264 0.5094335234099561
v -1505.61083984375 -52.188541412353516 1671.10009765625 0.4962738655345527 0.5201500525501932 0.5655195355545145
v -425.6016845703125 -9.670584678649902 -1859.63916015625 0.5301090420828077 0.5457743551141471 0.580245088991619
v -2233.58935546875 -21.756385803222656 -1894.469482421875 0.4526261467348583 0.49408901170186753 0.5614471335983942
v -31.84419059753418 15.034750938415527 -1984.1649169921875 0.5327769528282021 0.5506151343372961 0.5882714172156491
v -463.00543212890625 -33.2974739074707 1999.3992919921875 0.5289348328773468 0.5485420445350114 0.5886421612539334
v -6.620776653289795 43.0077018737793 -1944.9107666015625 0.7033287349280144 0.7249394945895391 0.7715050632196603
v -1661.4796142578125 51.57697677612305 1568.2598876953125 0.5616769797760623 0.5895012644284618 0.6417896710956971
v -455.3951721191406 -2.5722672939300537 732.614990234375 0.6209483720368627 0.6105669478983147 0.6061415063447375
v 784.0260620117188 -39.03335189819336 -660.0975341796875 0.71925257929992 0.711879851938006 0.7142857076197299
v -874.98828125 11.667019844055176 -1524.648681640625 0.7062233122917683 0.7214506160945654 0.758752373986652
v 1046.7923583984375 -27.315824508666992 1288.205322265625 0.7722154687738109 0.7852218472624743 0.8204828357830182
v 26.935087203979492 -79.31068420410156 664.3548583984375 0.7348264086919971 0.7173157393664829 0.7030247551968236
v 887.8812866210938 22.093090057373047 -598.0269165039062 0.8166441030367546 0.8098096097606047 0.8149088346497723
v -1247.884033203125 21.941938400268555 183.49594116210938 0.7691506422095221 0.7686596336115396 0.7830645779370095
v 1324.6876220703125 36.713470458984375 715.1517333984375 0.4865547015741151 0.4915353073284657 0.5092624739639077
v -1137.8282470703125 -10.925982475280762 -1215.3509521484375 0.5830919057302055 0.5932611404961189 0.6206651417655086
v 1000.7981567382812 -15.650529861450195 -489.3695983886719 0.9280423808499375 0.9219300559299796 0.9302679872388527
v 249.95773315429688 43.08145523071289 272.2433166503906 0.6745902539846766 0.6514029202745517 0.6259151231642731
v 752.6567993164062 89.08079528808594 -665.4593505859375 0.7353790072670552 0.7272672405030733 0.7287639186089869
v -1264.2088623046875 -17.671077728271484 -814.083740234375 0.7415975322425035 0.7488658566744099 0.7748528935893941
v -1055.0989990234375 -27.561376571655273 1907.3988037109375 0.545936709131408 0.5698609513300397 0.616399662570839
v -24.293724060058594 -32.95819854736328 -1930.950439453125 0.7078030566513464 0.7290511027347194 0.7751841567930747
v 331.3321228027344 16.080730438232422 -710.956787109375 0.5118507100022089 0.5015951892781951 0.49527820167306363
v -436.83392333984375 -4.089751243591309 732.0413818359375 0.8916806111598725 0.8768029186870833 0.870038711935259
v 928.17578125 -27.08476448059082 1456.1036376953125 0.6231783456425116 0.6358144700609888 0.6676679661040009
v -1378.1065673828125 50.432064056396484 -305.9036865234375 0.5015922549008939 0.5045772752307723 0.5195062307199922
v -1542.3177490234375 26.522846221923828 -2572.150146484375 0.6786991669264952 0.741903332074929 0.8433389814188937
v 1008.0845336914062 19.077877044677734 -1912.6480712890625 0.5371134960141942 0.4065560946554729 0.439827072721339
v -2254.331787109375 -40.48152542114258 -1782.30859375 0.7529920036033086 0.8162231475525173 0.9199615075152072
v -1342.26806640625 4.879349708557129 -158.48544311523438 0.8545639906420701 0.8572520442518134 0.878235583244347
v -2596.774169921875 -29.20030403137207 81.4782943725586 0.6343005715380624 0.6770311337749584 0.7510972420094095
v -1059.8695068359375 -33.03042984008789 407.8058166503906 0.7669015407013577 0.7624577771159049 0.7705049494741117
v -2081.998046875 55.07689666748047 -2088.986572265625 0.46299309147946716 0.5059722970502463 0.575542937255645
v 1321.7252197265625 -3.1907200813293457 -1806.16015625 0.6223956549249863 0.6513492582611456 0.7065663621183143
v 1129.1480712890625 6.292699337005615 1258.0159912109375 0.800936344160852 0.8155260309235504 0.8537050437665964
v -680.0123901367188 -11.837387084960938 665.1884765625 0.5064819162122319 0.49963238618397504 0.49890569035235816
v 1162.6717529296875 55.14188766479492 1214.4776611328125 0.8873828774508209 0.9030721489606863 0.9445482723652097
v -699.3252563476562 5.794334888458252 675.98583984375 0.6772007696185801 0.6688338390959045 0.6688189427946989
v 1204.1976318359375 0.5221744179725647 -228.1978759765625 0.8452487788062105 0.6467494031810261 0.6973345627049002
v 2642.272705078125 -20.528221130371094 104.93448638916016 0.5038968112047285 0.5400152335274694 0.6019961110927927
v 333.50030517578125 1.0058314800262451 -757.4833374023438 0.5281233666282099 0.5184514802898554 0.5134331347878969
v -529.5138549804688 -39.70579147338867 708.6271362304688 0.6327872496578704 0.6227588384342819 0.6191491898949462
v 18.49333953857422 -138.99151611328125 -670.1781616210938 0.7734969900656199 0.7552834097664367 0.7405578727872036
v 2615.261474609375 -26.235105514526367 37.67389678955078 0.9023708775987245 0.6912764498732056 0.7450712901623499
v 494.54833984375 42.26131820678711 -734.009765625 0.6714613467569499 0.6608808756677288 0.6570879252204623
v -136.09666442871094 106.6933822631836 721.2914428710938 0.520245608645666 0.508841461180628 0.5007401609137334
v 656.322998046875 2.825396776199341 1672.76025390625 0.522848341155157 0.5354109497509735 0.5652074896505156
v -685.5904541015625 39.077213287353516 706.1781616210938 0.5788133017952426 0.5718373793648698 0.5722636259427288
v 1407.8502197265625 -18.4423828125 377.17474365234375 0.788965226274686 0.7950639459649447 0.8201337352566412
v -1386.9326171875 64.75657653808594 -573.943115234375 0.48671918436883715 0.4916025636298719 0.5091837819405914
v 1245.5841064453125 29.027429580688477 -56.06005859375 0.49562255190382115 0.4949855176953613 0.5041195761949379
v 1187.64111328125 59.805870056152344 -1830.65234375 0.5925792398427355 0.618437180545804 0.6686950493238956
v -624.1654663085938 -3.2893338203430176 1947.5765380859375 0.7788019196515091 0.8065127343355528 0.8633650061254369
v -234.7452392578125 -19.23491668701172 738.8497924804688 0.9532671156228715 0.9347072075008713 0.922932748562952
v 1337.13525390625 -21.768463134765625 175.1042022705078 0.8463277371747354 0.8488824697825602 0.8695054383184193
v 2595.42431640625 -36.73432540893555 58.61191940307617 0.6096242599454659 0.6507513769890935 0.7220691007444034
v -178.302490234375 71.54438781738281 -111.80882263183594 0.7185679541377019 0.6901771260070234 0.6562768589567022
v -559.7018432617188 20.812320709228516 -1794.0247802734375 0.5898886600241001 0.6063127474628901 0.6430833082407821
v 760.8325805664062 10.385290145874023 -661.8233642578125 0.6099539973251004 0.6032205233403742 0.604628986510922
v 176.0218963623047 70.42491912841797 422.39404296875 0.5223965820749247 0.5056612747745033 0.4883604137235786
v 1156.700439453125 -10.43139934539795 -282.05072021484375 0.7188643308842271 0.7162943238731181 0.7264628967186951
v 2479.7841796875 43.34276580810547 -518.7385864257812 0.5853869543426312 0.6227730777596586 0.688531877273446
v -2498.656494140625 50.85224914550781 386.256103515625 0.4846162381203382 0.5159663739097384 0.5711745547689285
v 202.8509979248047 123.01799011230469 144.08494567871094 0.5958302314904272 0.572705538671834 0.5455711171482852
v 519.6695556640625 11.302764892578125 1766.5380859375 0.6148264989029195 0.630729640995405 0.6672360020823992
v 1364.6217041015625 71.23375701904297 -1786.17041015625 0.721356374067719 0.7549210819422555 0.8187317973684752
v -2659.978271484375 -82.85401916503906 -298.85626220703125 0.7009842729219448 0.7512477604638376 0.8369188028636267
v -1126.54931640625 45.358821868896484 398.0803527832031 0.6072454453902519 0.6051530108078917 0.6140258282532065
v -1286.505615234375 -39.85318374633789 1770.859619140625 0.7431094409450602 0.7752446197522851 0.8375563882599012
v -502.4328918457031 1.8620367050170898 -1772.89892578125 0.6428891226923777 0.6595005578795902 0.697597769220012
v -2377.2666015625 -5.341807842254639 -1532.64208984375 0.4676573715318713 0.5071106730796263 0.5723809387972633
v 1202.7313232421875 -3.443387031555176 -1841.4884033203125 0.4616450531298634 0.48272174602959456 0.523440306247755
v 1088.6431884765625 4.710338115692139 -419.2528991699219 0.8293590836887923 0.6343633028757234 0.6840556202769661
v 1651.3641357421875 24.484724044799805 -1561.5946044921875 0.620778879090945 0.650856477064072 0.7075878185256828
v 1347.0755615234375 -24.712703704833984 642.1475219726562 0.4990935768570754 0.5038895254541467 0.5215671634852156
v 2388.608154296875 -25.992353439331055 1583.60302734375 0.6343748308804878 0.6879877133801923 0.7760730009696709
v -2623.18701171875 39.60332107543945 -738.0703125 0.49621392394526825 0.534416106474228 0.5988921094699065
v 602.0841674804688 41.965999603271484 -1984.4703369140625 0.7858278239321871 0.8149312140050282 0.873906506927195
v 394.8942565917969 -54.62643051147461 -749.7506103515625 0.5150610421433689 0.5060002729329368 0.5017563864047636
v -1267.645263671875 33.87614059448242 198.4835968017578 0.5125270225675571 0.5126710066630878 0.523353223512853
v -2631.852783203125 -26.6042537689209 32.24532699584961 0.4570959827683085 0.48982964925999356 0.5461498801814989
v 2322.181640625 -53.61925506591797 1672.368408203125 0.5829401710049197 0.6323894146577266 0.7136958641583974
v -2308.560546875 41.84722900390625 -1646.0462646484375 0.45180892277719237 0.49027552832263127 0.5538328325249372
v -1169.2440185546875 81.87667083740234 313.9714660644531 0.9161785214440744 0.913699827830359 0.9276537576393983
v -2011.2161865234375 -74.81928253173828 1250.170654296875 0.47293207655903463 0.49904108220412596 0.5469307567297712
v -1155.3089599609375 60.526390075683594 299.1462097167969 0.5191152453217402 0.5172704388534994 0.5249131901307641
v 1219.2120361328125 -12.004349708557129 -228.6727294921875 0.6814080292065711 0.6803743714357556 0.6923017799830031
v 1239.9080810546875 0.8456032872200012 -1828.733642578125 0.6069633813056226 0.6342997395037504 0.68693182910425
v 333.2738952636719 -12.602691650390625 -729.1339721679688 0.5464024553982378 0.5358830862032434 0.529791051230804
v 2241.964111328125 -10.125810623168945 1863.5675048828125 0.44229851068250775 0.4824986903940586 0.5479612188360662
v 1347.089599609375 -57.24403381347656 62.16596984863281 0.6088512744140391 0.6107321548669759 0.6259203225386525
v -1038.4617919921875 25.70504379272461 481.9154357910156 0.5620110446388485 0.5588895887528492 0.5652762214367085
v 771.6289672851562 -34.93051528930664 1588.0880126953125 0.6356909802979535 0.6497442953315137 0.6839401197768
v -1194.4024658203125 -8.008759498596191 272.8325500488281 0.7095802244619411 0.7080552837673967 0.7197204957646395
v -224.7326202392578 51.272518157958984 -205.3452911376953 0.757437710004969 0.7299633804653689 0.6986116483669639
v -1303.6956787109375 4.100689888000488 3.8938331604003906 0.773919581418918 0.7747996146715219 0.7914582842807271
v -735.6979370117188 44.11723327636719 1972.252685546875 0.7556205417577074 0.7849060287491064 0.8434966314992369
v 2299.088134765625 -7.035581588745117 -892.7134399414062 0.4806299750395951 0.5099303598502066 0.5623075167316113
v -2418.96728515625 16.292951583862305 -1511.610107421875 0.6661624952806816 0.7216527105394448 0.8130474289513223
v -1294.79443359375 13.494712829589844 -793.6575317382812 0.8288348710037672 0.8374498592172225 0.8671258735462455
v -189.9179229736328 87.16180419921875 -104.84630584716797 0.6850981429495513 0.6580814275083767 0.6259139381827998
v -254.04052734375 -27.14246368408203 -1869.1220703125 0.5021068988501756 0.5164739770389418 0.5484990939100356
v 61.233238220214844 76.64544677734375 -708.3343505859375 0.6292204978697074 0.6151180370716207 0.6045650924165581
v 2207.5517578125 -42.00502014160156 -1004.5288696289062 0.46883480517153747 0.4963336355059527 0.5460048305466829
v 19.0716552734375 -8.377594947814941 1938.7037353515625 0.7798542893754842 0.8034078179722858 0.8543292467799514
v 243.3739776611328 89.31329345703125 287.3470764160156 0.8404045117476725 0.8121440375609943 0.7812150143234056
v 755.8305053710938 -27.831104278564453 1606.5894775390625 0.6067432972408142 0.6204978970168088 0.6536892779964802
v 837.7454833984375 -49.29813766479492 -1941.70849609375 0.6182237062770991 0.6428648938300366 0.6919745047638481
v -2637.251220703125 -21.162883758544922 -571.9140625 0.664002849598521 0.7127192384060478 0.7953815825611382
v -1398.6220703125 -5.731136322021484 -507.8457336425781 0.7303924283805879 0.7370500445413488 0.7618915239418225
v -2127.62646484375 -48.21892166137695 -1942.264404296875 0.44890879069162665 0.4885623738585157 0.5535357995920763
v 2508.810302734375 49.85385513305664 -361.4141845703125 0.45043093710821086 0.4799732079555384 0.5319202335803282
v 969.0962524414062 42.570159912109375 1413.1358642578125 0.5847216686354976 0.5962693293450275 0.6257634462530837
v -713.859375 -10.496395111083984 693.6970825195312 0.5048982530407724 0.49896299704092245 0.49971299778582584
v -205.63848876953125 144.59866333007812 -461.4698791503906 0.6146734970854094 0.5962925705098377 0.5780387318966549
v 1031.495361328125 69.55329895019531 -1890.216064453125 0.5440235423570495 0.5670861957837338 0.6123794111790408
v 1393.566162109375 26.355852127075195 529.8995361328125 0.8876374989002628 0.8957424600489025 0.9257331178609153
v 2601.34716796875 22.738075256347656 48.82418441772461 0.8096757642995983 0.8634614022092778 0.9566125458631797
v -2570.87255859375 5.647726535797119 226.59613037109375 0.4873165578344591 0.5204097784766193 0.5779909769657551
v -1008.7432250976562 -41.6465950012207 456.8175964355469 0.5050691525861184 0.5014467275126973 0.5059705524577138
v 551.6847534179688 -11.240928649902344 1743.7093505859375 0.8351931032121102 0.8558257286085128 0.9036067922285806
v -698.4249267578125 39.127681732177734 683.7523193359375 0.7398501809638629 0.7309047045275252 0.7311148160701966
v -212.73480224609375 -75.07525634765625 -375.4643249511719 0.9324031614560019 0.9029606836183091 0.8719172252551364
v -1123.493896484375 31.48787498474121 -1178.137939453125 0.756910442512481 0.7685630281368102 0.8014985066924721
v -2628.440185546875 -40.4327392578125 -12.133783340454102 0.4515627735010765 0.4838392643706895 0.5394156290999348
v -451.05133056640625 -41.00505828857422 -1831.777587890625 0.52672097953401 0.5417278055626437 0.5751750767553468
v -1398.73974609375 52.43710708618164 1725.2135009765625 0.5298205122020749 0.5543112857718883 0.6012816639314564
v 2618.196044921875 -24.975662231445312 -114.0951156616211 0.44843733515409373 0.4802915037367948 0.5352329184937982
v -2447.801025390625 56.30472946166992 -1539.378173828125 0.5956238523613511 0.6472568774741632 0.7316944206756234
v -121.49352264404297 111.58479309082031 737.115234375 0.8655986462647216 0.8477592615707575 0.8354938068110679
v 1282.6151123046875 30.62937355041504 -70.1406478881836 0.8132928855480515 0.8135621186230757 0.8299827600454605
v -701.84375 2.7228763103485107 664.9111328125 0.512933413259695 0.5063236300572727 0.506114313124471
v -2645.511962890625 6.2254228591918945 -502.3022766113281 0.7790042551859393 0.8352321861055519 0.9307528234645261
v -707.8548583984375 -5.041188716888428 -1675.10009765625 0.7373047874730375 0.7552979300072246 0.7972815926376253
v 929.654541015625 -4.304927825927734 1434.7510986328125 0.6295572604158334 0.6417977259424312 0.6731853927527957
v 1137.9871826171875 -31.119125366210938 -1844.1678466796875 0.4984506874146241 0.5201335576863215 0.5625049986380096
v -2487.5419921875 -28.55948257446289 408.0894470214844 0.4646047657197015 0.49457601038587345 0.5474497121531323
v 1928.7349853515625 78.56452178955078 -1341.6202392578125 0.7700836776035614 0.8100808460179084 0.8838278513488773
v -103.77949523925781 11.481061935424805 -527.5451049804688 0.5205169494826614 0.5053284389361472 0.4907061111732666
v 278.9066162109375 62.94544219970703 -2011.3505859375 0.46952685829905766 0.48659402122146694 0.5218391292166616
v -1135.276611328125 -62.66302490234375 1876.3419189453125 0.692730028742282 0.7229942232098695 0.7815919543289692
v 2533.382080078125 38.83625793457031 -192.7274627685547 0.6263244944719968 0.6663739761838137 0.7366988121102126
v -109.19975280761719 98.68441772460938 -587.9523315429688 0.6224471478679728 0.605914306894998 0.5910445755524388
v 343.652099609375 -25.825332641601562 -2031.4937744140625 0.7080252206287273 0.5397828170056116 0.5826573613789356
v 976.1594848632812 16.943405151367188 -503.31591796875 0.7979132602774341 0.7921071896484371 0.7985276708252884
v -184.24107360839844 44.033599853515625 -1935.0924072265625 0.7023792180465068 0.7239248798312989 0.7703772805770737
v 673.0322265625 -17.716928482055664 1671.0477294921875 0.500952637125137 0.513153228195673 0.5419884405448256
v -523.6876831054688 47.12895965576172 740.3330688476562 0.740011631948865 0.7290477083733217 0.7259208662494966
v 1350.2462158203125 16.3994083404541 568.7750244140625 0.679124047285777 0.6846589345993491 0.706820299243825
v 2539.333740234375 -41.656253814697266 1188.7767333984375 0.5727118261005598 0.6191581655035009 0.6963551848153242
v -2664.1171875 25.368675231933594 -176.6851043701172 0.6613559221646713 0.7087053388703404 0.7895226183680485
v -617.1372680664062 -48.72629928588867 -1680.29052734375 0.5531683444617744 0.5662033064123448 0.5972882761035723
v 645.7681884765625 19.184717178344727 1694.7138671875 0.49279116510417426 0.5051097322886534 0.533958145083947
v -332.01739501953125 17.114051818847656 751.7808837890625 0.6700932109055165 0.6579191985483115 0.651431265113331
v 630.8056030273438 -21.894968032836914 1687.1727294921875 0.7655489543103975 0.7835469995702363 0.8260922906516275
v -1375.1319580078125 -39.525508880615234 -448.20703125 0.49449057047018935 0.4982108765695706 0.5141467768457815
v -1035.6973876953125 19.26432991027832 1889.249755859375 0.5522555403182801 0.575670220169583 0.6216349719989384
v 2146.70166015625 12.055288314819336 2053.265625 0.7291979536783899 0.7953203506721428 0.9019597408321194
v 824.498291015625 41.62810134887695 1565.541015625 0.48664651338553705 0.49775756596321935 0.5247077121948726
v -484.7562561035156 -19.333797454833984 750.5840454101562 0.7954058539105772 0.7832750186801042 0.7792596257034802
v 909.781494140625 -24.19407844543457 1486.203369140625 0.4913951816015473 0.5019551676596178 0.5281819367046487
v 2665.839599609375 -44.053165435791016 605.9699096679688 0.9115112086352454 0.6984013935334324 0.7527098501555044
v 1247.76025390625 18.457244873046875 1071.318359375 0.6412165291694899 0.6517043414224727 0.6806924662934151
v -1083.108154296875 -13.522850036621094 -1287.1495361328125 0.6722640922054689 0.6844011729579337 0.716453174911031
v -200.0255584716797 89.03768157958984 -384.3202819824219 0.772244416714527 0.7476228607287478 0.7216949509453024
v 2649.646484375 68.87509155273438 570.0740356445312 0.4406946724195465 0.4746200565945446 0.5320480486763497
v -1544.4344482421875 25.95775032043457 1677.7279052734375 0.5158436267686112 0.5414721633551736 0.5896987753503715
v -268.767333984375 50.08953857421875 763.90869140625 0.704406569732854 0.6913380040339953 0.6840070381013277
v 18.21176528930664 14.01941204071045 1942.08251953125 0.7790708841354402 0.8027331483025106 0.8537954515824835
v 1040.283203125 80.53631591796875 -1911.486328125 0.5736462091332654 0.5985627528179056 0.647092711286589
v 690.3160400390625 -53.5462532043457 -681.0408935546875 0.8906066563455063 0.8797013693308812 0.879517739902278
v -391.0575256347656 18.117534637451172 782.7490844726562 0.834265508834766 0.820996722929943 0.8158245285366379
v -2186.196533203125 -34.86658477783203 1051.517333984375 0.7959699869581263 0.8406679739145178 0.9213940486412492
v 2417.41943359375 -4.364779949188232 1562.5672607421875 0.6702635289136706 0.727229821955097 0.8206105648751568
v 1076.3968505859375 10.397747993469238 1179.0731201171875 0.8444561656311754 0.8561610477486652 0.8908299614740796
v -1236.3173828125 -5.21586799621582 -1000.8259887695312 0.5859076526896156 0.5940885815654237 0.6185506837402914
v 728.2484741210938 29.534278869628906 1626.00146484375 0.47826935217036387 0.48949917477417476 0.5164613978076011
v -1363.1103515625 -28.089569091796875 -253.22149658203125 0.547378345524284 0.5499971735712971 0.565203162553374
v -2621.215087890625 -78.49687957763672 -837.207763671875 0.5930857772592393 0.6390199765892142 0.7161378853729853
v -1114.38818359375 -27.821880340576172 -1213.3177490234375 0.5134472091234811 0.5220798045243461 0.5458525001533245
v -205.26812744140625 -79.37753295898438 -344.5309753417969 0.7681307958093905 0.742788324976235 0.7154913258113228
v 2641.04833984375 -47.18174362182617 104.58543395996094 0.8270494448560536 0.8839889285669001 0.9817254256085436
v 877.395751953125 5.245655059814453 1533.0528564453125 0.5008775460581484 0.5122062795130917 0.5397547898817491
v 1004.0400390625 10.872360229492188 -1919.5767822265625 0.5426035087063875 0.5659949788871728 0.6117170627440474
v 1304.5191650390625 -13.892892837524414 -51.699913024902344 0.9194321241615158 0.9205371812533537 0.9402312887632841
v -986.2325439453125 29.40581512451172 504.59210205078125 0.5162941530046733 0.5126089822939569 0.5172394523490199
v 146.78550720214844 11.93283462524414 -681.066162109375 0.9086821896544606 0.888352556342525 0.8726910251536932
v -1172.266845703125 -23.315336227416992 -1080.306640625 0.5261073925816937 0.5336110660936831 0.5559210168075234
v 230.2139129638672 23.019330978393555 -772.9771118164062 0.5109684609024367 0.5011641489419871 0.4955916860388477
v 2582.628662109375 38.40494155883789 748.0067138671875 0.6840995840466969 0.7337570452961992 0.8181850062331825
v -2550.38916015625 -50.29898452758789 -1024.349609375 0.7243222755702761 0.7794078105470292 0.8719488503428925
v 1787.9063720703125 -8.137532234191895 -1453.1265869140625 0.5852482649111823 0.614770125084889 0.6699270902569977
v 1324.87060546875 -34.28226089477539 97.3067855834961 0.642878492044356 0.6443000286172199 0.6593954702601563
v -111.96086120605469 -87.22803497314453 723.7484130859375 0.5132844681783544 0.5019860215254963 0.4939277923527227
v -2092.38427734375 19.484817504882812 1115.097900390625 0.7571932003114897 0.7974831111326082 0.8713252401500599
v 2433.42041015625 -58.52737808227539 1512.906494140625 0.49962150888744344 0.54273778712778 0.6135836452533253
v -2517.473388671875 4.244986057281494 -1232.6141357421875 0.6218657923785413 0.6719171870886711 0.7551184676216851
v -1319.870849609375 -20.153146743774414 -269.08978271484375 0.7082088520795332 0.7103257006887046 0.7277157693026646
v -1831.7030029296875 8.134883880615234 1449.2535400390625 0.501248317714162 0.5278132691699025 0.5769863653078354
v -1070.6015625 68.2774658203125 -1254.963134765625 0.5433730196439804 0.5525156336522176 0.5776232584422503
v 28.572830200195312 -78.76266479492188 -706.6556396484375 0.5153715292492581 0.5035430038168437 0.49462200377091686
v -737.7263793945312 12.236485481262207 662.5613403320312 0.5533381650772293 0.5468049159651273 0.5474809707982049
v 1162.6612548828125 -31.17962646484375 -223.74940490722656 0.5173820109143468 0.515337019983554 0.5226274786856058
v -1167.8582763671875 -18.121456146240234 277.7294006347656 0.6376956789035009 0.6356558476199847 0.6451744465693169
v -1971.3883056640625 14.913199424743652 1294.554931640625 0.5301721029492718 0.5588146803931276 0.6114928688575179
v 358.27130126953125 -5.835957050323486 -2045.2952880859375 0.5528970205319856 0.5740156461533781 0.616763128442473
v 1314.0303955078125 21.98434829711914 895.7174682617188 0.7599682173266578 0.7703585490469675 0.8014453237799265
v 2417.861572265625 40.409053802490234 -715.1596069335938 0.7937662972990587 0.8427527279847506 0.9291593714724442
v -2259.61181640625 -41.4821662902832 944.4039916992188 0.8192663163740338 0.866273367695153 0.9506685569987056
v 2672.77197265625 -2.894956350326538 412.5225830078125 0.4463215897046234 0.4804604467386396 0.5383184310652144
v -2627.744384765625 26.804340362548828 -621.1808471679688 0.7220747287595004 0.7747989912835039 0.8642325381238707
v 1847.604736328125 15.556487083435059 2341.659912109375 0.5505130809972317 0.41700113634603153 0.4510250485132216
v 1236.348876953125 36.02634048461914 -147.3208770751953 0.7256215232419132 0.7246654928887035 0.7375309078029074
v -28.004011154174805 -138.4259033203125 690.4603271484375 0.5146318454285991 0.5025054521531531 0.49306040544606194
v -2600.35693359375 77.2720718383789 -812.2686767578125 0.7530509600923408 0.8090166013958464 0.9034876524268582
v -1155.87060546875 14.19649887084961 304.3524475097656 0.8983598388968339 0.895364150356466 0.9081638391634261
v -2667.85693359375 -2.8846476078033447 -488.6556091308594 0.5507053122372588 0.5922293053837461 0.66249223779535
v -1333.1123046875 18.60672950744629 -224.4295196533203 0.8853371653858592 0.888126620994842 0.9098364683445138
v -2517.7998046875 36.798553466796875 343.65496826171875 0.44870052572145963 0.47832130974116654 0.5303285329547656
v -311.883544921875 -67.58058166503906 -1865.573486328125 0.5839964443960639 0.4431016170442108 0.4790069555806688
v -1644.9556884765625 32.3471565246582 1570.517578125 0.45784654607560676 0.4807117421583596 0.5238191934345489
v 1777.097900390625 -45.19218063354492 2391.0751953125 0.6374074183223062 0.6961691274432688 0.7907974712234953
v -2148.24072265625 17.750825881958008 -1977.7938232421875 0.5150975905354407 0.5613495565111386 0.6366043577096077
v 862.7881469726562 0.23056432604789734 -1956.609619140625 0.5530437973623192 0.5760052866615835 0.621352168632989
v -2323.8017578125 4.293355941772461 -1679.537353515625 0.5570637335714328 0.6047143589605508 0.6829846541771338
v 2616.4814453125 41.27410888671875 714.1549682617188 0.5356948232142675 0.5761881897304805 0.6447077841020699
v 733.9966430664062 -15.173407554626465 1589.513916015625 0.8563910473584456 0.8743368117841552 0.9185745970257159
v 499.00323486328125 -12.29437255859375 -2026.3692626953125 0.8338619535226645 0.8651920213879356 0.9283341986784818
v 1389.156494140625 17.88704490661621 273.996337890625 0.6999599727154223 0.5334959026520391 0.5759172515524639
v 1522.10791015625 -2.354173421859741 -1687.5548095703125 0.8539972738865522 0.8944454520787021 0.9707423206908065
v 91.72483825683594 -66.32699584960938 1971.8729248046875 0.6103452586925802 0.6302115132373491 0.6723696289273579
v 2253.69873046875 15.88240909576416 1857.5064697265625 0.5286240485366809 0.5759914314200761 0.6530543477555593
v -485.2890625 -42.34025573730469 1984.5711669921875 0.5450830508773524 0.5649658240655281 0.6057960634615907
v -949.6285400390625 32.284400939941406 519.2149047851562 0.8985374728304518 0.8914788160259238 0.8977362136430307
v -7.3040571212768555 -54.885066986083984 -634.0534057617188 0.8426500505933124 0.8218214195186517 0.8039828107869825
v -1333.3175048828125 18.170116424560547 -656.8818359375 0.8707390802586633 0.878524582762292 0.9077102076027436
v 176.947998046875 30.906898498535156 -708.93701171875 0.7976729846352791 0.7806717065730469 0.7684979114690957
v -761.0138549804688 -16.547733306884766 679.3829345703125 0.5251614327267636 0.5195358344861308 0.5211731393165361
v 849.9773559570312 16.185171127319336 -583.490234375 0.5700989904060555 0.5642860218422192 0.5664564739260497
v -171.85653686523438 -24.280729293823242 701.3112182617188 0.62896639774205 0.6151274840437956 0.6050191415949777
v -2639.917236328125 -12.774633407592773 -813.639404296875 0.7526993776312279 0.8104637441787899 0.9072385732785742
v -1189.0584716796875 5.61963415145874 -1139.7142333984375 0.7242313425638482 0.7360528615029989 0.7686224310799492
v -2555.32080078125 12.50436019897461 -1020.060791015625 0.6349865450975858 0.6838794265988634 0.7659689460217582
v 503.4033203125 1.4010287523269653 -1964.4637451171875 0.46726523017024885 0.484192576763016 0.5191913783414652
v 1050.353759765625 26.21763038635254 1370.989013671875 0.48918016940105397 0.4993272089815998 0.5248982926603368
v -1073.1968994140625 12.92944622039795 -1257.686279296875 0.8958086834942786 0.9104897902897099 0.950616218110984
v 941.907958984375 -12.652410507202148 1365.7882080078125 0.5371842481910775 0.5464745883641402 0.5716861889653617
v -1183.020751953125 -35.92551040649414 237.7123260498047 0.7174313474090511 0.7153413936311117 0.7262506124701358
v -2403.677978515625 79.9548110961914 -1451.8255615234375 0.44080219056000963 0.4776162990724741 0.5387542175294592
v 1860.6728515625 -25.648195266723633 -1419.5758056640625 0.4713470277529577 0.49661214988581154 0.54331670933834
v -2537.29541015625 7.373243808746338 296.6141357421875 0.7488277103373311 0.7966979569785716 0.8804874091043903
v -875.7339477539062 -1.7389637231826782 573.1580810546875 0.5186625922791568 0.5136581100343678 0.5161892113131242
v -268.96282958984375 11.418947219848633 1980.231689453125 0.4683294063168075 0.48455738968707635 0.5185798424554422
v 2083.366455078125 -12.440912246704102 2046.6241455078125 0.5943763603591454 0.6470774432079504 0.7328189327492706
v 1206.448974609375 -4.221252918243408 1070.2513427734375 0.4853370971138649 0.49274143060657033 0.5141317164652088
v 1867.9478759765625 18.169172286987305 2325.271240234375 0.7529959621359213 0.8217471740731829 0.9323961474103507
v -14.672714233398438 -115.86293029785156 -590.605224609375 0.7414539305111568 0.721826358383907 0.704014190337508
v -205.7173309326172 21.053028106689453 736.3885498046875 0.8431667852459446 0.8263032523585854 0.8152550066201923
v -2593.801025390625 -12.996676445007324 321.7445983886719 0.5781747107390217 0.6179860217683208 0.6867562265465784
v -1329.3656005859375 -31.54624366760254 -765.9519653320312 0.5970141418303135 0.6037918356585468 0.6263293028703573
v -1811.139404296875 -23.98785400390625 1489.00927734375 0.47145368567085494 0.4968417850493317 0.5437164011943814
v 239.54833984375 -85.95002746582031 199.44033813476562 0.5273281077129339 0.5077671051191259 0.4855325715319579
v 1380.900146484375 37.92489242553711 770.748291015625 0.7615500978873112 0.7716553083870896 0.8023399424417834
v 405.3240051269531 11.12335205078125 -2007.269775390625 0.7158575825679885 0.7415738470544606 0.794272640913009
v -2469.2109375 19.211902618408203 534.4551391601562 0.6562777007231458 0.6975244216119332 0.770193892869277
v 222.17739868164062 -9.435341835021973 111.7591552734375 0.9530687966142325 0.9172475163898951 0.8752128048151459
v -2620.81640625 39.45736312866211 -919.5198364257812 0.6132139318652823 0.6615995841283627 0.7424267076843152
v -533.7716674804688 -50.78484344482422 -1811.1971435546875 0.8418309661119429 0.8650374887330726 0.9167054195476914
v -96.73558044433594 -5.548868179321289 1931.53955078125 0.4770930312277906 0.49198518923587425 0.5242672167549207
v 2298.179443359375 -57.93931579589844 1746.754638671875 0.7335112910523507 0.7958448738812824 0.8978725568046317
v -744.9061279296875 4.954559803009033 1933.2421875 0.4721874389352449 0.4903837713459917 0.5272881287223625
v 702.5555419921875 25.518756866455078 -1969.953369140625 0.9295156152579591 0.712435938058523 0.767756065904798
v -1647.3363037109375 -25.855573654174805 -2481.60693359375 0.42984594252819613 0.4709760206167208 0.5372170030878793
v -866.2447509765625 35.48765182495117 572.77978515625 0.5335957493657643 0.5282846360282496 0.5305937442980625
v 1305.6585693359375 -5.672946929931641 462.3424377441406 0.5211000772712477 0.5235739260664639 0.5380686513911085
v 2533.909912109375 -32.87004470825195 1227.6082763671875 0.8184768743774073 0.8837304521164896 0.991944815239641
v 640.5675659179688 -33.50684356689453 1627.09326171875 0.7612434840251536 0.5812667856793085 0.6271316640449116
v 1823.071044921875 -57.827911376953125 -1472.7496337890625 0.4582104463998689 0.48293246179791743 0.5285905413916183
v -821.2063598632812 5.278110027313232 1967.183837890625 0.8129698925260331 0.845461791441813 0.9097932953550054
v 2600.810791015625 -10.884053230285645 754.7002563476562 0.4406813765194867 0.474542626113802 0.5318873469299433
v -2538.34912109375 42.527103424072266 -1155.99267578125 0.5718436518349775 0.6176741329848451 0.6940603319052401
v -535.1898193359375 3.307300329208374 740.11328125 0.5249223191085444 0.5170593787411998 0.5150023748823377
v -2429.638916015625 5.565053462982178 622.7836303710938 0.7351580131274829 0.7801869215084825 0.859862748700472
v 449.0041198730469 33.073036193847656 -1990.576171875 0.47157247862509816 0.4889576668645081 0.5246981240664966
v 135.2550506591797 37.06209945678711 -761.8058471679688 0.5173339314849394 0.5067684182648272 0.5000337188072945
v 165.49075317382812 -70.75244140625 443.2544860839844 0.7025777859008132 0.6809985489775514 0.6589667788901692
v -84.11004638671875 -17.30774688720703 1988.78857421875 0.47116722541453554 0.4872881212805809 0.5212158215938429
v 1531.652099609375 8.858226776123047 -1724.702392578125 0.6683177240364044 0.7017702068587385 0.7642209047127428
v -1831.2745361328125 -13.770075798034668 1447.253173828125 0.4957300751288541 0.5219862134137385 0.5706097325075341
v 2620.453857421875 36.96381759643555 54.74197769165039 0.4706741010404643 0.5039455601362002 0.5613272302798478
v -2656.452880859375 79.94200897216797 -553.3613891601562 0.654076197197371 0.7027380535868923 0.7850584800542882
v -1375.851318359375 10.275848388671875 -378.149169921875 0.720798361756602 0.7254370094131375 0.7469866583937332
v -2452.546630859375 -3.263256549835205 -1415.3072509765625 0.5084522271528119 0.551091995052377 0.6215927133229023
v 916.9002075195312 75.46857452392578 -1912.5423583984375 0.5768923728726618 0.6002140083993839 0.6465804787402306
v -275.9917907714844 30.14958381652832 1969.2152099609375 0.5469874276571001 0.5653715574236181 0.6041025816467325
v -1108.9674072265625 -51.99945831298828 -1165.283203125 0.7899404676901017 0.8013707687078423 0.8345958264575672
v 1376.2213134765625 44.506290435791016 378.6077880859375 0.906498620363629 0.9122662739416174 0.9390030801854541
v -1315.2923583984375 17.057270050048828 38.16367721557617 0.8218722354012103 0.823222352888026 0.8415044078537989
v 1250.0821533203125 -48.87139892578125 -90.56597137451172 0.5551333073853909 0.5545815312316231 0.5649472925815541
v -1396.369384765625 -14.482187271118164 -477.35736083984375 0.5863426675643713 0.5914557485628903 0.6112438373302618
v -139.4215545654297 -27.135936737060547 1992.1710205078125 0.47324861552153913 0.48959490472945205 0.5238881937275165
v 1952.6630859375 18.08133316040039 -1328.029296875 0.5092881611759361 0.5369983734532815 0.587918693275011
v -2145.518310546875 -0.8468875885009766 -1985.0714111328125 0.6308172990406145 0.6865836344840178 0.7772717629572492
v -1219.6324462890625 -3.636603355407715 176.1292266845703 0.5700799901150735 0.5690048704337728 0.5788147722863878
v 1067.1668701171875 12.918810844421387 1234.4757080078125 0.5565766284710721 0.5654545601779174 0.5904148122528131
v -1244.454345703125 -3.2262091636657715 -962.1068725585938 0.5182027448414579 0.5250923719868655 0.5463228562659507
v 914.8682250976562 -0.5974514484405518 1411.4049072265625 0.4821081193784575 0.4910659835701943 0.5147288549548337
v 2684.395751953125 23.442733764648438 399.7910461425781 0.7567297016361723 0.8124614305955036 0.9067318091258244
v -1904.05859375 31.297502517700195 1393.8123779296875 0.6989006121144029 0.7358515662469469 0.8037863252400689
v 87.52543640136719 19.274091720581055 528.1328735351562 0.5254277777212126 0.5100656789292678 0.495241670868451
v -95.08687591552734 37.99489974975586 -573.5422973632812 0.6818311576160526 0.66344359887746 0.6465666561835602
v 918.0377807617188 -6.288256645202637 -1954.6070556640625 0.502754273588422 0.5243968559019228 0.5668057888539385
v -76.3307113647461 84.57450103759766 -605.17578125 0.808623511748076 0.78789004325008 0.7695277410214002
v 2412.2255859375 -20.829273223876953 1496.5732421875 0.4504468299617314 0.48891664865856505 0.5524383739751474
v -2430.680419921875 -3.019326686859131 579.2421264648438 0.5243762552246547 0.5570932963521829 0.6151153908967718
v -1289.2249755859375 4.000197887420654 26.58146858215332 0.5382115557084721 0.5385108208892376 0.5499113574338367
v -2057.10791015625 18.760251998901367 1248.5836181640625 0.8362358200074006 0.8821180856116156 0.9654089638652724
v -968.690673828125 -15.056289672851562 544.1659545898438 0.8985345146568923 0.8924996768125752 0.9004159439232098
v 1359.259033203125 6.305063724517822 790.9287109375 0.8047167250546703 0.8150367156298687 0.8468588861391337
v -1324.6695556640625 26.2589054107666 -883.553955078125 0.7898104907981839 0.8006535233200688 0.8329880754663228
v -241.57545471191406 30.544649124145508 -401.38897705078125 0.6604302329353124 0.6399441813100682 0.6189487646300788
v 2622.1953125 22.586793899536133 709.4371337890625 0.460912435896429 0.49640850580212376 0.5564203813950102
v -38.51609420776367 18.975908279418945 1973.8817138671875 0.8046242441046428 0.8303015851904416 0.8847843701686806
v 697.8539428710938 33.01198959350586 -1999.4669189453125 0.8179824616464436 0.8500644866446634 0.9139278489298931
v 1121.0103759765625 65.83354187011719 1165.4892578125 0.8987026573774946 0.9119484040218429 0.9499697089003339
v 2453.906005859375 -52.30794906616211 1372.1578369140625 0.6997359223488377 0.755930401152351 0.8491940532197778
v 803.082275390625 3.512362480163574 1619.304931640625 0.5683509878194173 0.582198810743922 0.6147769061326381
v 2334.387451171875 -13.704524040222168 1561.58935546875 0.44770282539815304 0.48504259573178915 0.5470484009115122
v -914.3818969726562 -15.821110725402832 1927.2999267578125 0.6650855390084858 0.6920944291641528 0.7455395611668191
v -1281.352783203125 44.177242279052734 59.74446105957031 0.4979452544201028 0.49807806355327394 0.5084740257609484
v 962.7366943359375 19.97933578491211 -467.7577209472656 0.6727574344550378 0.6670472409728109 0.6712983154091273
v -60.65686798095703 -113.493896484375 667.4226684570312 0.6358347327035728 0.6206414278352984 0.608352282472182
v -2563.34326171875 0.5699121356010437 132.71243286132812 0.7574789174228621 0.806417704484341 0.8918397297594078
v 110.24073028564453 100.6393051147461 551.7405395507812 0.8352512281756258 0.8124858625668158 0.7911394400362354
v 1200.8489990234375 8.547673225402832 991.92724609375 0.7549456639991281 0.7641547441989951 0.7933544615121978
v 1972.5810546875 -15.056777000427246 2242.00927734375 0.4917004749344342 0.5383447351629415 0.6133680470017874
v -2421.2509765625 12.348569869995117 743.79736328125 0.6389181280572852 0.679408748476434 0.7506370040847404
v -62.491493225097656 55.47600173950195 667.9149169921875 0.8163260672270203 0.7971826101276039 0.7817159654229184
v 1316.221923828125 -33.7327766418457 713.132080078125 0.487453739036063 0.49225403252211947 0.5097215767299473
v -1392.12548828125 4.320071220397949 -439.01751708984375 0.48811367782550014 0.4920874562331032 0.5082961978716416
v 279.4995422363281 -17.268505096435547 -745.5748901367188 0.5112657213697396 0.5012537742654317 0.4953368687104102
v 2614.710205078125 57.03072738647461 -5.657571792602539 0.6001653360176683 0.6413978467775004 0.7126069500497071
v -522.5286865234375 -66.54094696044922 1998.804931640625 0.7865494797172947 0.8153602132015645 0.8739363464770391
v -1126.4453125 8.033997535705566 -1209.600341796875 0.6628930803969265 0.6739636769803019 0.7042392576317317
v 702.4940795898438 -20.74213409423828 1599.6671142578125 0.47769840762885235 0.4881009494097827 0.5138292406062516
v 1214.21728515625 -37.329158782958984 -1857.39794921875 0.5284069020180431 0.5527816387852652 0.5995596855092736
v 920.8616333007812 -36.36695861816406 -553.5836791992188 0.8657279079014109 0.8586434870749526 0.8642491558180752
v 821.77734375 -13.531455993652344 -1937.0771484375 0.4649998242584035 0.48376526015741034 0.5213209043995096
v -2213.507080078125 -21.346698760986328 995.1410522460938 0.7045871524125418 0.7445252289420821 0.8166362987414401
v -724.8120727539062 59.823646545410156 642.1022338867188 0.526032736676642 0.5193025971100702 0.5191413922131958
v -61.92038345336914 23.337148666381836 1950.377197265625 0.8412337838090191 0.8670436181804927 0.9224650103687033
v 1263.2020263671875 75.11363983154297 -1834.888427734375 0.6899133758561391 0.7213590306927136 0.7815346707120099
v -1388.3037109375 40.76601791381836 1692.2545166015625 0.4733962313673458 0.4946720713515817 0.5359268099643182
v -54.98628616333008 -16.628049850463867 682.3073120117188 0.7917407087301549 0.7735286682425454 0.7591694865142732
v -1942.3792724609375 -39.15548324584961 1328.7872314453125 0.8130966244346622 0.8553582587478462 0.9331939215133339
v -1246.5577392578125 -40.21648406982422 -971.38671875 0.48400259382926397 0.490648246190391 0.5108655494678341
v -56.21830368041992 -85.54756927490234 -660.591552734375 0.8427357147614322 0.8227746252506609 0.8064314500979322
v 618.7537841796875 41.142154693603516 -2009.0362548828125 0.46697866892771106 0.48576409519230107 0.5233901952707349
v -2470.846923828125 -54.91524124145508 395.5584411621094 0.5831160069812401 0.6192746370545706 0.6833452887976034
v 2540.346435546875 -8.429105758666992 1110.1988525390625 0.43864593282668035 0.474240798510943 0.5337598154304
v -2344.739013671875 59.021942138671875 717.9303588867188 0.49682719536324876 0.5265915977110588 0.5799871050607379
v 805.6306762695312 -65.56499481201172 -1997.854248046875 0.46688608262878944 0.4870002624212065 0.5264908473704993
v 63.9296989440918 22.43735122680664 -650.4488525390625 0.860183242606286 0.8395451821150252 0.822387391757154
v -117.88214111328125 -62.681175231933594 -1929.45849609375 0.47792201457366273 0.49281498885374747 0.5251149799029665
v -2620.77197265625 -36.46330261230469 -872.9314575195312 0.5384626290151558 0.40760775617475015 0.44095453059177686
v -1338.46142578125 -67.61624908447266 -174.98480224609375 0.6868081390657731 0.6889490455160985 0.7059820944142694
v 153.65997314453125 41.81134033203125 1959.425048828125 0.5024647987852642 0.5188858703852972 0.5538866264644854
v -918.0543212890625 23.89129066467285 -1499.0250244140625 0.6988751536242359 0.71395301824944 0.7508910648565955
v -181.6253662109375 -60.711421966552734 -103.12535095214844 0.588962927764232 0.5652974671569341 0.5370198179201618
v -1200.498291015625 -25.984519958496094 -1054.1470947265625 0.5231005933963965 0.530651042988396 0.5529750771794731
v 452.4847106933594 -45.13629913330078 -742.4152221679688 0.6187282519569691 0.6085431112078352 0.6044033589005575
v -1370.9554443359375 27.023935317993164 -558.84765625 0.5358892948108426 0.5407160665720322 0.5591257501136511
v 553.1041870117188 10.552216529846191 -730.1886596679688 0.5105281659003656 0.5029145386062003 0.5009985039543724
v -472.5383605957031 3.440183401107788 -1799.05859375 0.7241701716488138 0.7433305919954162 0.7867620084834048
v -160.80917358398438 -18.379192352294922 -496.3121643066406 0.5217535995201463 0.5062324576444075 0.49105382902356937
v -984.3411254882812 48.03607940673828 -1469.7412109375 0.9470883686516062 0.726134014257445 0.7824415361828166
v -2511.10791015625 10.000808715820312 530.03466796875 0.6977473555472468 0.7430740069896208 0.8221971287680552
v -778.0316162109375 -8.432341575622559 -1587.8135986328125 0.8281994406374634 0.8462700219184481 0.8901451857615956
v -2396.501220703125 -26.05864906311035 -1570.531005859375 0.5530469709802355 0.6003124096664294 0.677977455108674
v -1388.3851318359375 24.18535041809082 -379.4654846191406 0.7460256726509252 0.7512198132839253 0.774096419626485
v 185.41563415527344 -18.46261215209961 1937.9998779296875 0.4768005093936993 0.49200345961750364 0.5247277965593126
v -1311.697998046875 -18.454862594604492 -122.78404998779297 0.4954782787667275 0.49636026743546174 0.5078914252693656
v 1164.6751708984375 -10.5852689743042 -321.6675720214844 0.49883240641086796 0.49736816176270165 0.5052447299148067
v 2569.56982421875 -29.05388069152832 -227.01361083984375 0.4479981509256908 0.4786564802423839 0.5320160650670179
v 1079.9228515625 -33.073020935058594 -385.18792724609375 0.8603671470359364 0.8557959884855773 0.8653670087544679
v -1360.8228759765625 -22.553136825561523 -289.0639343261719 0.531761835859362 0.5344248228818985 0.5494110185346341
v -133.54891967773438 112.35494232177734 -587.270263671875 0.5217467801765207 0.5077529104432569 0.4952345826517505
v 1965.276611328125 -3.00698184967041 2222.1396484375 0.5366872327912133 0.5864252353132462 0.6666965967507376
v 1004.3298950195312 -19.484182357788086 1362.012939453125 0.7417023176623898 0.7553456205587423 0.7909769567051549
v 186.79345703125 -31.753135681152344 -1960.66748046875 0.4838981219613037 0.4998760238148268 0.5338600588715895
v 515.5030517578125 15.844561576843262 -744.5767211914062 0.5074740310331268 0.49969263294113836 0.49743985433855525
v -573.9552001953125 25.170793533325195 -1708.447021484375 0.6399845335394517 0.6552608084620255 0.6913432147544616
v -1452.161865234375 -10.016072273254395 1691.1822509765625 0.7533578247991457 0.7875401241539703 0.852921875729048
v -1105.1357421875 11.606189727783203 -1178.817626953125 0.5149037396217497 0.522788251848368 0.5454622093156362
v -1663.3221435546875 -23.51018714904785 1571.32568359375 0.6027066796940633 0.6324986086421032 0.688425839233184
v 237.82403564453125 116.31016540527344 259.1864929199219 0.6989813415407685 0.6745967745773324 0.647501509782041
v 791.314453125 0.38868197798728943 1578.544189453125 0.8020994750070377 0.8195445625120227 0.8619878908478407
v -1184.9849853515625 4.505844593048096 -1135.0341796875 0.5516361089103693 0.5606783017820532 0.5857920282414583
v -2442.626220703125 36.52345275878906 571.4340209960938 0.4668451773210421 0.4965948560860553 0.5492301313183854
v -702.9376831054688 -43.378089904785156 701.2583618164062 0.6508102771260555 0.49518341334108945 0.5348430427688384
v 960.5319213867188 4.155657768249512 -520.1390991210938 0.72309970384575 0.7176300320437172 0.7232070901350058
v -1381.9698486328125 -59.74332809448242 -202.74903869628906 0.7138719922041759 0.7175339411666863 0.7374396647860377
v -2231.795654296875 6.540865421295166 920.8552856445312 0.8445504648869055 0.8912411407970366 0.9758223752538014
v 1898.50927734375 2.0975353717803955 2227.756591796875 0.4667865052012529 0.5093461833960771 0.5785083791705368
v -2366.423095703125 32.172996520996094 820.9966430664062 0.5960038137947444 0.6329814579434763 0.6984642330577243
v 2623.2509765625 33.917449951171875 17.168615341186523 0.5627893337338781 0.6019712195387658 0.669512996387753
v -69.2245101928711 -31.61284065246582 1995.512939453125 0.46859413023880764 0.48478821027095603 0.5187676388050246
v -1308.818603515625 -24.547393798828125 -115.60543823242188 0.493309401807366 0.49411187421240316 0.5054780357288637
v -1347.9437255859375 -36.35447692871094 1766.814453125 0.8503635888726927 0.6507364496215903 0.7016090052396596
v 2048.488525390625 10.652434349060059 2048.228271484375 0.7301302406201177 0.7926911972903663 0.8949039704304782
v 340.9713134765625 -27.26896095275879 -777.276123046875 0.5716536466133075 0.5617239291174115 0.557109915765174
v 2227.19580078125 -10.860856056213379 1737.458251953125 0.7210761494141915 0.7794821074468106 0.8761749309271145
v 254.35519409179688 64.86490631103516 1893.7864990234375 0.5025101555807339 0.5175155643421887 0.5504748012226848
v 1295.349609375 -15.940400123596191 -1840.3681640625 0.5699856581906132 0.5970928200505043 0.6485818138852923
v 705.9851684570312 -0.9297205209732056 1613.6697998046875 0.4796774790583 0.4904550204197167 0.5167767660962227
v 238.32369995117188 -76.98531341552734 371.7564697265625 0.9449204197289105 0.9154256239904379 0.8845571401122315
v -2375.3330078125 -10.447972297668457 -1459.2489013671875 0.4394179312768503 0.47552423866504884 0.5357194468813676
v -1299.801025390625 -55.99915313720703 67.87659454345703 0.7472710570175546 0.7480556512177785 0.7640730413226546
v 1285.5533447265625 37.07512283325195 -174.9406280517578 0.9196964124406206 0.9204900794012197 0.9396983982141884
v 2322.43310546875 -65.67566680908203 -746.2026977539062 0.5032916248191027 0.5330190162282517 0.5865221676889528
v 1289.3245849609375 -24.072046279907227 920.6640625 0.6881912358166791 0.6974782720283665 0.7255420881061562
v 2620.593017578125 -34.03459548950195 -57.6230354309082 0.6170909040524384 0.6596371982049404 0.733011517328338
v 64.84256744384766 -9.324201583862305 1937.6861572265625 0.7645324903415085 0.7876527190307122 0.8376381025478385
v -120.8274917602539 -14.861787796020508 734.6798095703125 0.7674444437761627 0.7514362539665258 0.7403581331614195
v -1567.8082275390625 48.16958999633789 -2543.5908203125 0.4802936037070477 0.5260230734545719 0.5995535772485698
v -766.9756469726562 86.4976806640625 659.037353515625 0.8562490239154193 0.8471155702794783 0.8491999386834076
v 305.0614013671875 -1.1995668411254883 -739.818603515625 0.9398926365556877 0.9224406355586491 0.9122784341999474
v -324.74072265625 -56.768646240234375 -1889.438232421875 0.4721581993043546 0.4865013470852399 0.517890107528944
v 708.8146362304688 12.406388282775879 -659.3071899414062 0.9167017447631897 0.905436590914064 0.905150707684683
v 92.9451675415039 81.56787109375 596.1605834960938 0.8380367564857805 0.8164011655859258 0.7970741418572472
v -152.62863159179688 -2.135272979736328 -464.89996337890625 0.8021126868749918 0.778145604192977 0.7540068968763847
v -68.10016632080078 -2.6693687438964844 -1927.8739013671875 0.47874678190964587 0.4935641966518461 0.525771795985162
v -2685.868896484375 -60.08566665649414 -432.01019287109375 0.6543263132725782 0.7032928138345769 0.7860134383550608
v 2592.977294921875 18.48727798461914 724.646728515625 0.49748787978188574 0.5347218867805644 0.5979812286226555
v -2480.265869140625 4.053837776184082 -1376.90087890625 0.6621102447855036 0.7166052610056268 0.8066203080931429
v -1371.9141845703125 -16.634662628173828 -323.996826171875 0.48986373196292093 0.49274192257123456 0.507288109213728
v 1120.24560546875 -27.336585998535156 1227.3428955078125 0.4832448822727737 0.4917501776440735 0.5147571153001834
v 2192.411376953125 50.18738555908203 -962.6802978515625 0.5814073027717206 0.613767303436116 0.6726980756579647
v 1225.6605224609375 19.40007972717285 -193.08078002929688 0.5327369569028418 0.531918893749106 0.5414493125039676
v 2473.071533203125 -12.200551986694336 -506.0931396484375 0.555606869969465 0.5909461186020767 0.6532378910358426
v 1345.9608154296875 18.874876022338867 136.79298400878906 0.4971334978741289 0.49879382961179347 0.5115762460436468
v -285.37750244140625 11.747679710388184 774.994873046875 0.5566249137605168 0.5464421918889497 0.5411145307430821
v 825.9090576171875 -8.766205787658691 1524.843505859375 0.5487720438959587 0.5602174438837155 0.5888667186866873
v -1354.69677734375 -68.40029907226562 -207.453369140625 0.9047765930393717 0.6931517027402612 0.7470817299967312
v 133.53884887695312 -106.0855941772461 -706.9205932617188 0.856387510013106 0.8378651126501597 0.8242559134508491
v 160.45912170410156 -49.24363327026367 529.77734375 0.6766692829628556 0.6577404487831049 0.6398153001251455
v -1506.9595947265625 5.7425150871276855 1753.4378662109375 0.8304721711827808 0.8716711763297349 0.9484604829097395
v -1318.89013671875 -0.454733282327652 -756.56005859375 0.7379978433707297 0.7457867156113783 0.7725034118928841
v -2475.079345703125 -17.01190757751465 -1401.7373046875 0.7415673237475345 0.8024708406430523 0.9029293129112843
v 1976.2802734375 -55.09918975830078 -1307.8126220703125 0.5402219204582711 0.5697126103323641 0.6237793821849389
v -2648.54150390625 -28.052623748779297 -479.85015869140625 0.629862007623954 0.6759904184692503 0.754371810270966
v -111.07421112060547 140.7665557861328 732.23291015625 0.5298241778454265 0.5183620889100942 0.5103503791492989
v 981.0794677734375 39.3656120300293 1435.919921875 0.5631048345809628 0.5749559526695189 0.6044841440827566
v 2034.6934814453125 -14.211743354797363 -1238.000732421875 0.6403796569449606 0.6752695159173426 0.7390264402386382
v -2484.630126953125 28.36875343322754 -1246.2467041015625 0.5581680183214083 0.6026490491068803 0.6769218157864756
v 760.5077514648438 1.626257061958313 -1936.10888671875 0.48631629895026013 0.5052182583965484 0.5434201082588206
v 865.858154296875 4.839907646179199 -600.0574340820312 0.5370391140691549 0.5320236853944929 0.5348794241631061
v 1788.011474609375 16.947620391845703 2405.790283203125 0.45280382927167323 0.49649456956005195 0.5666329926702471
v -201.8365478515625 70.95165252685547 -136.71766662597656 0.580433985103591 0.5577583936782209 0.5310879393837923
v 440.32879638671875 33.22809600830078 -1946.831298828125 0.8052658796466575 0.8318440599077831 0.887631149108387
v -2086.1015625 83.52658081054688 1144.121826171875 0.6078113297237914 0.6409804078098489 0.7016337508404845
v 1702.947265625 -40.22298049926758 -1580.9932861328125 0.8090096707667191 0.8497329522988221 0.9253760514733576
v -1880.946044921875 5.141668796539307 -2316.66845703125 0.44848439043185023 0.49137258764435293 0.5603798941777958
v 1143.6405029296875 30.994266510009766 -1909.9666748046875 0.5879570072191487 0.6150504932074765 0.6669231666973316
v -1121.055908203125 -66.90892028808594 1881.045166015625 0.48097321873667026 0.5025785249861114 0.5444587661268785
v 2533.875 38.92824172973633 1294.217041015625 0.440559502461098 0.47847336238213106 0.541001712680487
v 884.1544799804688 21.563997268676758 1441.7293701171875 0.4866113972329191 0.49586236356381225 0.5200493117474306
v 1539.3641357421875 -42.06694793701172 -1708.5003662109375 0.46381768390800066 0.48762653052219346 0.5321662879692444
v 140.6178741455078 -64.93036651611328 -701.5408935546875 0.5557166049003845 0.5432230839154908 0.5339641747136095
v -1375.9071044921875 18.506086349487305 -274.135986328125 0.49701094702634546 0.49977761379280145 0.5142827612726528
v -0.6762447357177734 -10.865294456481934 1964.8193359375 0.8473468149258804 0.8739007142042615 0.930517292587214
v -107.77732849121094 -29.896137237548828 728.9110717773438 0.7922709010892833 0.775555558493844 0.7637622570431818
v -2653.925048828125 64.52796936035156 -349.5211181640625 0.4420226513556747 0.47507209991423255 0.531401398701475
v -434.19635009765625 33.7071533203125 -1846.298095703125 0.49701967411384756 0.5115181209881488 0.5436320731860759
v -2618.720458984375 7.087556838989258 -532.9400024414062 0.5502069475290707 0.5902946331235004 0.6586828448504847
v -143.5183563232422 26.0178165435791 671.8472290039062 0.6248732806540997 0.6103074635651501 0.5988759850050731
v -2221.201416015625 -4.058955192565918 944.0512084960938 0.4595002643750585 0.48618283331755535 0.5345292281631217
v 205.82554626464844 -38.75310134887695 153.44003295898438 0.7162877836388482 0.689070165762146 0.6572533257916389
v 230.53759765625 -38.22359085083008 -738.18505859375 0.8419703754458757 0.8254003875201821 0.8148261064163151
v 959.1504516601562 7.2655510902404785 -1958.443115234375 0.5416387774176757 0.4100835624864117 0.44360882600280827
v -2574.53955078125 56.73834228515625 -1016.7188110351562 0.45530625889026294 0.4919710422473678 0.5533304628439646
v -1135.1173095703125 43.88332748413086 295.1938781738281 0.5143221138374207 0.5120468828662798 0.518911924377604
v 717.5548095703125 0.6748482584953308 -654.0637817382812 0.6228033562320222 0.6150160127303942 0.6149329426706658
v 982.3233032226562 14.494003295898438 -1915.5186767578125 0.48981613430312304 0.5107747262610567 0.551945324480438
v -821.3150024414062 -85.11725616455078 1961.5050048828125 0.8337868141740694 0.8668311936332367 0.9323871210358413
v 1908.15380859375 43.73714828491211 -1390.7620849609375 0.46853580223427344 0.494237324656227 0.5414700675319741
v 1150.2520751953125 -28.380037307739258 1166.3414306640625 0.5394585947020668 0.5482488643828409 0.572752502549968
v 209.79954528808594 -10.090129852294922 148.81869506835938 0.7650932102216784 0.7361657719186547 0.7023582987671081
v 434.5018310546875 41.41212463378906 1808.603759765625 0.509299502038861 0.5231756278587267 0.5546293603087251
v -1248.04833984375 -12.174614906311035 121.02943420410156 0.65930037987177 0.658669462569008 0.6708289055296869
v 1091.148193359375 31.206506729125977 -362.20233154296875 0.6832723480616641 0.6796729662624906 0.687532945739892
v -971.7122192382812 55.413604736328125 505.0992126464844 0.6251507424962819 0.6204413043082699 0.6254325485362446
v -2336.890625 -9.657719612121582 804.044189453125 0.5348559192736562 0.5672833684462681 0.6251782087022636
v -1372.1207275390625 43.95392990112305 -541.4837036132812 0.837172707585907 0.8442632331984107 0.8717561242756597
v -2649.668701171875 -11.262290954589844 -386.98040771484375 0.44219803690682524 0.4752861051726249 0.531670266049568
v 278.93408203125 -36.62913131713867 -1993.8896484375 0.7061712578518103 0.7303117667527477 0.7805645109439683
v 610.7565307617188 88.26719665527344 1694.3109130859375 0.7326934580807167 0.7499634620660848 0.7907943293957633
v -1017.9491577148438 -16.168235778808594 -1314.0992431640625 0.5175151481635478 0.5265750263286715 0.5510664053270186
v -2558.231201171875 -25.36103057861328 -924.367919921875 0.4407028383064111 0.47491426478308746 0.5327119055080981
v -1384.301513671875 56.18764114379883 -313.6709899902344 0.8506402318389228 0.8557808282244249 0.8805119637628855
v 1374.2503662109375 -21.18726348876953 347.4530029296875 0.8122728688285483 0.8171289755094757 0.8407089303272071
v 1906.599365234375 39.660911560058594 2238.4892578125 0.4888488771603228 0.5336667680170043 0.6063271071247358
v -2649.345703125 -35.259307861328125 -389.3971862792969 0.7455233271959486 0.798798828755103 0.8895830824078792
v 2609.500732421875 -63.74619674682617 16.56511116027832 0.4485498885092917 0.48009312308676017 0.5346300724604128
v 33.1490478515625 -52.456687927246094 -698.1272583007812 0.5174870320033799 0.5054528818388253 0.4962223436239202
v 236.8487548828125 -122.35919952392578 204.2561798095703 0.7219111714522753 0.6958393593325205 0.6662210466326943
v -2081.10302734375 14.336516380310059 1175.7725830078125 0.5416945240145105 0.5719030051459358 0.6269775666850215
v -1172.562744140625 71.52644348144531 -1142.232666015625 0.523002838087065 0.5315207593138245 0.5553025039931556
v -2586.812744140625 -78.1242904663086 -551.306396484375 0.7285159489375995 0.7791750361047428 0.8660982411495803
v 1610.3267822265625 -31.156280517578125 -1637.8685302734375 0.4674625437442686 0.4913633390485888 0.5361127438866117
v -596.1475219726562 -41.57681655883789 2010.96728515625 0.8519493464159337 0.8843822977630168 0.9494663782329166
v -482.66070556640625 31.87080192565918 -1779.82373046875 0.477630471097974 0.49034188024384334 0.5194668068451942
v -990.3662719726562 -4.537792205810547 1946.289794921875 0.710971850192365 0.7416192363277987 0.8011518575914556
v -417.33477783203125 36.716217041015625 -1837.4979248046875 0.5054774005490721 0.5198797258887912 0.5520234673028176
v -528.2552490234375 47.028289794921875 1954.9127197265625 0.5009446548563029 0.5188864541603367 0.5560323331518012
v 2650.76123046875 -36.893714904785156 484.1473693847656 0.4763213305689101 0.5121993770085442 0.5731265203864695
v 1275.890380859375 -15.81043529510498 853.2748413085938 0.49887441838545327 0.5046475986696675 0.5238166432690569
v -471.669921875 10.365056991577148 -1755.2125244140625 0.8139355140333367 0.8336283795589202 0.8796130534506943
v 1200.1502685546875 47.03220748901367 994.9393920898438 0.4959870449646529 0.5022837521060473 0.5221962339718121
v 2573.8447265625 52.038822174072266 -189.1527099609375 0.5729132752594114 0.6112279054465498 0.6778949515320634
v -2644.73828125 -20.540279388427734 -143.4340362548828 0.487200486979893 0.5223725911398349 0.5826749642527611
v 2218.24560546875 -48.968387603759766 1832.9163818359375 0.43500671929166845 0.473466551960308 0.5365216224673347
v 450.2006530761719 -5.609662055969238 -804.0135498046875 0.8832223089866584 0.6763500263233246 0.7290689079074992
v -841.6541748046875 -1.73921537399292 615.4598999023438 0.5633530266914089 0.5578687106329391 0.5604502177295025
v -214.333984375 108.26422119140625 -138.86399841308594 0.8097654823829253 0.7792136561677552 0.7434762369158101
v 2643.752197265625 79.06236267089844 549.894287109375 0.4431508777797455 0.47695510146685566 0.5342935693104456
v 46.621986389160156 -46.83791732788086 1915.015625 0.7616206416550709 0.7837807863338506 0.8323199156846565
v 33.95903396606445 2.570784330368042 658.234375 0.533714680296868 0.5205480411380924 0.5096988555626822
v -967.2342529296875 45.18022537231445 1909.6363525390625 0.6519950516844314 0.6787707193532821 0.7316059234859292
v -750.217529296875 -12.518709182739258 637.1353149414062 0.6589868517937876 0.651129106166744 0.6516102556250816
v -2130.03125 40.25263214111328 1069.830810546875 0.6869885705866637 0.7242906449016512 0.7924207885878296
v 1604.908203125 -8.202677726745605 -1606.696533203125 0.4654519809982532 0.48856719733354786 0.5321913422047435
v 174.57652282714844 187.43670654296875 -725.5919799804688 0.6147437919297012 0.6017479501348513 0.5927949393240428
v -790.8382568359375 -1.0295372009277344 614.8611450195312 0.9147940810368318 0.9047378571780971 0.9064050183163076
v -2593.3203125 -72.7260513305664 7.851287364959717 0.5328499964729349 0.5691350073734219 0.6320944504253558
v 2288.625244140625 56.2993049621582 -864.7610473632812 0.6215471078692286 0.6578329501519601 0.7230204899006717
v -1638.4957275390625 53.243099212646484 1584.0328369140625 0.4634254370930542 0.4866643534355996 0.53041264256904
v 227.1505889892578 104.88877868652344 336.7904052734375 0.5875794413492356 0.567901456028791 0.5467801056380982
v -2674.23974609375 23.43111228942871 -208.7168731689453 0.7552727563032556 0.8094112762573544 0.901579219779104
v 1977.4281005859375 0.9384356141090393 2188.769775390625 0.4386914169544175 0.4796667077027635 0.5459889605190068
v -2601.943603515625 14.625866889953613 -873.1436157226562 0.4532375393387236 0.4890452362609114 0.5492463682496491
v 1895.129150390625 4.669223308563232 2300.12744140625 0.787908805598151 0.8595041413631614 0.9747769986977485
v -402.94512939453125 15.840304374694824 1999.39599609375 0.7377658896075595 0.7639020183392644 0.8176564626983605
v -980.3235473632812 -7.209051132202148 -1435.01123046875 0.480043066992423 0.4902738615409244 0.5157929046361578
v 1185.5235595703125 -41.02464294433594 -198.35293579101562 0.9066064393614606 0.9038326993968783 0.9171391720092444
v 157.9840545654297 28.79627799987793 531.8445434570312 0.5930543147101366 0.5763156400520508 0.5604860438662521
v 797.4054565429688 -53.81529235839844 -630.0384521484375 0.5268610500102893 0.521136334901296 0.5226430975706431
v -219.23558044433594 -16.611770629882812 -1857.0892333984375 0.6709763879166579 0.6891564070582528 0.7301003636005624
v -2425.9853515625 6.652520179748535 692.9185180664062 0.4482806797485777 0.4773716588882611 0.5286656698734594
v 2364.12841796875 30.75621223449707 1598.5465087890625 0.438014998939688 0.47599308639487686 0.5385282612453601
v 1135.5482177734375 -44.88548278808594 -279.25921630859375 0.6150164579747683 0.612249931012011 0.6201865549275989
v 2361.28125 19.764781951904297 -678.6656494140625 0.4507114734415116 0.478116570835829 0.5272215888999512
v -1971.74365234375 -19.287565231323242 -2121.9384765625 0.5828477491242253 0.6336650344880198 0.7166938621080666
v -1326.2916259765625 -24.501813888549805 -715.8792114257812 0.8125618057310267 0.8206037623854671 0.8490990654744078
v 178.84671020507812 58.29737091064453 1877.8758544921875 0.7899370711261829 0.8117295065461588 0.8603041464943307
v 2393.58447265625 28.52378273010254 -672.9690551757812 0.44949188864131234 0.47763956069925323 0.5277079121213136
v 704.31396484375 30.71351432800293 -684.4361572265625 0.549701439889783 0.5429989082560744 0.5433282154439508
v 2162.035888671875 29.44435691833496 -983.029296875 0.5403123837227751 0.4090496387706447 0.4425003487127854
v -6.889242649078369 40.52538299560547 1977.046142578125 0.500607245225624 0.5172765926880443 0.552595801204682
v 2590.343505859375 21.201461791992188 1051.5294189453125 0.6472390898015481 0.6988541609983127 0.7847755726387687
v -67.34222412109375 -41.276023864746094 1950.1036376953125 0.8557313537467458 0.881954732689026 0.938266855981909
v 215.9320526123047 -35.50752258300781 178.76300048828125 0.535798825925041 0.5153794007333842 0.49178540798640974
v 1337.9427490234375 -43.21488571166992 703.7360229492188 0.7858333676410304 0.79378686753453 0.8216482004069405
v -462.3549499511719 -28.28844451904297 767.31494140625 0.5309727674192017 0.5226626279565535 0.5199768310955943
v -1737.7987060546875 2.6818225383758545 -2439.64306640625 0.6726859562877913 0.7351936308948022 0.8355767494034951
v 2124.288330078125 56.28459167480469 -1146.1116943359375 0.5239637833386281 0.5539972197035209 0.6084115030290635
v 727.4754028320312 -38.30335998535156 -668.4312133789062 0.7755810110338799 0.7665510524241317 0.7672933431318387
v 60.46927261352539 -2.182887077331543 588.3085327148438 0.537385677105791 0.5227992691298606 0.5095720586340047
v -2447.39501953125 4.764604091644287 -1445.6002197265625 0.45483280443105684 0.49375103363925515 0.5579692497376295
v -1056.288818359375 -11.222699165344238 -1245.4219970703125 0.5265523319617466 0.5350252434387882 0.5588065708443869
v 1245.06689453125 -8.771965980529785 1029.4378662109375 0.5493320879779943 0.557684945735051 0.5817166063628859
v 46.28428649902344 4.496889591217041 622.8090209960938 0.8679183522191651 0.8462085774107 0.8273588863521986
v 1312.8985595703125 34.9251708984375 623.7072143554688 0.887714795912827 0.8943737502065425 0.9221403123830737
v 153.39796447753906 -15.986472129821777 -1944.606201171875 0.8550041244437634 0.8811802666386048 0.9374095679200308
v 529.91357421875 13.091496467590332 -722.8816528320312 0.8180084194416276 0.8056418148683954 0.8016640948470518
v 2624.509033203125 -29.76282501220703 243.75799560546875 0.671639429782307 0.718242658677249 0.7983618998944585
v 211.843017578125 62.249717712402344 -780.0146484375 0.5132238460324667 0.5034148680494451 0.4978781532950542
v -905.723876953125 -2.8393421173095703 -1440.7259521484375 0.6962852496462594 0.7094618195694549 0.7435260023376387
v 411.255859375 4.727346897125244 -759.36474609375 0.8871653957756621 0.8727272243734902 0.8666121787284954
v -1352.5797119140625 -48.570072174072266 -233.14634704589844 0.5299118743827341 0.5321289121236047 0.5463859957606788
v 1361.521240234375 -40.70568084716797 660.9615478515625 0.5990890645491581 0.605323424364906 0.6270693023455031
v -392.6217041015625 34.526092529296875 740.1793212890625 0.860121023694745 0.8452698476962857 0.8379440738898438
v -376.2052307128906 -9.717817306518555 2024.052001953125 0.5592968170960523 0.580112742926952 0.6225664569548984
v 2300.07373046875 15.28543758392334 1707.544189453125 0.45705978103274775 0.49684329429638036 0.5622220617528643
v 1359.2147216796875 -12.943745613098145 482.8795471191406 0.6428212228289847 0.647435159413956 0.6675019322318948
v -1339.4052734375 -32.8117561340332 -700.0960693359375 0.48642860182852005 0.49154113041580244 0.5094680044531398
v 1279.3389892578125 30.487417221069336 886.7316284179688 0.5621734449055533 0.5691661493589162 0.5913787351636136
v 2168.900634765625 1.238000512123108 -1078.9755859375 0.45647232201661786 0.4832428488218526 0.5316349762451295
v -230.2158203125 -178.1065673828125 -311.90655517578125 0.5887577759864422 0.5686652644231951 0.5468311621799011
v -279.24505615234375 -41.026798248291016 722.1306762695312 0.7533777568021193 0.738469352661618 0.7289818020742336
v 58.28884506225586 -72.39996337890625 -690.6024780273438 0.5480031910553633 0.535207852815238 0.5252804462162988
v -713.5060424804688 -7.922188758850098 -1666.1904296875 0.5324444191341738 0.5456271029477022 0.576523274651279
v -1668.62158203125 8.948488235473633 -2485.453857421875 0.5740242121034775 0.627989394854222 0.7146785375597777
v 1267.2537841796875 -71.69160461425781 -1803.8294677734375 0.6586557855596192 0.687949037218987 0.7444441420469037
v -15.342835426330566 10.344314575195312 -633.4464721679688 0.5717299462785714 0.557177902798663 0.5447064167608471
v -1374.849365234375 -3.8389480113983154 -480.955322265625 0.49428781702069996 0.4982357487731924 0.5145192543377282
v -244.41525268554688 29.655986785888672 -267.0602722167969 0.680410349648749 0.6568631186039531 0.6308590992929941
v -179.48846435546875 15.984406471252441 -1935.850341796875 0.7478589024249507 0.770709915488596 0.8199684578876825
v -2691.08642578125 -23.12283706665039 -530.0172119140625 0.5636461096288424 0.6071684257706043 0.6803650562161654
v -1364.5599365234375 31.231304168701172 -95.47179412841797 0.6749279221742033 0.6775595023329103 0.695140422509169
v -1849.2740478515625 -36.37120056152344 -2339.57470703125 0.6502774645917021 0.7102681634064169 0.806825348928611
v -726.2890625 -46.64371109008789 -1569.2972412109375 0.5214945224469136 0.5322978506332257 0.5594672031227487
v -2389.5322265625 30.99022102355957 -1603.5521240234375 0.4848190573616599 0.5271946538046145 0.5966673316055293
v 979.465576171875 -34.3664665222168 -1908.152099609375 0.5308411312162359 0.553150639192344 0.597103097086056
v -1951.712890625 -73.83648681640625 1390.127197265625 0.5475505985157844 0.5782438894786152 0.6341137326563169
v 875.183349609375 -31.98444938659668 -1991.270751953125 0.49810941475036524 0.5200012838295524 0.5626570715461747
v 74.89791107177734 -81.90840911865234 -702.716552734375 0.7877924552607751 0.7702989884322484 0.757090900310283
v 2466.50732421875 65.20191192626953 -539.67138671875 0.44932702128176655 0.4785300729974051 0.5299992683616482
v -2523.191650390625 -44.58654022216797 -1180.35693359375 0.4387609026419852 0.4747561919714874 0.534790823103207
v 43.210914611816406 93.76483917236328 675.4418334960938 0.8216055503268005 0.8025232341160572 0.7872668225755912
v 1234.54638671875 20.645713806152344 1002.7001342773438 0.5333938218333996 0.5408995620705835 0.5633499822345429
v -274.5650939941406 -43.39728546142578 735.1812744140625 0.7454767821162379 0.7310057150517816 0.722104214605894
v 848.8755493164062 36.793914794921875 -559.8304443359375 0.6204013870486812 0.6137708994946006 0.6155437076343342
v -1220.5584716796875 15.821428298950195 -1097.6085205078125 0.8676206442714613 0.8813970341463803 0.9196284981465845
v 92.95486450195312 -23.511260986328125 -709.9343872070312 0.8431374741474901 0.8247793882294907 0.8111890164844086
v 2454.743896484375 0.41353264451026917 -595.7135620117188 0.4500165951557131 0.4792912676015468 0.5308728912513887
v 1248.489501953125 0.5334147810935974 -91.411376953125 0.9070360555657269 0.9061090301528831 0.9223629862019429
v -967.2730712890625 19.096166610717773 501.40423583984375 0.6995833272390448 0.6941997806892256 0.6994798973447836
v 1282.7784423828125 14.926541328430176 -176.8961639404297 0.4975015701754047 0.4978976244772722 0.5087008787171119
v 91.87171173095703 -50.279911041259766 -1947.7518310546875 0.5387488564548434 0.5558077574127832 0.5924664737483134
v 1292.458251953125 39.38922882080078 -94.8687744140625 0.7185878982271872 0.7191732986165091 0.7343482118711676
v 1522.2200927734375 -38.946556091308594 2579.84375 0.747179515755796 0.8160942770259898 0.9267637025000034
v -189.2530517578125 -110.46238708496094 -150.35885620117188 0.8526597577430081 0.8202122564796772 0.7820113713808093
v -370.09564208984375 42.51185607910156 752.8479614257812 0.6681953106956442 0.6564850285461673 0.6507396697382597
v -220.65769958496094 -48.70269012451172 -174.0764923095703 0.5403743745363174 0.40909795271502125 0.4425521692158347
v 2473.072509765625 -15.790884017944336 -497.33953857421875 0.4711666529344442 0.5015683621702827 0.555178820146041
v -240.7724151611328 -120.45011901855469 -376.4734802246094 0.761694739051596 0.7377428649187419 0.7127755579371174
v 2658.95849609375 -1.3422229290008545 379.6335754394531 0.5124359939928479 0.5504661927948256 0.6151632423598213
v -2376.97509765625 0.45231449604034424 764.1051025390625 0.5581326745851951 0.5926896699985462 0.6540040337214182
v 2275.83349609375 -43.01774215698242 -894.1116333007812 0.45115362964777256 0.47826289953955253 0.526981821759992
v -2323.813720703125 -14.40981674194336 -1642.96484375 0.43973467000672256 0.477606253839371 0.5400569411036371
v -1317.97900390625 54.7432861328125 -108.81214141845703 0.5831197677208482 0.584268862087655 0.5978350352214696
v -2361.32080078125 49.45604705810547 802.9464111328125 0.4821591702378634 0.5123558257244827 0.5659682363448061
v 2509.815185546875 -1.462943434715271 1187.4373779296875 0.4416955983921919 0.47763473454025035 0.537680709632351
v 1190.3773193359375 -7.613137245178223 1107.925048828125 0.48783226081170866 0.4955820318189717 0.5175404726332697
v 223.1669464111328 83.69984436035156 303.05908203125 0.7682639211853202 0.7422751322375774 0.7138286999761411
v 216.23504638671875 24.387027740478516 1910.128173828125 0.5607905317394568 0.577693004057457 0.6145729872160521
v -1253.460205078125 -22.654544830322266 158.62098693847656 0.5288765184710308 0.5285775759696899 0.5388603704276301
v -2558.64501953125 -32.117774963378906 199.8925323486328 0.5300264266214274 0.5652538999327634 0.6267476449369361
v -1269.707763671875 -20.541156768798828 143.96249389648438 0.5902844907610946 0.5903159078938472 0.6022526790338031
v 738.2938842773438 13.751008987426758 1576.8162841796875 0.6900896430726541 0.7044418981863545 0.7401349673270848
v -730.7022094726562 -26.998287200927734 -1630.9117431640625 0.7639460207305225 0.7813919816254632 0.8230932582415049
v -2540.191162109375 -16.664440155029297 264.89825439453125 0.7204596398118307 0.7666142286401199 0.8474119333172445
v 2624.705810546875 21.559181213378906 521.9801025390625 0.7983861231724362 0.8550955760666916 0.9517655350545488
v -2619.338623046875 21.48651123046875 -493.6929016113281 0.44238696266202376 0.4751335607069313 0.5310790191642869
v -1140.709716796875 -36.679805755615234 267.4747009277344 0.7985833642537401 0.795132435120503 0.8053614362512485
v -1818.3990478515625 39.065948486328125 1437.0079345703125 0.4588586297773038 0.48291735803787444 0.5276851591959103
v 213.8727569580078 -18.660701751708984 371.1461486816406 0.5692711146075281 0.5505931354855016 0.5308539220842147
v -2450.17822265625 13.342402458190918 595.1109619140625 0.742043871906486 0.7880453262266413 0.869186749519686
v 1390.7720947265625 -8.752408027648926 -1744.11083984375 0.6592434528404734 0.6895050952590714 0.7473564720867542
v 227.46755981445312 61.987060546875 -734.4163818359375 0.6320057068488002 0.6192075283602775 0.6109273935373389
v -495.7603454589844 -54.43205261230469 745.56201171875 0.6909327730158997 0.6803407359830631 0.6768994991694048
v -2122.02392578125 -3.4535329341888428 1149.6124267578125 0.6192099313905604 0.6541724296339418 0.7175226126072608
v 2180.3876953125 -51.37913513183594 1886.9752197265625 0.7499444447482875 0.8134216159017902 0.9173797218141347
v -1965.52001953125 -5.051433086395264 1335.53466796875 0.45565370151050294 0.4811294748737028 0.5277520459417988
v 200.4029083251953 108.43175506591797 344.2667236328125 0.5278679745498583 0.5098728614140001 0.4904549049536398
v -2674.633544921875 35.42125701904297 -455.20587158203125 0.7577346325996106 0.813492112062773 0.9078232862032785
v 76.66781616210938 144.77691650390625 594.9263305664062 0.598242646669496 0.5823403401812554 0.568070912024541
v 1289.6943359375 -23.209518432617188 91.60682678222656 0.7312216417392404 0.7317243710216368 0.7470016586027096
v -1370.2650146484375 -14.005057334899902 -723.7933349609375 0.4963317830655825 0.5024185567333945 0.5220180480579031
v 1355.6983642578125 18.103443145751953 29.90248680114746 0.5510885793811873 0.5529867816325438 0.5671366085304066
v 1990.8802490234375 22.72174644470215 -1303.6534423828125 0.6307215711652746 0.6650545222776247 0.7278278801046684
v 243.24832153320312 -35.483394622802734 1874.4691162109375 0.6019531920424499 0.6190120826176566 0.6569466687553371
v -716.8356323242188 -42.32832717895508 696.5843505859375 0.5044844146959118 0.4986380470027764 0.4995263077110788
v -2409.2841796875 22.022958755493164 -1480.6324462890625 0.6658221453447606 0.7202072774548852 0.8101905661628724
v 2213.45703125 25.36086082458496 1877.99951171875 0.5200132951656415 0.5660457357600875 0.6411733932211722
v 430.85162353515625 -48.50659942626953 -744.2627563476562 0.8982734807161874 0.8835440676142644 0.8771544877075724
v -1361.8131103515625 30.73653793334961 -541.5250854492188 0.8372153133693725 0.8439560073665123 0.8709111548624892
v 1246.591552734375 8.298116683959961 -60.443443298339844 0.517851729155837 0.5172158522904141 0.5267613446880003
v -790.300048828125 -7.795341491699219 639.4298706054688 0.6109745691831477 0.604429993743059 0.6061671359897113
v 1220.890625 28.08045196533203 -218.25314331054688 0.8015875321178876 0.8003776706549817 0.8142397246739527
v -446.4208984375 65.56289672851562 722.3723754882812 0.6418733274376545 0.6308409048907 0.6257266506391124
v -1973.5845947265625 7.703039169311523 -2162.4755859375 0.5093365896231934 0.5553916575181573 0.6302248650360933
v 2337.6123046875 12.697558403015137 1668.924560546875 0.45311199129439766 0.49282690838222926 0.5580023934399323
v 51.190677642822266 9.254277229309082 -659.985595703125 0.5221054282263619 0.5092538849778897 0.4987139835477688
v -812.4498901367188 32.23316192626953 -1589.7088623046875 0.7282235202117795 0.7448444425758388 0.7846322834152315
v 1275.3607177734375 53.36356735229492 966.2522583007812 0.4872507348449054 0.4943888312499876 0.5154129767933254
v -1303.9708251953125 0.23162192106246948 -608.0194702148438 0.6537693742177711 0.6583494738632396 0.6785668399887618
v 1317.3609619140625 -28.956130981445312 493.39117431640625 0.5253851806749703 0.5283823856305108 0.5437703716587624
v 2499.753173828125 65.6492691040039 -395.5177001953125 0.5423596909210232 0.5771475915210472 0.6383736782791591
v -1320.6036376953125 7.837953567504883 1796.983642578125 0.5414376100648404 0.566687522332417 0.6149686907861139
v 2652.158447265625 0.6994039416313171 291.13641357421875 0.4437360530007616 0.4766472051257547 0.5328428664754697
v 601.465087890625 28.44753646850586 -708.1217041015625 0.9160472934652616 0.903427864960579 0.9008906429336041
v -584.8324584960938 28.660724639892578 753.2159423828125 0.719485526816935 0.7101030540461105 0.7092089047986044
v 338.4875183105469 -25.26143455505371 -752.5011596679688 0.9026327796815168 0.8866646383863732 0.8782812181654795
v -1273.123291015625 74.14251708984375 40.0672607421875 0.4963776365277393 0.4963164919749515 0.5063769799948976
v 1368.89404296875 -56.70146179199219 375.65777587890625 0.5451504710730734 0.5485597103166855 0.5649526425241147
v -219.1005859375 21.49151039123535 730.1357421875 0.5127856238194197 0.5020805226326274 0.4950205886799301
v 198.0254669189453 199.41648864746094 -696.8095092773438 0.5192938185850575 0.5077197981106778 0.4993104852260309
v -384.87359619140625 -10.97286319732666 741.5697631835938 0.5187993242189972 0.5094397028562009 0.504766335879569
v -2341.30419921875 88.92449951171875 883.748291015625 0.6003485393789041 0.6374920057132221 0.703304025132211
v 1917.2314453125 -31.752986907958984 -1373.832763671875 0.4612307341961837 0.48650427994037165 0.5329836615142245
v 1109.5716552734375 50.805850982666016 -401.7749938964844 0.8463983472192205 0.84304306558256 0.8543083744019965
v 193.2044677734375 3.0284507274627686 86.45173645019531 0.8982161340407775 0.8632669093635841 0.8215576334354177
v -2026.874755859375 -5.756407260894775 -2092.36181640625 0.495022300572534 0.539407380610771 0.6117134760741769
v -597.9169311523438 33.78232192993164 -1719.906494140625 0.6874978139811428 0.7044385148911974 0.7438982925894164
v -2584.93896484375 51.262393951416016 -875.178955078125 0.4735964329980871 0.510356403378008 0.5723483926444999
v -1270.5013427734375 -18.09978675842285 71.73585510253906 0.9125065694942238 0.9123529296022073 0.9299327791319233
v -2429.553955078125 0.7915185689926147 -1326.9014892578125 0.7478854006332726 0.805583937354206 0.9021389923921536
v -703.4244995117188 -33.286903381347656 722.385498046875 0.5114108273609443 0.5056728613250758 0.5068687421975626
v 279.4154357910156 19.25541877746582 1857.9232177734375 0.663140254958673 0.681413858659086 0.7223377346157072
v 2571.361328125 22.32582664489746 17.177261352539062 0.6133516398798764 0.6537826804411815 0.724280534720267
v 772.05322265625 23.430131912231445 -619.7359008789062 0.5046373190748165 0.49859537980602825 0.49916515072225626
v 189.66537475585938 171.90066528320312 150.93382263183594 0.5701988308713904 0.5478618912262009 0.5215726732407729
v -2608.885009765625 12.866475105285645 -746.4959716796875 0.5903555868883903 0.6346485714047391 0.7095766056583558
v 2636.231689453125 -46.493038177490234 162.4055633544922 0.4433211774705753 0.4754357408836281 0.5305824538728164
v -2312.873046875 -36.356056213378906 -1694.4036865234375 0.512403029521881 0.5565735928962202 0.6291287574016549
v 139.7810821533203 45.87363815307617 512.0352783203125 0.5676609242269257 0.5510882378125861 0.535023307592009
v 699.4586181640625 70.07278442382812 1641.183837890625 0.7320176657071928 0.7486746394442111 0.7885897019830239
v 793.353271484375 34.29618835449219 -1947.0113525390625 0.47277185906791014 0.4917729963525262 0.5298268559890084
v 589.005126953125 76.83077239990234 -703.6512451171875 0.5101378577647055 0.5025619695973812 0.5007012390658491
v -1182.6842041015625 -1.7113568782806396 -1169.0855712890625 0.8567671504387188 0.8712242975413443 0.9102714026157428
v 874.0474243164062 -43.46894454956055 1512.5908203125 0.5046605034833918 0.5155857250294283 0.5426105342623511
v -1224.094970703125 1.5397367477416992 -1152.390625 0.7410406694331878 0.7542899745435653 0.7893199378814767
v 136.57630920410156 -6.447126388549805 -693.1810302734375 0.8498927804241839 0.831104518495209 0.8169132571261426
v 2246.216552734375 -2.8411753177642822 -929.3234252929688 0.5637620662103334 0.5964269501380128 0.6553454431020764
v 1344.555419921875 -20.847707748413086 136.5170440673828 0.9150474391803184 0.917909465927524 0.9402808687601685
v 211.74476623535156 -103.84281921386719 311.1737365722656 0.525272399095289 0.5069547706871321 0.4869052051991711
v -704.7653198242188 -61.265830993652344 1979.1204833984375 0.46459936313172007 0.48326622445591955 0.5206743727013622
v -902.5142822265625 -38.29051971435547 554.767333984375 0.8127979832395368 0.8056364838140894 0.8101319727716924
v -69.6679916381836 -31.876079559326172 2009.171142578125 0.6868947701626569 0.7103208342793694 0.7591537070845784
v -71.07424926757812 -11.144919395446777 -1935.6842041015625 0.8397234038092358 0.8648907284001731 0.9193552225171548
v 1360.4534912109375 4.971723556518555 324.79345703125 0.844570999916382 0.8489250855788871 0.872322866515504
v 1687.5594482421875 -41.23030090332031 -1593.7705078125 0.6129194405329975 0.6443137508582605 0.7026708993735812
v -1927.481689453125 22.535369873046875 1332.32177734375 0.7659723705530348 0.8054984874979565 0.8785079466059051
v -1360.4666748046875 -45.1436882019043 -585.462890625 0.7413330563954152 0.7478580191302524 0.7726992214363981
v -2115.7626953125 -20.735450744628906 1139.5426025390625 0.8247118785008486 0.8698485787782896 0.9518567834684714
v 1660.0889892578125 2.6223607063293457 2497.663818359375 0.5017043872320103 0.5496585759642708 0.6266206901165094
v -2624.081298828125 17.263469696044922 10.239790916442871 0.4862791519748854 0.52063302625833 0.5798420929801288
v 1797.2337646484375 3.258873224258423 2375.856689453125 0.49009682851502895 0.536353546061592 0.6108454300071131
v -2301.545654296875 39.16916275024414 895.031982421875 0.819505039689489 0.8674912795460342 0.9532044680181818
v 2258.35107421875 25.280649185180664 -962.3560791015625 0.6456057498852287 0.6834956297591794 0.7514221324517738
v -2481.83642578125 -38.726173400878906 514.8010864257812 0.4477515300729758 0.47713597993461837 0.528806047473824
v -859.3798828125 -33.027122497558594 630.42236328125 0.7249264366139533 0.7186757569227119 0.7230182224660122
v -2680.620849609375 -32.47376251220703 -402.7874450683594 0.5878993516430965 0.4461439682748373 0.4822686142755321
v -1345.719970703125 27.4383544921875 -380.2671203613281 0.492780539867189 0.49542590336361375 0.5096643313946376
v -2672.358154296875 -10.005511283874512 -300.4719543457031 0.45905049229972844 0.493600474864117 0.5523374021063903
v -925.9784545898438 -44.58350372314453 -1430.841064453125 0.6666117689849438 0.6793484223102383 0.7121872394467536
v -2618.00341796875 77.08523559570312 -604.081787109375 0.46278242446360346 0.49751093445506694 0.5565805634441141
v 2376.626953125 10.875274658203125 -746.4024047851562 0.5458006067495585 0.5794755287056236 0.6393072768294193
v 662.7786865234375 16.918123245239258 -689.8720703125 0.9308794755460015 0.9190446595939862 0.9180858500061815
v -226.25071716308594 37.785621643066406 767.6681518554688 0.5122124323252487 0.5022639828977279 0.4964725437069613
v 566.3652954101562 50.37319564819336 1735.2265625 0.820280660949632 0.8404261029850234 0.8871994375552902
v 1778.0587158203125 -24.401063919067383 -1492.8006591796875 0.839132837416153 0.8811797401176912 0.9593286359467913
v 342.7096862792969 -37.91106033325195 1868.495361328125 0.4771012798052862 0.49114995158792313 0.5222115796606274
v -381.37518310546875 -5.112024307250977 -1807.19921875 0.6321344466565573 0.6486232990230649 0.6863284410710995
v -1708.54443359375 -1.2861311435699463 -2461.4921875 0.4749885796519893 0.5205497853837445 0.5937049521201849
v 328.6376037597656 37.5038948059082 -2015.94091796875 0.47403632427436676 0.4915526282908003 0.5275310742699787
v -228.75714111328125 -31.806859970092773 -452.255859375 0.7361961519458773 0.7145209461573603 0.6930269485389834
v 2554.814208984375 26.572904586791992 1132.256591796875 0.5871766802748465 0.6343321878000687 0.7128473646163881
v -2531.10400390625 -23.196447372436523 -1126.385498046875 0.6598607392980231 0.7113244714435162 0.7974102599706857
v 2189.7490234375 -65.17012786865234 1824.414306640625 0.44435368204811415 0.48270769420095744 0.5459046465589463
v 1319.3116455078125 -57.02825927734375 -57.29265213012695 0.5345716132250095 0.5355888763660054 0.5480531280808323
v 2316.086669921875 -5.711841583251953 -866.6100463867188 0.6583720633620329 0.697650382448645 0.7677494231546347
v -1613.90234375 -18.250225067138672 1628.1842041015625 0.6432559631025019 0.6750411681637355 0.7346313186047355
v -1191.9517822265625 -25.80003547668457 309.57830810546875 0.5692527344998849 0.5681600648340226 0.577926876187988
v 1308.1771240234375 74.92407989501953 43.638729095458984 0.4959004797617657 0.4965980875673404 0.5078469428059825
v 2090.163330078125 10.794843673706055 -1237.7784423828125 0.7670670093654083 0.8103896176764239 0.8885660710017786
v 981.04736328125 -2.020867347717285 1342.4010009765625 0.49985019153623683 0.5086407468522779 0.5323917222326342
v 2603.431396484375 -10.479844093322754 874.2236938476562 0.44349792583715575 0.4786711238302836 0.5377851057591007
v -2217.779296875 0.2715406119823456 973.7381591796875 0.5720712748955373 0.6048811660135832 0.6641954855547136
v 1316.198486328125 -8.428150177001953 -1761.4764404296875 0.47340978608601275 0.49495158504586895 0.5365767349662098
v 1164.750732421875 -18.079483032226562 -293.82562255859375 0.5394869045810275 0.4084061603176716 0.44181050259394755
v 2496.61572265625 9.521466255187988 -422.5196838378906 0.7136346386770348 0.7584507680199556 0.8373030338819979
v -1735.7232666015625 -8.975519180297852 1488.9334716796875 0.48550131363681975 0.5099475088490477 0.5558579014775337
v -1148.9095458984375 -35.05902862548828 297.61376953125 0.799015696500135 0.7960568853846457 0.8070823969450128
v 1140.48876953125 -57.1300163269043 -302.0205078125 0.49912207242175316 0.4970537371051708 0.5039697092168811
v -1281.1585693359375 12.225871086120605 -959.2415161132812 0.6419245491779537 0.6511109492681951 0.6781506005340568
v -2643.866943359375 -5.003494739532471 -854.0831909179688 0.4418019861807816 0.47780393756820366 0.5379333011121535
v 1750.87548828125 50.4439811706543 2430.07568359375 0.7695229311920028 0.8403402941109647 0.9540713071081098
v 1217.51416015625 -21.056482315063477 -177.5335693359375 0.6068750177602604 0.6056881836741408 0.615998573890833
v 2588.79296875 -22.882667541503906 -27.076244354248047 0.7289569462387558 0.5560992218838089 0.600149919063448
v 544.0436401367188 -13.140217781066895 -717.751953125 0.8508582502072666 0.8381659139083415 0.8342709007097091
v -1128.392578125 -22.49709701538086 342.0971374511719 0.6761003255292176 0.6733521465017176 0.6824461481690334
v -2018.8282470703125 -30.47608184814453 1243.500732421875 0.6615587642016261 0.6971081751672005 0.7622603215188666
v 1295.5478515625 28.299137115478516 -1810.1448974609375 0.6374911081848977 0.6666654985730431 0.7225256287181019
v -2354.395263671875 -22.664899826049805 -1597.3873291015625 0.4385633332162929 0.4763207829613892 0.5385925645269135
v 639.6612548828125 28.89475440979004 -1951.9371337890625 0.5210765149747666 0.5404687443283521 0.5800986130701435
v 1326.3818359375 -61.89189529418945 104.72711944580078 0.6127552144128616 0.6141700920725547 0.6286998061617411
v 2008.0587158203125 24.418838500976562 2197.052978515625 0.6346147897886714 0.6930214786143447 0.7871215042672136
v 795.3294067382812 90.6729507446289 -686.968505859375 0.5337405613304742 0.5286982858540071 0.5314488102033288
v -1357.67333984375 -43.92802047729492 -406.8580627441406 0.7379945611157694 0.7424293828671408 0.7639813920695743
v 1010.7499389648438 -18.038965225219727 -520.5452880859375 0.5066608496034835 0.5036516372178381 0.50919514147427
v 2186.007568359375 33.641998291015625 -1027.783447265625 0.4591809488694874 0.4859037973184846 0.534296855589465
v -1620.357666015625 53.081871032714844 1586.5560302734375 0.5182926017812489 0.5436611207341024 0.5915855576811027
v -1284.09423828125 -44.14018249511719 -128.52783203125 0.7555504405364852 0.7559914443594762 0.7716195848414572
v 753.8305053710938 47.4825325012207 1556.9820556640625 0.49274764571470314 0.5030280086922215 0.5288659463311718
v -950.2579345703125 -35.54397964477539 -1442.564697265625 0.8668804374219804 0.8840835148700925 0.9274223968966844
v 595.294921875 7.260303020477295 -732.36865234375 0.5680773197938394 0.5603089183940494 0.5592255822148146
v -1355.3419189453125 -59.438072204589844 -160.12738037109375 0.6961694225224566 0.6987837741541634 0.7167298059398219
v -2530.82080078125 22.693252563476562 284.80859375 0.6400147544353907 0.6811041147306041 0.7531533298745802
v 847.9812622070312 -34.4146728515625 -1947.400634765625 0.5851257499220787 0.6088467138357816 0.6559514914012128
v 1319.6539306640625 0.6882218718528748 493.5462341308594 0.8035825749350656 0.8080927553865719 0.830975155413935
v -1125.904052734375 36.00540542602539 340.0927734375 0.8829804329885839 0.8793487810454886 0.8908465697635495
v 1313.0216064453125 40.74602508544922 41.89925765991211 0.9216142458982952 0.9230349225872835 0.9432660387524383
v 1186.6292724609375 40.799072265625 -1858.884521484375 0.8117729420211685 0.8473887170991165 0.9160572099891144
v -2370.294921875 27.834775924682617 793.9130859375 0.6503151039368872 0.6901814528842306 0.7608659320520952
v -1050.156982421875 -25.443470001220703 -1367.3289794921875 0.5419505272153404 0.5530023681868151 0.5809354081023064
v -2201.001953125 -39.13115310668945 -1836.421630859375 0.8633490660021874 0.660858690038875 0.712460912162365
v -1328.345458984375 -33.107261657714844 -609.5958251953125 0.737622409817104 0.7434812291330786 0.767228085640107
v 945.7728881835938 38.93819808959961 -526.8652954101562 0.8406671171956687 0.8340475322548055 0.8399425153644057
v 1812.5333251953125 2.6384894847869873 -1470.4339599609375 0.4941328888971935 0.5203088563945811 0.5687858770219535
v 581.5453491210938 -14.354214668273926 1737.11865234375 0.5802191559361036 0.5950274172805347 0.6292478317096343
v -342.24285888671875 25.624755859375 -1812.8267822265625 0.7998081439607109 0.6113281751780812 0.6593600141326273
v -346.0906677246094 -59.48577880859375 2009.2335205078125 0.5602753910993433 0.5805372065607968 0.6222243539549281
v -845.2765502929688 24.782257080078125 -1561.5478515625 0.7208688289115748 0.7370006087771993 0.7759236167918714
v 1115.42333984375 16.041976928710938 1189.3641357421875 0.4838569158814951 0.4916507987869915 0.5136003760971278
v 1736.6917724609375 32.889495849609375 -1537.31982421875 0.7014056561441213 0.7368870819620924 0.8028770178996644
v -131.27700805664062 -54.750732421875 1967.6943359375 0.6050861819860732 0.6247353872213169 0.6664740752821047
v 1382.369140625 -11.258039474487305 -1815.267822265625 0.7403898067308965 0.7761540450012182 0.8434258988132791
v -2513.49560546875 18.079055786132812 -1025.7109375 0.4842716779375397 0.5213198506498828 0.583977808668707
v 2571.234619140625 10.907804489135742 860.2285766601562 0.4986335559357004 0.5365578888611635 0.6007417799338011
v -717.2698364257812 1.434668779373169 2005.8741455078125 0.6778214901551762 0.705201940483765 0.7594432799487658
v -943.9072875976562 18.70594024658203 -1431.6717529296875 0.693145025895427 0.7066932318089966 0.7412506981341238
v 1297.04638671875 17.567211151123047 117.1906967163086 0.4985141685506214 0.4990719698489628 0.5101488608422377
v 2476.601806640625 -48.28359603881836 1312.7877197265625 0.44473655661994993 0.4816897655350995 0.543117781531285
v 1283.397216796875 24.598108291625977 32.12853240966797 0.4986233296826022 0.49877913423669124 0.5092239007456923
v -32.150054931640625 46.13475799560547 -1956.0604248046875 0.8310039273539495 0.8567246291170681 0.9118092362555734
v 351.84478759765625 1.8001251220703125 -762.5068969726562 0.5497073508368853 0.5399341432197168 0.5351610556212267
v -1392.252685546875 22.737335205078125 -133.6278076171875 0.5482346528519506 0.5511535579053038 0.5668422841684163
v -186.8235626220703 119.54219055175781 -125.671630859375 0.6536076367759102 0.6279178464373592 0.5974425485842535
v -790.103515625 0.2574222683906555 -1530.707275390625 0.4874091035328619 0.49741605008829487 0.5227447276670197
v -2033.7816162109375 59.61906814575195 1222.5797119140625 0.5833072092181195 0.6150383239109924 0.673162233173557
v 1951.40869140625 27.708742141723633 2237.026123046875 0.4364882214855706 0.477866883579337 0.5446237861448708
v 81.42111206054688 203.32638549804688 -673.3659057617188 0.640737697938644 0.6256266037776065 0.6135763262368654
v -1286.4144287109375 -7.242956161499023 -0.31892138719558716 0.5024728945920898 0.5026868138454184 0.513294249115168
v 563.034423828125 -46.24762725830078 -720.0213012695312 0.5950496625880838 0.5862516680298371 0.5839721517158125
v -1147.9447021484375 -71.24175262451172 239.2410125732422 0.6376594843346509 0.6348844317608229 0.6432255882127038
v -1569.5306396484375 33.688358306884766 1629.3724365234375 0.4731281411055777 0.4963526306416847 0.540301117001808
v 235.9248809814453 -41.972869873046875 279.7059631347656 0.9066465911985281 0.8759731903172447 0.8421801393557636
v 502.46807861328125 -38.1634521484375 -728.6700439453125 0.5352890560713434 0.5266928512346343 0.5236125790408876
v -161.80313110351562 -2.0998623371124268 742.21044921875 0.9036677924119083 0.6922873858769536 0.7461551093872721
v 1359.5540771484375 -51.9585075378418 200.78085327148438 0.7926924429698746 0.7959656328608499 0.816721764136331
v 1595.7947998046875 8.08034610748291 -1667.4295654296875 0.5587388642402624 0.5871669676619653 0.6402162662052769
v -2011.7880859375 -24.97470474243164 1297.9327392578125 0.8021070096616293 0.8456748970253575 0.9250229860568591
v -865.73095703125 -11.262364387512207 555.2697143554688 0.5675787168174704 0.5617324572477023 0.5638014673761342
v -50.874168395996094 -35.6036376953125 -612.89208984375 0.8278700373315776 0.8068221494944607 0.7883061215559629
v -435.6293029785156 -4.51083517074585 -1810.41552734375 0.4798569512919733 0.4930584064134082 0.5229429385978285
v 1282.8074951171875 -14.4073486328125 -48.53797912597656 0.5549020325072689 0.555071911205741 0.566575653757281
v 29.754716873168945 61.65149688720703 -1934.3382568359375 0.4719995390469878 0.4867639993880701 0.5187584339020984
v -1882.099365234375 -61.03256607055664 -2330.607666015625 0.4287211233028107 0.47028396187544125 0.5370268334664451
v -958.1362915039062 16.642724990844727 569.4678344726562 0.7406035766004512 0.735673309284114 0.7424482251033047
v -2436.22265625 37.4365348815918 -1485.294677734375 0.6258086325862893 0.6782297062553112 0.7645557369074035
v 1541.5966796875 18.256193161010742 -1659.9488525390625 0.5281719778190791 0.5539068752458274 0.602559720418203
v 213.35755920410156 35.72758483886719 -744.4606323242188 0.5745832128192588 0.5629762956943926 0.5555941371273347
v 127.39290618896484 63.25221252441406 539.0199584960938 0.8565964376890198 0.8330224587695477 0.8107062873050538
v 1310.7235107421875 5.888926029205322 732.5460815429688 0.691323626435005 0.6980681416659982 0.7223153333327061
v 320.9233093261719 33.404903411865234 -1993.3524169921875 0.8202548314845365 0.8482512965520952 0.9063751775574128
v -231.75372314453125 74.10985565185547 -284.9405517578125 0.6606647051536105 0.6378681628887293 0.612774276389413
v 2620.640380859375 29.708925247192383 840.5131225585938 0.5519784183074101 0.5950156232222786 0.6672633026912408
v 498.4369812011719 45.73892593383789 -744.826171875 0.511228794917271 0.5032060984522307 0.500623158880894
v 140.10911560058594 91.34901428222656 547.6361083984375 0.5248523402781614 0.5100745646239517 0.49625818213356493
v -2179.239013671875 7.209883689880371 -1930.51318359375 0.4760025578034293 0.5187945454409758 0.5885271979357354
v 1974.7264404296875 -49.487571716308594 -1280.7916259765625 0.46166069649622027 0.4868217300034869 0.5331581937110496
v 953.3392944335938 8.87498664855957 -521.044921875 0.7109409422035159 0.7053887856677526 0.7106063186140391
v -365.6899719238281 -21.43747901916504 751.0098876953125 0.5781512828772735 0.5678194574618806 0.5626557964033734
v 1316.463134765625 6.13510799407959 126.28324890136719 0.8939568119889632 0.8956672878550783 0.91584425310276
v 1691.4805908203125 45.0555305480957 -1530.602783203125 0.48137283363328304 0.5054767018501372 0.5508226435806901
v -192.10989379882812 35.4525032043457 1972.451904296875 0.7914230834022866 0.8170057316715239 0.8710817382066617
v -52.970218658447266 29.1214599609375 689.8010864257812 0.5255656701944885 0.5132223194586829 0.5036230498292831
v -1906.58837890625 13.225111961364746 -2278.38330078125 0.444794820217449 0.48694685282271505 0.5549241244341573
v 2442.2119140625 9.691950798034668 1434.827392578125 0.4505360812133478 0.4888203705124435 0.5521092633191118
v -2481.609375 24.993053436279297 496.16595458984375 0.5476019654144844 0.41473191209731564 0.44859224373171974
v -326.1332092285156 -47.509498596191406 -1811.2940673828125 0.6618561145196853 0.6788444179414714 0.7178679987155246
v -2176.83984375 -6.315442085266113 -1921.795166015625 0.43388761337609794 0.4730549265984239 0.5369671755481935
v 159.65586853027344 -193.16282653808594 507.3672790527344 0.7723951367011223 0.7504035927020938 0.7291094388654111
v -151.52978515625 -138.0303192138672 -519.3621215820312 0.9576173636148692 0.7343414081689571 0.7912405908783402
v -1229.8961181640625 52.077308654785156 -970.9340209960938 0.6897177653962602 0.6984796164992401 0.7257752880526496
v -2526.52783203125 29.708499908447266 -1032.1746826171875 0.4402324175689346 0.47467684720875275 0.5327620662313353
v -1234.7803955078125 -19.979644775390625 171.702392578125 0.5507896607078324 0.41721673797564096 0.4512561833181911
v 666.0584716796875 -12.252522468566895 -701.8782958984375 0.5933033390193853 0.5857772834980853 0.585569832531116
v -947.5289306640625 -37.35210418701172 505.9906921386719 0.5057514822939724 0.5014309911966469 0.5048355286287498
v -1528.1513671875 -48.21817398071289 1682.76611328125 0.5273475539351041 0.5532756654421185 0.6021758301194514
v -298.1695861816406 -48.158565521240234 769.32958984375 0.7452306124794958 0.7318861069128794 0.7248789613944246
v 217.24696350097656 -48.60338592529297 -734.2727661132812 0.5588579381069294 0.547356812640019 0.5398471642606306
v -1145.0472412109375 -33.96934509277344 -1254.365234375 0.5433831332670238 0.41144331495702585 0.44506658515233694
v -1054.7940673828125 -7.980284214019775 1891.4754638671875 0.4708338770828983 0.4914004637583154 0.5316096503662602
v 2033.960693359375 -46.59705352783203 -1316.602294921875 0.7497615096452147 0.7919016683778562 0.8680682614204046
v 1301.2864990234375 -61.90072250366211 900.047119140625 0.8339545998204227 0.8449854248705867 0.8784357377669452
v 1149.42578125 13.84055233001709 -1893.7628173828125 0.5795237946462131 0.6059136261154766 0.6566230258155861
v -208.2042694091797 134.24232482910156 -351.89605712890625 0.5710736808834325 0.5519536762939784 0.5314682889475557
v 1092.88232421875 -36.79048538208008 -1926.5528564453125 0.47441571862515014 0.4964249630106577 0.5387217570897792
v -2527.8203125 11.741564750671387 265.16278076171875 0.4578789301852954 0.488054977598454 0.5410304153587876
v 2397.748291015625 -37.42017364501953 1533.1656494140625 0.6550516116561134 0.4984895562752862 0.5383875161559585
v -2132.62255859375 61.681148529052734 1119.0230712890625 0.6729383774681191 0.7104914612694487 0.7786260766411017
v 2636.240966796875 -33.510704040527344 624.393798828125 0.4435433901024847 0.47763159665137683 0.5353480803428088
v 582.5903930664062 14.485666275024414 1690.8905029296875 0.6053955708635296 0.6195028641300607 0.6531879943663464
v -178.7419891357422 -43.399967193603516 -1954.8616943359375 0.545187005156497 0.5627983678013962 0.6003834672195345
v -2275.691162109375 -37.250213623046875 -1804.0909423828125 0.8089801454145676 0.8782127490572603 0.991179289949968
v 2533.116943359375 3.1608731746673584 -227.5463409423828 0.6131376502960879 0.6525088874941603 0.7216009314828423
v 157.2733612060547 -13.234397888183594 1908.8018798828125 0.766036353497916 0.7883044007414682 0.8370888460470347
v -1274.2017822265625 34.70664596557617 138.61598205566406 0.6432762042194462 0.48931055584735467 0.5285468264990467
v 1347.520751953125 13.741186141967773 644.39208984375 0.6678387287744394 0.6741360706973614 0.697259938140786
v 2350.982421875 29.520893096923828 -832.499267578125 0.4660119679683315 0.49529869784542696 0.5472965722605618
v 1376.1041259765625 18.46458625793457 324.48309326171875 0.6181190963152516 0.6217887018981431 0.639935720321794
v 146.91468811035156 125.19645690917969 548.9396362304688 0.9519460905235114 0.9263825462471706 0.9025617846255747
v 479.5755310058594 -17.598176956176758 -736.2507934570312 0.6368422177994415 0.6266090505323396 0.6227351052945309
v 2561.092529296875 -26.816360473632812 953.0270385742188 0.6615529100014692 0.7115352918784051 0.7957653106589817
v 470.5653076171875 20.18029022216797 1783.5777587890625 0.47409132632776424 0.4867302761947248 0.5156792406193408
v 783.5440063476562 -15.45363712310791 -1929.7869873046875 0.5167410474031404 0.5367794099768813 0.5772330526877791
v -1368.2420654296875 -15.237497329711914 1744.085693359375 0.4936879574851369 0.5165477756293971 0.5604527808160359
v 2573.944580078125 63.303802490234375 1098.9024658203125 0.780438625913968 0.8419982931314358 0.9444140618862351
v -40.06316375732422 -113.18338775634766 -632.0303344726562 0.8404422876941289 0.8196410422098791 0.8018051654329215
v -157.04246520996094 -10.277322769165039 744.7047729492188 0.5376783306864398 0.5264790380295999 0.5190674304285497
v -2004.19677734375 37.14094161987305 1308.0665283203125 0.7236301142280916 0.763173742560557 0.835209122171546
v 2357.87939453125 -39.38627243041992 -750.2897338867188 0.618086138356752 0.4696747577729729 0.5074955983362484
v 703.85791015625 81.58159637451172 1614.531494140625 0.8096074285899841 0.8270330497091836 0.8695935014660043
v 2526.81982421875 22.07908821105957 -334.7301940917969 0.8237489910500932 0.8758032675062902 0.9670350372899154
v -211.1796875 -22.023433685302734 -120.53921508789062 0.6691670843530436 0.6433112448570815 0.612891390173197
v 1718.4725341796875 -45.69367599487305 -1548.409423828125 0.570544788126073 0.5996867141330776 0.6539850656801235
v -2114.088134765625 -55.722389221191406 -2027.4510498046875 0.5425241293087179 0.41077370175252464 0.44434871688637717
v 2365.637939453125 -1.0623451471328735 1562.3594970703125 0.47178097750382514 0.5117537917255579 0.5778034706638263
v -2017.7801513671875 -33.63479995727539 1271.5418701171875 0.847851318637696 0.893307410096109 0.9762988117549282
v -75.4869384765625 -37.81291198730469 699.828369140625 0.5241535387260086 0.512077064487604 0.5029062120395922
v 879.1339721679688 -6.343082904815674 -580.9524536132812 0.591686113862625 0.5862145792189319 0.5893450287347416
v -946.244384765625 -23.053815841674805 563.5048217773438 0.5082889443570537 0.5045185753650147 0.5088626718621142
v 173.14096069335938 39.81575393676758 1921.2056884765625 0.6013760224394092 0.6195952174424172 0.6591988476449004
v 2526.78369140625 77.88162994384766 1157.6590576171875 0.45562748790011814 0.492660543203352 0.5545006277103631
v -2488.47412109375 44.382015228271484 406.1773681640625 0.4736632869002833 0.50417486169616 0.5579939886810218
v 1871.0511474609375 16.055896759033203 2272.0517578125 0.4591200808775719 0.5015822329571866 0.570388338246331
v -2668.893798828125 -20.0579833984375 -267.73126220703125 0.6024946302906212 0.6464220530941183 0.7212074619617735
v -827.3129272460938 4.3643317222595215 -1547.494384765625 0.6563642359720889 0.6704958655568055 0.7052089255387707
v -136.03440856933594 -54.982887268066406 1977.3450927734375 0.644899471842755 0.6660612419670767 0.71078721721484
v -741.5148315429688 -6.608330726623535 -1576.2685546875 0.4810351879674422 0.4913811448687028 0.5170901628807326
v 1067.91552734375 -14.811027526855469 1332.3997802734375 0.8135703056065418 0.8290229691921785 0.8687314651975954
v 2467.40087890625 -20.384536743164062 1316.4609375 0.44004634502250106 0.47646209083315966 0.5370703949034253
v -2349.996337890625 19.28361701965332 -1706.0823974609375 0.5060980621600544 0.5510581787202473 0.6244200897307911
v -1286.1097412109375 35.29609680175781 -36.143978118896484 0.5173248176521857 0.5175489805633028 0.5284462032966587
v 913.2368774414062 25.88395881652832 -544.36572265625 0.7708465568502721 0.7641469403494534 0.7686135006400447
v -231.6753387451172 35.16197204589844 760.9017944335938 0.7183264035903726 0.7046306235770149 0.6965114998454153
v -2643.74169921875 18.653532028198242 -816.7609252929688 0.43819817575718456 0.4736045684700126 0.532869454808259
v -1142.1402587890625 48.328636169433594 -1218.7816162109375 0.6913023996258534 0.7033719743584295 0.7356866098861947
v -829.38671875 -17.44239616394043 1985.1981201171875 0.6368396872206539 0.663412236070864 0.7156344251335773
v 2160.755615234375 44.798744201660156 -1040.7940673828125 0.47237972377669896 0.4993051308946353 0.5482877144823589
v 164.22958374023438 -2.313035249710083 -765.6343994140625 0.7999878704939306 0.7844802288437309 0.7748860759046681
v 2244.740234375 -37.49890899658203 1827.221923828125 0.6062488794677214 0.6588398509649881 0.7448006606978956
v -162.71726989746094 73.67015838623047 -560.191650390625 0.7209895973983184 0.7016754151986069 0.6839894413234751
v 2513.254638671875 -23.733518600463867 1168.87548828125 0.49981757668485755 0.539804296396434 0.6066744527507157
v 1407.766357421875 -3.9799458980560303 487.4146728515625 0.8543244723229876 0.8620997273619214 0.8909640678553232
v 2283.916748046875 42.53064727783203 1703.4232177734375 0.5309109762354146 0.5758782598493051 0.6499853935970014
v 559.8267211914062 -12.245052337646484 -748.1803588867188 0.5820014610634499 0.5738455363359564 0.5723838949557007
v 2639.983642578125 66.02525329589844 605.6709594726562 0.7188611770557861 0.771746948383835 0.8613015974103789
v 1326.145263671875 13.409520149230957 209.99085998535156 0.7371354803371767 0.7391955732082153 0.75703019957605
v 1950.5924072265625 45.39176940917969 2248.238525390625 0.7942382067518321 0.8661645843665797 0.9820462364490475
v -2314.787353515625 -51.931148529052734 860.8521728515625 0.7652600842501363 0.8102797945396107 0.8906896600891606
v -639.22802734375 36.65501022338867 -1721.49951171875 0.47447437994020697 0.4869244815148283 0.5156047891470132
v 377.1923828125 -3.2598893642425537 1797.5933837890625 0.4895683209494211 0.5023830155064366 0.5318950887004704
v -1330.7694091796875 -25.05185317993164 -705.7139892578125 0.5882564115305253 0.5941965583233018 0.6152899329020387
v -64.6551742553711 -27.81443214416504 -589.2149658203125 0.7289831718925138 0.7097138977776948 0.6922690423828215
v 1960.3736572265625 28.91429328918457 2218.9375 0.4879301623789362 0.5333749366859931 0.6067892299429669
v -603.2991333007812 30.40119171142578 1988.0343017578125 0.6297781370957716 0.6536047779511286 0.7018111306902883
v 19.587770462036133 -13.054018020629883 -1984.6422119140625 0.7520886720879446 0.7765947454884252 0.8283187228748208
v 99.30254364013672 8.894665718078613 1971.083984375 0.470054691087378 0.4857216687611879 0.5189756697938314
v 1928.712646484375 -47.0115852355957 2204.245849609375 0.5654799565205744 0.6161653421886346 0.6985040863883102
v 447.23883056640625 -6.061279296875 1768.140625 0.588461760945033 0.6032284605229971 0.6375504596430481
v 2627.498291015625 -9.850137710571289 467.8205261230469 0.7655379282209984 0.8197190803866612 0.9122191102335944
v -2585.6337890625 -9.822888374328613 -993.6688232421875 0.7830563323607038 0.8433678567554168 0.9442621297066623
v -1287.215576171875 35.95832824707031 -822.4861450195312 0.5155525813861948 0.5213244016072 0.5408031886944981
v 901.5372314453125 33.38886642456055 1468.7926025390625 0.48072153679887014 0.49062414148905215 0.51566883557382
v -1230.419677734375 31.902441024780273 -1034.62353515625 0.8815693142015021 0.8941981533766744 0.9309642528714125
v -1763.8402099609375 -19.022109985351562 1476.6705322265625 0.4790817825599248 0.5036095211546573 0.5494849064042978
v 2530.10107421875 5.021437644958496 -184.12571716308594 0.44961777971745504 0.47917072669539945 0.5311113428688717
v -224.38385009765625 -115.20123291015625 -233.82081604003906 0.5564673907120332 0.42164255913842086 0.4560010303581055
v 734.099609375 18.889217376708984 -1938.15869140625 0.603080751181773 0.6258183562909925 0.6719187097859605
v 104.87207794189453 21.99150848388672 1911.546875 0.4914491516749056 0.5062484495774815 0.5386864227761323
v -1199.3900146484375 -1.5043516159057617 216.52340698242188 0.6150660753914428 0.6135647892543366 0.6235254380280644
v -309.72332763671875 -25.85405731201172 2010.36083984375 0.47038287327519274 0.4875652803761878 0.5229923433753844
v 2151.128662109375 -33.61037063598633 -1096.130126953125 0.5031380602719813 0.5321077081825081 0.5845870010314896
v 1169.43212890625 -39.93148422241211 1132.59130859375 0.6300746662662222 0.6399076805158137 0.6676991818949991
v 2543.359130859375 -20.862165451049805 -342.7300720214844 0.45796982774825173 0.4888557012189097 0.5427718579856219
v -924.4332275390625 -20.853200912475586 1930.3359375 0.7817913889921783 0.813468545423606 0.8759837095562761
v 934.674560546875 -8.204269409179688 -1945.1771240234375 0.4707466859975061 0.4911113868393285 0.5310364441268502
v -215.1655731201172 -58.074859619140625 -415.1198425292969 0.5460209303926651 0.5287933587297127 0.5111244465510484
v 2533.53564453125 6.808028221130371 1190.8104248046875 0.43740372026849367 0.47370814252500476 0.5340989077275969
v 1261.5670166015625 63.3868522644043 -97.31304931640625 0.5760264318984432 0.4368889397049139 0.4723464523949917
v -1239.587158203125 20.679702758789062 24.803253173828125 0.685231699618496 0.684174458489008 0.6961348760777175
v -15.417097091674805 152.3349151611328 -631.7055053710938 0.9326961080386151 0.9097054267010153 0.8899519801871335
v 1716.596435546875 0.010554988868534565 2432.19921875 0.73713743702975 0.8042523300549146 0.9123730461253893
v -834.1447143554688 77.65251922607422 1923.710693359375 0.478877961815882 0.49795163053781916 0.5362380099813104
v 2635.26025390625 -3.8085713386535645 94.62863159179688 0.492709057971982 0.5278726795683285 0.588310225458392
v -929.1223754882812 35.00954818725586 1924.962890625 0.8493225457315595 0.8834310081891447 0.9508158307171656
v -332.72418212890625 -21.6566219329834 -1826.284912109375 0.48200704257066723 0.49512123529176183 0.5249211836745026
v 464.418212890625 8.286603927612305 1768.71630859375 0.8689369057079981 0.8903420634583891 0.939920368366798
v 2016.3074951171875 -34.93259048461914 -1282.2086181640625 0.678116451428222 0.7152000293702259 0.7828236011403616
v 1320.01513671875 -79.05316162109375 676.0135498046875 0.837789219898367 0.8451763737707778 0.8731368842961889
v 206.3780975341797 -153.29086303710938 406.9451904296875 0.753818633482559 0.7303415731001467 0.7060460667936709
v -408.75396728515625 -46.33163070678711 2011.20654296875 0.6127472364885808 0.6351691377581704 0.6810255279448043
v -1232.1317138671875 26.03224754333496 211.29745483398438 0.739892164194384 0.7390733595111131 0.752419557549754
v 1105.0125732421875 -6.029502868652344 1138.16943359375 0.5728430560493366 0.43440749023597963 0.4696861308983556
v 2501.259033203125 54.06340026855469 1315.7802734375 0.46172267614936663 0.5006568808616915 0.5650956881523832
v 1092.394287109375 -4.374693393707275 -407.3877868652344 0.864971571245723 0.8610507807844315 0.8717521975584234
v -78.33783721923828 38.87397766113281 -1877.95068359375 0.4879103217076369 0.5017441245737887 0.5327100778567315
v 1220.74072265625 79.6867904663086 998.9057006835938 0.4871873126774115 0.4938035675422037 0.5140361811800234
v 2290.49462890625 -71.00138854980469 -901.7948608398438 0.4532197288400816 0.4808913722007467 0.5304150031917061
v -58.94977569580078 -35.317237854003906 1941.244384765625 0.49788629472909435 0.5135707122898401 0.5474176761443119
v 2604.134765625 -45.02555847167969 555.8407592773438 0.5113843985351684 0.5485866513872691 0.6121797159133264
v -697.5166015625 39.61817169189453 1990.812255859375 0.4861179347620777 0.5057849954638545 0.5450624417321538
v -1102.66259765625 -7.083750247955322 433.8102722167969 0.887828026150409 0.8844931012602323 0.8965556670422774
v -2623.215087890625 60.55770492553711 120.94432830810547 0.4752522651019014 0.5089636552883318 0.5670415961798344
v 2621.023193359375 2.5760340690612793 216.7007293701172 0.45656448997848104 0.4892033707973272 0.5453856083713543
v 716.9219360351562 65.31520080566406 -663.12646484375 0.6243450545526344 0.6166793500926849 0.6168257000201037
v -776.6312255859375 66.59717559814453 624.676513671875 0.5389106548974406 0.532642716666165 0.5334840523439733
v 1037.1312255859375 51.80289840698242 1292.32373046875 0.48132630571740503 0.48969275970940823 0.512454925500134
v -942.1650390625 12.565987586975098 584.7650756835938 0.7262896726104949 0.7212810172216999 0.7276638544858162
v -266.0234375 -0.4904952645301819 2014.093994140625 0.8701655314507275 0.9003125045066152 0.962540448162322
v -510.1401062011719 14.434188842773438 735.7573852539062 0.6887125785473811 0.6781512110980602 0.6747187626786312
v 1299.1590576171875 11.007702827453613 893.4663696289062 0.5933580437194482 0.6012532202564059 0.625422429787179
v 246.87779235839844 -120.70411682128906 245.33758544921875 0.6986161803545419 0.6741557371848726 0.646916439782488
v -2363.580078125 -33.03599166870117 -1535.85107421875 0.43733922113164814 0.4742129049650828 0.5353270528783127
v 2139.785400390625 50.11381530761719 -1127.3321533203125 0.4827628551940745 0.5107979981269352 0.5615274030346631
v 1281.5394287109375 -5.538221836090088 853.37548828125 0.6146597339277675 0.6217726530455799 0.6451516540741783
v -679.192626953125 13.562993049621582 697.260498046875 0.536286367488974 0.5295457667096108 0.5295602291422697
v -2477.837158203125 -39.82334518432617 -1255.43310546875 0.520833922120289 0.5625401588940004 0.6322056438217886
v 216.88067626953125 24.3160457611084 354.4554138183594 0.8648024786822193 0.8369069700664843 0.8071569218441069
v 791.1793823242188 -22.312089920043945 -681.5328369140625 0.5976243078485863 0.5918738312088939 0.5946600607509026
v -1165.802001953125 -38.00145721435547 296.8849182128906 0.6255333372060553 0.6235966393920537 0.6330556783511724
v 1371.01318359375 -72.40609741210938 641.9781494140625 0.8604062356443475 0.8691463822254129 0.8996031186519978
v 2677.34033203125 -35.05524826049805 630.5130615234375 0.4543828784308385 0.4904534533771819 0.551024445151018
v 687.0280151367188 10.750244140625 1626.440673828125 0.7926071613916634 0.8098519690776416 0.851814800591713
v -313.2447814941406 0.37110212445259094 731.9539184570312 0.6378488095307961 0.6255969365909925 0.6183542340796767
v -1276.548095703125 4.490272045135498 1806.8837890625 0.7560080672946291 0.7896170290495911 0.8542629173968941
v 1996.8160400390625 58.97584533691406 2205.34228515625 0.7237275985368723 0.7896104826696826 0.8957817402721456
v 1067.073486328125 49.74415588378906 1283.952392578125 0.5606134175189981 0.5705476202791727 0.5971708427687097
v -239.515625 7.359384059906006 -1896.131591796875 0.48032986024575136 0.4947483843859786 0.5264109505551188
v 1100.8043212890625 19.170085906982422 1254.667724609375 0.5222583751511488 0.5315645516143358 0.5565154069675562
v 2532.200927734375 5.361318111419678 1136.88037109375 0.45061443311260435 0.48717367214452495 0.5482655394121491
v -1731.5181884765625 23.37400245666504 -2408.715576171875 0.44616662613097063 0.4882945520994118 0.5562844138892697
v 191.06564331054688 -29.283687591552734 415.0667724609375 0.5520897256992519 0.5344806983160154 0.5162670194980294
v -1035.3568115234375 -20.352203369140625 1892.5108642578125 0.7524219197902283 0.783662368899015 0.8449289310852255
v 1111.4530029296875 21.113525390625 -1863.329833984375 0.5706302894539196 0.595222298459459 0.6432333163578231
v 828.8125 46.02503204345703 1498.0960693359375 0.5572139131171581 0.568226890350011 0.5963959963414139
v 2379.38330078125 -11.970696449279785 1550.420166015625 0.7228043397108396 0.7820593719314314 0.8798804486253854
v -881.7769165039062 8.463045120239258 1948.726806640625 0.6376581621084886 0.6638335893741584 0.7155170563323123
v -1030.8399658203125 33.045127868652344 443.4056091308594 0.5030914010898707 0.4997913862240256 0.5047997089578048
v 1243.826416015625 -28.764339447021484 826.97216796875 0.6857210975219257 0.6921735568621123 0.7158684575548043
v 1473.744873046875 5.8143205642700195 -1734.59033203125 0.7351531827610335 0.7704560794902473 0.8369744173806614
v -1726.3807373046875 -4.2132697105407715 1562.109619140625 0.4732156622923009 0.4982360075135068 0.5446501083265185
v 1655.029296875 -63.78547286987305 -1574.51708984375 0.4619690682232486 0.48528451033239334 0.5291048412846912
v -2487.07763671875 51.976417541503906 522.6008911132812 0.45637659215346155 0.4864557683247189 0.5392647909696731
v -1339.1883544921875 31.57050132751465 -403.6094055175781 0.6325075082178989 0.6358351829750685 0.6537172205099284
v -1923.8675537109375 -6.525638580322266 1384.1829833984375 0.7028472733098149 0.7404052148559525 0.8092573924287418
v 2608.7568359375 23.748233795166016 -84.18952941894531 0.4526430926104556 0.4844588981015529 0.5394603495015027
v -529.9354858398438 -23.358243942260742 1973.920654296875 0.6735010703416587 0.697665789183304 0.747272171877685
v 159.63633728027344 8.30842399597168 499.9339904785156 0.5612204768937833 0.5446992522197203 0.5285905413916183
v 707.7942504882812 45.22291564941406 -707.6044921875 0.8940209613358143 0.8841489803951245 0.8857293149030259
v -1337.3221435546875 -9.92851448059082 -769.70703125 0.5898954187365769 0.596835229165128 0.6194867145714382
v -769.6459350585938 42.16101837158203 1988.0064697265625 0.6560354874573134 0.6826553599265275 0.7353591435173262
v -1174.6865234375 45.09900665283203 301.0839538574219 0.6292797032462394 0.6275856144770141 0.6375009336694559
v 995.6083984375 -49.51253128051758 1355.2574462890625 0.5065497046034437 0.51590732619056 0.5406351973146211
v -199.8545379638672 72.0782699584961 742.1666259765625 0.547957835651181 0.5367205707856366 0.5294452943685972
v 600.9854125976562 -51.865211486816406 -700.8485107421875 0.5407932760992653 0.5329258640307781 0.5311623964098742
v -1277.3529052734375 -9.220049858093262 -904.271728515625 0.5149154052357959 0.5215745962959956 0.5423933562862532
v 1300.5982666015625 2.3138279914855957 710.0828247070312 0.4957711006922841 0.5003003405012554 0.5175064699716855
v 2145.264892578125 -34.7279167175293 -1107.536865234375 0.45406759888116516 0.48048998462680875 0.5283549549923651
v -1815.2044677734375 -11.597114562988281 1497.827880859375 0.4781350672453097 0.504089396960335 0.5518911190041464
v -717.0631713867188 49.288597106933594 671.7178955078125 0.6131555298828306 0.6057604257543773 0.606142060786389
v 324.7606201171875 -58.256553649902344 -768.086181640625 0.6538385993369764 0.6422371731358999 0.636398340549574
v 255.7526397705078 62.76504135131836 275.8794860839844 0.5743576168259853 0.5544866763338706 0.5327342378736016
v -2573.738037109375 -51.04975128173828 178.19483947753906 0.5619191180531693 0.5995321849281595 0.664991499106123
v -219.37493896484375 -24.889572143554688 719.9796142578125 0.7580978097712673 0.7424978865294968 0.7319301673326158
v -2617.255859375 3.9468424320220947 -669.292724609375 0.4559505309979633 0.49065737986693664 0.5495131610291057
v -297.59832763671875 0.6717041730880737 -1907.90966796875 0.69085348224648 0.7116251240920097 0.7567269031127644
v 180.03750610351562 86.28932189941406 -694.2774658203125 0.5452737394905497 0.5330295433694165 0.5239898669701422
v 239.1881561279297 91.2848892211914 340.2333068847656 0.8551016981612333 0.8275105897805937 0.7980924876675978
v -1754.326416015625 3.7417919635772705 1490.0811767578125 0.5328251597914073 0.5598626816018007 0.6104114741050691
v 265.1573791503906 -0.08640971779823303 -1935.572265625 0.4702983942369066 0.48548218342536004 0.5180465099141139
v 1228.449951171875 1.098656177520752 1044.4085693359375 0.7628526378021023 0.7740481762345331 0.8064068817725026
v -791.6337280273438 -19.205121994018555 -1595.5760498046875 0.525335652514353 0.5375444126545639 0.5668683425692144
v 1265.646484375 20.65252685546875 943.667236328125 0.7992490708094508 0.8097230479076175 0.841676064158599
v -839.6735229492188 -1.0089184045791626 626.4973754882812 0.5914623803217859 0.5858470798623654 0.58873894053787
v 1145.1990966796875 30.903593063354492 -374.37493896484375 0.5395390448008012 0.5378887422728237 0.5462190329166628
v 47.562164306640625 118.37116241455078 646.917236328125 0.6615459299060729 0.6452690010728623 0.6316316659390224
v 910.4608154296875 -3.8337883949279785 -593.6683349609375 0.5702911831869738 0.5657696803190136 0.570047139784888
v -1287.064697265625 -20.271488189697266 -48.58194351196289 0.8990390596725135 0.8994636548783572 0.9177092006207994
v -2613.0458984375 25.072582244873047 -156.36529541015625 0.5799041628665628 0.6199698398795103 0.6891186702041123
v -682.9860229492188 14.645072937011719 662.3887329101562 0.5072820389107611 0.5004263312235528 0.49970450719062814
v 1294.174560546875 18.342920303344727 -73.0193099975586 0.5922976364687024 0.5927950171195653 0.6055045017686334
v -143.26025390625 -7.461032867431641 -1899.1556396484375 0.6900007811607701 0.7098381258315127 0.7535709170407173
v -1996.1253662109375 -10.831913948059082 1284.9500732421875 0.8193260994843679 0.8628351474156601 0.9425119989390757
v -500.1270446777344 -12.49032974243164 745.9315185546875 0.8807970665732398 0.8675999387706094 0.8634341391429482
v 449.77874755859375 -28.564605712890625 -782.6307373046875 0.518485250757556 0.5104913601933724 0.5080944225491526
v 2659.631591796875 4.234955787658691 448.217529296875 0.4410508543921652 0.4746201081637395 0.5315971209390203
v 159.5086212158203 -38.11194610595703 -708.311767578125 0.6959163746724188 0.6808250610937168 0.6699015029410126
v 437.5328063964844 43.153568267822266 -2034.0877685546875 0.4684275769788299 0.48671741897382487 0.5236745529451038
v 1157.0538330078125 10.674808502197266 -286.9648742675781 0.5176363923754635 0.5157678585462738 0.5233453667779709
v 218.47364807128906 -7.560566425323486 126.88088989257812 0.5311024529802036 0.5103463943236326 0.4860355741318045
v 1020.1384887695312 -46.834781646728516 1373.3746337890625 0.49427492909887355 0.504124993556327 0.5293523920889178
v 65.75407409667969 -135.3271026611328 597.6548461914062 0.5190490492316234 0.505101546741959 0.49260869233842847
v 539.677734375 -55.12120056152344 -709.00244140625 0.5426231044933684 0.5340454847916919 0.5311359382382598
v 2256.157470703125 -1.5291401147842407 1720.24658203125 0.7523238024638713 0.8136910338693376 0.9150512406153517
v 1350.178955078125 -39.5052490234375 392.12060546875 0.9055440689258872 0.9104751066960421 0.935896709544458
v 125.29279327392578 136.44029235839844 555.9260864257812 0.932885123767823 0.9078578880537096 0.8845792040567231
v 65.99934387207031 185.2406005859375 -724.9776611328125 0.6651637769431192 0.6507378756757959 0.6403423427385482
v -1322.1021728515625 53.70626449584961 42.373558044433594 0.8385192759185994 0.8401394899764346 0.8591529582404037
v -1540.05615234375 20.068769454956055 1621.5096435546875 0.4803588833203986 0.5031923639803245 0.5467635742080692
v -551.5396118164062 33.51865768432617 -1791.327880859375 0.5810377973072591 0.5970913041685699 0.6331459242270133
v 434.26776123046875 45.53742599487305 -709.1773681640625 0.6756329291755864 0.6636148266393621 0.6574957313364929
v -661.927490234375 -4.334311008453369 710.7200927734375 0.6032192554074148 0.595664109798904 0.5955953195304542
v -2510.439697265625 1.4516969919204712 -1295.4912109375 0.5292136217063019 0.5731894400161356 0.6459892470463846
v 1883.884033203125 -14.956937789916992 -1406.28564453125 0.46027804989914284 0.4852953592410976 0.5314038580908494
v -1323.7432861328125 31.168664932250977 1774.6927490234375 0.5491848190450537 0.5742738229652719 0.6225044802983702
v -909.1344604492188 39.13714599609375 527.7158813476562 0.6577142468367341 0.6516168913379008 0.6549575076621416
v 986.5718383789062 1.3060734272003174 -522.647705078125 0.5001878753003224 0.49678629592272777 0.5015767809137046
v 169.12789916992188 -136.15841674804688 471.3520202636719 0.901829048859636 0.8754287095494778 0.8491058298703889
v 1011.8734130859375 -2.4103918075561523 1363.04052734375 0.896781560124871 0.9133006099881271 0.9561960309468857
v -340.35687255859375 -11.099406242370605 732.5032348632812 0.7079368979890798 0.6947519507239708 0.6872931466399624
v -1361.725341796875 -17.95936393737793 1739.8741455078125 0.5423907421597413 0.5670592993276651 0.6145555567546886
v -1362.710693359375 -39.464237213134766 -348.97320556640625 0.7948241021272695 0.7992113608637489 0.8217409610922223
v 468.48565673828125 -34.61250686645508 1774.214111328125 0.8278908822312675 0.8485984010453965 0.8963451129834984
v 1509.48193359375 -56.26021194458008 -1629.0899658203125 0.8151415474203656 0.8515772128243808 0.9214584333124126
v -1452.5531005859375 -9.922476768493652 1733.4051513671875 0.5029880957053644 0.5275025343191958 0.5739039495902382
v 2160.532958984375 38.15264892578125 -977.4114379882812 0.6616073514787855 0.6971693146736557 0.7623396563569365
v -2223.7587890625 -37.59820556640625 -1831.1822509765625 0.58119745499941 0.44091979710094337 0.47666785899527725
v 1048.1441650390625 -29.106435775756836 -1926.8936767578125 0.5738550246140232 0.5993222224330795 0.6486241074410648
v 80.87825775146484 -160.3417205810547 -683.9102172851562 0.666933527785456 0.6515074024008846 0.6394386191601166
v 2600.447021484375 31.667980194091797 786.68408203125 0.4553551456581684 0.49047981184349526 0.5498593514671835
v -32.49237823486328 65.47655487060547 -620.1719360351562 0.6772446771970075 0.659934583738557 0.6448314259904034
v -1328.6812744140625 -12.022151947021484 -727.3699951171875 0.5162514497709675 0.521726382495037 0.540764382482252
v -1234.34228515625 -55.498878479003906 1800.487060546875 0.4804175661916022 0.5018187315661319 0.5434023455937932
v 842.2490844726562 65.10440826416016 -1926.2474365234375 0.4870531155237195 0.50656557303446 0.5456451771322458
v 1309.809814453125 -58.795684814453125 729.447509765625 0.7386820127410252 0.7457788141818418 0.7714485316413305
v -1326.7576904296875 91.90959167480469 -146.05194091796875 0.8568875963758437 0.6558219417905703 0.70706108379898
v -2385.64794921875 48.49700927734375 753.17138671875 0.7661376176435309 0.8126404267331646 0.8950519573659713
v 1692.7440185546875 14.332298278808594 2439.003662109375 0.6661258973056741 0.7268521107754307 0.8248174648423235
v -1512.644287109375 11.100259780883789 1740.122802734375 0.45952657806448033 0.48329716011573826 0.5276859562460458
v -579.3872680664062 16.863933563232422 -1721.867431640625 0.475646575106439 0.487654825950713 0.5157107483262767
v -224.80535888671875 93.5537109375 -443.2292175292969 0.5813415296961066 0.5637056542163577 0.5460620557017527
v 210.7600555419922 -9.259766578674316 141.1521453857422 0.9324786442702587 0.8975391144385887 0.856635527819916
v 248.5312042236328 -21.607820510864258 1846.126708984375 0.4773794235992577 0.49053648145603196 0.5203070192697319
v 1645.6708984375 25.79581069946289 -1629.0318603515625 0.6164958936783741 0.6478631340514055 0.7062658872978982
v -1541.71044921875 -11.239151954650879 1611.27783203125 0.5944733924446035 0.6219681298390825 0.6745419288005079
v 247.7981719970703 -91.60579681396484 382.64935302734375 0.536159700920506 0.5189927488096652 0.5012216758288424
v 944.0416870117188 27.053157806396484 1478.1158447265625 0.47746738414330475 0.4880240223889272 0.5139760598498323
v 2649.923828125 -7.4427409172058105 111.53443908691406 0.690783632734558 0.7393180334651747 0.8224658681638666
v -2387.557861328125 15.606955528259277 731.5630493164062 0.6010094047288523 0.6379955693376697 0.7036144588558135
v 2487.16748046875 -13.9976224899292 -461.1430358886719 0.5017577648353241 0.5341413657557631 0.5911531610249675
v -1125.590576171875 -24.549150466918945 1873.095703125 0.5923233099387145 0.6182719857928174 0.6686507468706568
v -1333.2633056640625 -5.858321666717529 -242.71119689941406 0.5978279295672619 0.5998503362462417 0.6150566766745276
v 800.7345581054688 -48.76145935058594 1545.0311279296875 0.857713022089125 0.8752579600147848 0.9189273055985552
v -1289.628662109375 36.91508483886719 -895.5861206054688 0.5411508580896316 0.5482436210701642 0.5702137109948275
v -739.0994262695312 49.86371612548828 2000.5789794921875 0.5107536002014555 0.5319608284359764 0.5739331128284062
v -594.1842651367188 45.086299896240234 704.5946655273438 0.5484243782593319 0.5404227292689356 0.5385810762332122
v -2282.83154296875 40.16398620605469 945.4678344726562 0.5002950960520411 0.5308084283980001 0.5852922062324084
v 205.76031494140625 30.166234970092773 133.42225646972656 0.755408203706937 0.726524614138587 0.6925754913486302
v -2498.0810546875 25.50702476501465 -1340.794921875 0.5498189012254863 0.5957193872180095 0.6715613713954174
v -946.9907836914062 18.56410789489746 -1479.7855224609375 0.7183205349792553 0.733754761901499 0.7715974270464877
v 1339.447509765625 57.70256805419922 501.06439208984375 0.7061394558468156 0.7107901304731528 0.7320869478068732
v 2375.651611328125 78.78046417236328 1554.763916015625 0.7001041547230936 0.7575953475018965 0.852517757170234
v -784.9192504882812 15.224861145019531 1959.001220703125 0.4881224065888737 0.5078869583031883 0.5473446101938833
v 83.10882568359375 -151.20912170410156 587.5072631835938 0.5369040813775502 0.5223677013875653 0.5092174662729272
v -2470.627197265625 -38.21318435668945 -1369.91259765625 0.5007142723639685 0.5425451514788079 0.6117940201934835
v 2099.88671875 16.757118225097656 2080.7001953125 0.5574940636089065 0.6085784145020232 0.6911707873034546
v -2481.551025390625 8.50441837310791 -1292.1328125 0.7823852028540027 0.8440426118143225 0.9466387428968602
v 2662.07421875 61.11764144897461 170.76919555664062 0.4992037558671833 0.535757758981069 0.5981806702312268
v 1097.243896484375 -25.147220611572266 -362.7174072265625 0.787740138714823 0.7838211686240693 0.7930983624058288
v 230.6864013671875 10.490313529968262 255.3367156982422 0.6291675071786679 0.6068768546421315 0.5819964963565847
v 1191.4189453125 5.968791484832764 1093.5711669921875 0.4843802039937503 0.49187400408769605 0.5133812236727471
v 2633.735595703125 1.3226916790008545 -73.02789306640625 0.7657360309596368 0.8183246420682793 0.9087542196481365
v 1094.152099609375 7.224424839019775 1218.52587890625 0.5220486911541435 0.5305704910659175 0.5543399621170731
v 89.00443267822266 -5.765357971191406 -1950.7366943359375 0.48577319431183147 0.5013819656103549 0.5348734667585812
v -212.2408447265625 -33.416893005371094 -410.9169006347656 0.5551952870371981 0.5376051348540383 0.5194907377423743
v 180.25970458984375 7.276092052459717 370.8610534667969 0.798231775856822 0.7722685757421794 0.7445177736005508
v -2314.279296875 -4.101576805114746 856.1649780273438 0.7244792411955159 0.7671716248166226 0.8434645140520121
v 2158.17626953125 -27.10984230041504 -1079.2633056640625 0.5762902066415595 0.6090126455432802 0.6683105907215029
v -2574.49951171875 50.680274963378906 -709.4746704101562 0.45011546785204476 0.4835169316069497 0.5405215811002001
v 2133.663330078125 34.68721389770508 1987.06201171875 0.5393569501921047 0.5874135518550403 0.6656656343286887
v -472.8755798339844 -14.864416122436523 2017.38134765625 0.5348839623775217 0.55525207048248 0.5965563265523999
v 1462.5888671875 15.056160926818848 -1740.5540771484375 0.7645852508800901 0.8010921154280704 0.8699354936825596
v 1367.8603515625 2.612485885620117 484.05291748046875 0.6493944468546541 0.6542971025024801 0.6749316959741253
v 2091.270263671875 90.36021423339844 -1144.145263671875 0.48599668153510117 0.513199731726575 0.56288196571906
v -253.47195434570312 -52.234825134277344 1979.9830322265625 0.4859958973026292 0.5027135656626353 0.5378013722045439
v -1333.3260498046875 23.076257705688477 -179.5343780517578 0.49215174341893625 0.4936331829213397 0.5060436760913252
v -1754.6878662109375 22.934921264648438 -2400.67626953125 0.6158546627575477 0.6725491200092295 0.7639358982324795
v 1498.617431640625 2.5221107006073 -1719.857177734375 0.6087233861848831 0.6385495558501171 0.6946610504539255
v 1160.6214599609375 -41.3916130065918 1174.7188720703125 0.5133158348709896 0.5220427609018645 0.5459546550604745
v -800.9252319335938 -11.269716262817383 -1537.5133056640625 0.6000324374423559 0.6124342275337823 0.6434930618035692
v -227.9897003173828 -69.35733795166016 -171.89466857910156 0.9391671007519115 0.9049659634422328 0.8655519067129324
v 2480.4521484375 -39.212154388427734 -455.9720764160156 0.656159407489098 0.6972275443206543 0.7696569257422681
v 1068.0960693359375 -16.07282257080078 1225.427001953125 0.5866702477053131 0.5958142583532062 0.6217455053692583
v 235.38133239746094 -12.266894340515137 377.1175537109375 0.5565989168144367 0.5386163607165306 0.5198381767858961
v -484.5501403808594 -8.837531089782715 2012.9471435546875 0.7423781257290634 0.7698485789303534 0.8255936639808585
v 31.42795753479004 -104.35623931884766 667.0328369140625 0.7654112250566257 0.7473018109844268 0.7325937367387673
v -329.45440673828125 3.304776430130005 2016.4453125 0.8207466671441528 0.8497689170734511 0.9093637935774942
v -1222.8853759765625 -2.61413836479187 272.0186767578125 0.938549719334395 0.7194780751465137 0.7753058093192478
v 804.6395263671875 -30.280214309692383 -650.606689453125 0.7074054639436248 0.7004215541199458 0.7032419128727676
v -648.2162475585938 24.51908302307129 702.6222534179688 0.5596165890508541 0.5522230638170083 0.5515997194432614
v -2114.692138671875 -27.13593864440918 1211.6153564453125 0.6753157128158286 0.7141177058075157 0.7839920588834605
v -986.187744140625 -39.264244079589844 -1334.547119140625 0.848460128551418 0.8626457560155681 0.9011274627624918
v -805.4306030273438 -30.86493682861328 1985.4580078125 0.7094499324222946 0.7384763801503909 0.7957101732901336
v -1300.2197265625 -27.208232879638672 -70.5417251586914 0.8096685641354098 0.8105331951349583 0.8278262944229587
v -1853.8265380859375 31.230085372924805 -2332.1640625 0.49700520456228586 0.5438536013791899 0.6192963099146171
v -1138.746826171875 12.900887489318848 -1221.1907958984375 0.4820743401662622 0.49074722141418253 0.5139829632939469
v -2609.18603515625 -33.770751953125 82.73143005371094 0.5795111146563284 0.6192919460008536 0.6880571393287336
v 1211.7835693359375 26.32391357421875 -1863.75341796875 0.46288717876552027 0.48462879709488466 0.5262979948499131
v -2362.775146484375 2.142987012863159 753.64501953125 0.7923252836671055 0.8393086315625947 0.9230110337918893
v 743.9132080078125 -37.033878326416016 -1940.4993896484375 0.5018415355939048 0.5212341213719868 0.5604587984387311
v -2652.62548828125 -22.919466018676758 -199.39259338378906 0.7566533046618633 0.8098402028920529 0.9008083653617656
v -281.5348205566406 20.494049072265625 767.2482299804688 0.585190662963354 0.5743401464333081 0.5684403855345755
v -253.22401428222656 -102.52914428710938 -307.5465087890625 0.9502888454255279 0.9192532400565444 0.8857644445617731
v 2351.049072265625 47.156410217285156 1657.1260986328125 0.6773936733501787 0.7348254459835369 0.8290050143433383
v 1401.536865234375 -32.90668487548828 584.2861328125 0.6273015079350046 0.6339456644982734 0.6568450979654218
v -936.7344360351562 34.49589157104492 528.4776611328125 0.5475329199974553 0.5429209077897809 0.5466285389301941
v 317.97796630859375 -31.87433433532715 -784.9009399414062 0.7043704916518503 0.6922867914217498 0.6866101148395671
v -164.2709197998047 -47.330387115478516 713.6837768554688 0.8068394331964384 0.789704271560786 0.7774828329136799
v 935.8277587890625 63.420684814453125 1499.46533203125 0.8525119341593795 0.8710535937274652 0.9160975514183308
v 2109.1611328125 6.522070407867432 2055.280517578125 0.4673199009846715 0.5105135036111529 0.5804847330371855
v 972.5358276367188 -51.50212097167969 -520.6316528320312 0.9246116989756965 0.9181205581545583 0.9257820149048372
v 2498.463134765625 -34.584571838378906 -490.3400573730469 0.647973580340639 0.6895072294241967 0.7623467727418144
v -2481.59521484375 -42.60331344604492 -1226.3555908203125 0.8209893127883122 0.8839306343090745 0.9892634327172277
v -294.5664978027344 -61.86271286010742 -1845.8818359375 0.5179393842708641 0.5322674925366648 0.5645519349662227
v 1320.53466796875 1.3004003763198853 34.680145263671875 0.526365844375342 0.5273789338856754 0.5396854009125077
v -15.034963607788086 -51.33859634399414 616.4732055664062 0.9420240055789867 0.9183096475125598 0.8974945846601654
v -2620.23583984375 7.134571552276611 -23.33999252319336 0.48985500918986186 0.5243192531572327 0.5837668679124842
v -18.038799285888672 -90.32862854003906 653.7157592773438 0.8132826300163819 0.7937133585959448 0.777453993661849
v 260.7742004394531 -3.756279468536377 1903.3216552734375 0.4869710203721573 0.501816503976806 0.5342309326643528
v -1327.3807373046875 12.82681655883789 -764.9908447265625 0.6724757394141094 0.6799711252749849 0.7050151553896044
v -2265.330078125 22.947338104248047 -1765.7569580078125 0.4967916845044658 0.5399199741968136 0.6106973358696879
v 2639.157470703125 -27.430761337280273 789.1226806640625 0.7876740727116555 0.8475468773320433 0.9480080623207939
v 509.39263916015625 -22.760892868041992 -747.2831420898438 0.5085578046495949 0.5007367541991907 0.49843858152950954
v -413.1981201171875 36.01595687866211 -1822.96826171875 0.7946473499050298 0.6073052822100072 0.655047141769309
v 531.8338012695312 -39.25322341918945 -765.001220703125 0.5752454983961468 0.5671142432109191 0.5655656377806783
v 226.0360565185547 -98.97007751464844 267.3210754394531 0.9599694154021235 0.9270905202683802 0.8905200687229556
v 569.8597412109375 30.939260482788086 -742.96240234375 0.6867940674143148 0.6773470046844341 0.6757286282682705
v -1372.7423095703125 -45.9457893371582 -302.5351867675781 0.5104262402196483 0.5133224692233329 0.5282769622391976
v -1234.87353515625 11.077287673950195 1804.095703125 0.7144236386653209 0.7453040270223267 0.8052371504946575
v -1173.7890625 -37.133087158203125 -1154.7525634765625 0.7674875127812295 0.7799483437377859 0.8143005076876892
v -489.79888916015625 3.179354667663574 2034.9794921875 0.5570346180338367 0.5787911101671037 0.6225279081640988
v 225.5209503173828 -12.178767204284668 217.89271545410156 0.7526697488782647 0.7255865308327334 0.6948330737401743
v 494.1655578613281 3.940702199935913 1772.5360107421875 0.7647393262224306 0.7841550670403996 0.8287635978962817
v 1319.162353515625 44.47605895996094 -1755.7210693359375 0.49771917555767436 0.5201737292565566 0.5636049519684635
v 39.4556884765625 153.5778350830078 -668.4562377929688 0.5153813375910054 0.5028264695605145 0.4926617897703525
v 1150.6806640625 -23.97007179260254 -1882.9969482421875 0.7071169568680971 0.7384861794475981 0.7989382022616023
v -2442.772216796875 -7.931614875793457 566.7113037109375 0.6016878102182205 0.6390911521692454 0.7052825844174779
v 663.1780395507812 15.519667625427246 -2022.8214111328125 0.4959799539053444 0.516525634362813 0.5572505378738769
v 1340.3656005859375 -9.768609046936035 183.8961639404297 0.4927953134594322 0.49444320647848344 0.5071261239862659
v 2475.5859375 -21.6767578125 1343.5665283203125 0.45005005177140583 0.4878125147763364 0.5504240318273833
v 1165.660400390625 -62.20315933227539 1127.9539794921875 0.49865521920975203 0.506461577460389 0.5287102574090811
v 103.0357666015625 82.52301788330078 557.1533813476562 0.7375920671984314 0.7174271111049599 0.6986018708934325
v -2597.5361328125 36.825870513916016 -929.9169311523438 0.43908033409750286 0.47431326736982476 0.5333804851205585
v -40.18783950805664 -15.8557710647583 664.1992797851562 0.6433384632672032 0.6278681826315097 0.6152532940015937
v -197.16873168945312 131.6650848388672 -129.54962158203125 0.5938536400708191 0.5705432086482775 0.5430258236682057
v 1856.7108154296875 -1.7838072776794434 2339.11962890625 0.5238828817515729 0.5732802030936044 0.6527289200712706
v 1281.6043701171875 -8.78982162475586 844.2107543945312 0.5389137297589842 0.545098001989922 0.5656432626542801
v -415.9843444824219 -9.502164840698242 -1771.6290283203125 0.5673340331254877 0.5815033398900057 0.614533346851509
v 179.7756805419922 19.65606117248535 -743.9629516601562 0.5936644466984997 0.5815031538426869 0.5735540322969443
v -982.2421875 -20.67407989501953 -1379.5997314453125 0.6652690517992392 0.6776435648652479 0.7099164424025604
v 1374.4639892578125 6.698619842529297 300.1024475097656 0.7181754997636617 0.7221720642922149 0.7426773836492988
v 1651.731201171875 19.69741439819336 2485.628173828125 0.4502451627319118 0.4932922895009349 0.5625520262341891
v -146.3047332763672 106.5606460571289 -515.199951171875 0.6187095972407293 0.6008837795210678 0.583686384364507
v -306.1040344238281 47.75468063354492 -1836.239990234375 0.8110084603213356 0.8323633153984208 0.8807212618013909
v 1277.416748046875 -25.907581329345703 58.65253829956055 0.6744385009207381 0.674500208771689 0.6880350755312024
v 1410.1898193359375 34.91650390625 -1759.3956298828125 0.7682197224529678 0.8041034733681518 0.8721704976135268
v 1043.3662109375 -21.392108917236328 1358.6380615234375 0.501415895938973 0.5114485194841807 0.5370850271274836
v -1315.5472412109375 -7.745969295501709 -820.5763549804688 0.492945460872332 0.49901340392261234 0.5185207559563267
v 426.9544982910156 32.798484802246094 1798.026123046875 0.6017440835024355 0.617534094664812 0.6536160530623225
v -1044.6727294921875 -14.867643356323242 386.0973205566406 0.5030817203426737 0.49960544217122166 0.5043288241438477
v -96.8517837524414 -188.44483947753906 -548.9793701171875 0.9239784301440467 0.8987772232813486 0.8750124912231074
v 1753.1090087890625 6.077976226806641 -1457.7864990234375 0.8273207612976876 0.8669182855431632 0.9414387607962672
v -314.4670715332031 11.098589897155762 2018.211669921875 0.752984923852277 0.7797376006289426 0.8346873014248143
v 1534.8614501953125 28.724882125854492 2558.85546875 0.9549599988901588 0.7322699741674586 0.7890198356661823
v -2632.18798828125 21.603797912597656 -625.5524291992188 0.4408961997535742 0.47469688689783657 0.5319691791454244
v -1080.1837158203125 -49.33721923828125 -1305.302490234375 0.5097566773175458 0.5194776833041703 0.5448097981490361
v 984.69970703125 51.97515869140625 1292.2489013671875 0.5423731399575779 0.5508626582851734 0.5749687342434437
v 1486.682373046875 -3.8152239322662354 -1669.958984375 0.7302310340991641 0.7637032566179327 0.8275852337089077
v -2630.410888671875 15.868995666503906 -840.667236328125 0.615627462332396 0.6635499220259643 0.7438515375468009
v 1490.04736328125 24.433732986450195 -1694.9722900390625 0.5048660491646402 0.5293276316318695 0.5756985422554292
v -242.89398193359375 -68.40006256103516 -266.1170654296875 0.7906374671550491 0.763515080599342 0.7335315744636765
v 2491.548583984375 12.401731491088867 1219.419921875 0.48786274977088534 0.5270584158931935 0.5925780464201088
v -1858.953369140625 -19.804534912109375 1417.3419189453125 0.5491287796220929 0.5780416779134179 0.6315310527072273
v -630.3817138671875 48.770103454589844 701.2413940429688 0.6814233286728427 0.6722190352105097 0.670901015728098
v 1180.5531005859375 4.492023468017578 -249.581298828125 0.6756898731263662 0.6737122807376182 0.6840310817697378
v 2369.5576171875 -28.186031341552734 -737.97998046875 0.45297603059645236 0.48119146950978836 0.5314365442400842
v -475.57891845703125 -32.8077278137207 1956.059814453125 0.8205339305504878 0.8482905675977902 0.9060779823544199
v 183.88665771484375 65.98175048828125 486.8922119140625 0.9558318526789366 0.9285878610769565 0.9019130958873374
v 1156.2369384765625 -8.549300193786621 1115.1024169921875 0.775106755207935 0.7862556550325702 0.8187753944329237
v -1197.3731689453125 -47.79964828491211 262.6976318359375 0.5178967448359186 0.5167692149338428 0.5255339715330107
v 1321.6947021484375 -42.10192108154297 160.38714599609375 0.5000260077992031 0.5012213708812593 0.5133285584043493
v -718.3489379882812 54.07334518432617 726.7417602539062 0.7025314002075704 0.695233141730025 0.6974483304980643
v 718.8692626953125 29.67069435119629 -675.8873901367188 0.5063216493021887 0.5001939901082216 0.5006544538748727
v 1629.1468505859375 -4.603661060333252 -1579.63037109375 0.6403887443731252 0.671212029445735 0.7294146566906506
v -2512.762939453125 -76.39205169677734 347.20135498046875 0.7633400430940237 0.8112591111229359 0.8954820195551696
v -242.67478942871094 -15.406767845153809 -1882.569580078125 0.5112598985159281 0.5261708810522092 0.5591691727445839
v -2455.879638671875 0.9447470903396606 557.7686767578125 0.5759295753504582 0.612239680551068 0.6763319522475675
v -1329.749267578125 45.714988708496094 -760.1447143554688 0.4855814831381791 0.49114318409616714 0.5097408871446794
v 1368.03173828125 -41.821388244628906 199.58670043945312 0.6726860885006268 0.6757353537121324 0.6939263709930735
v 2464.634765625 -55.67807388305664 1428.7242431640625 0.7210532742530242 0.7805947978392868 0.8787277902300212
v -939.9004516601562 27.16054344177246 1973.0819091796875 0.5290444520874673 0.5524633720929806 0.5979268602892254
v -1111.19580078125 49.35431671142578 -1286.6842041015625 0.8934774597575927 0.9100430614649294 0.9529446065308499
v 658.3602905273438 68.46855163574219 1635.8209228515625 0.5606724542367153 0.5731368361284154 0.6035260462108148
v -908.016357421875 -23.392263412475586 540.9437866210938 0.6998689863775746 0.6935710745643111 0.6973701887037927
v 1116.37841796875 -15.6019926071167 1167.9268798828125 0.5474829799998371 0.5558135857949161 0.5797767597149229
v 131.53196716308594 -24.242841720581055 556.3406372070312 0.6376816547076747 0.6201743926803106 0.6039236992534054
v -232.0258331298828 -94.96520233154297 -313.79522705078125 0.5360095998892344 0.5176119060064486 0.4976532668306199
v -848.5787963867188 32.61500930786133 592.6194458007812 0.6547822534432709 0.6482873234262291 0.6509243320152246
v 1090.3748779296875 53.83323287963867 -390.9129943847656 0.8847120654367252 0.8804378629931779 0.8909364123100637
v 1781.4478759765625 -27.089740753173828 -1462.5965576171875 0.4763827944914201 0.5009120174319708 0.5467274903566303
v 1321.1461181640625 1.982696294784546 295.3357849121094 0.5702566861498782 0.5721583301486346 0.5866670942100031
v -54.867698669433594 -14.730332374572754 658.0650024414062 0.5169687873925409 0.5042004943649679 0.4937008483543884
v 500.1360168457031 -1.6447004079818726 -735.5178833007812 0.5418468298329646 0.5332468424275378 0.5302852836562763
v -1356.4571533203125 16.247419357299805 -219.03189086914062 0.8601914271816309 0.8637153046908462 0.886108599624866
v -2196.741943359375 -27.595109939575195 1001.2967529296875 0.7055765815332836 0.7450487136572247 0.8165557855633987
v 1915.6190185546875 20.624134063720703 -1339.1339111328125 0.6768947778041308 0.7119085981479848 0.7766915460656884
v 1382.10693359375 16.302244186401367 352.3349609375 0.5967232613319274 0.6006051688924416 0.618685320481022
v -196.2647705078125 -7.03464937210083 -1893.74072265625 0.5677499125861853 0.5843128976820301 0.6208415905969179
v 134.20196533203125 -31.73415756225586 1953.5428466796875 0.8169748741376737 0.842362656992375 0.8966819257994387
v 1938.1307373046875 22.133682250976562 2204.1396484375 0.618719170145975 0.6740130449088989 0.7637414450331296
v 83.13014221191406 -13.777595520019531 1934.9566650390625 0.7041680528455284 0.7255136828539399 0.7717139212872585
v 215.47738647460938 -79.69868469238281 262.93475341796875 0.9455924378665025 0.9128621411494172 0.8762409889246847
v 786.35693359375 -66.31198120117188 -663.0842895507812 0.5133392259309685 0.5080045823824023 0.5098970334292707
v -531.765380859375 -10.059113502502441 712.8270874023438 0.5991610244301666 0.5897322686021272 0.5864813939157771
v -2337.05224609375 -10.932583808898926 -1684.8896484375 0.43737716435279655 0.476131143453742 0.539627548621296
v 2487.54443359375 8.103519439697266 -395.41302490234375 0.4501847470994785 0.47926802169216826 0.5305997179447512
v -668.0014038085938 13.016100883483887 1971.767578125 0.6013055736176143 0.6242777726047998 0.6706724443187826
v -1291.657470703125 19.63396453857422 -804.969970703125 0.7386403301574921 0.7464843091884068 0.7732972903132098
v 831.2587280273438 6.723095417022705 -645.861328125 0.6218607200515448 0.4726170516223696 0.5106499912930966
v -722.2080688476562 19.970245361328125 679.656005859375 0.600554700945728 0.5935178728929037 0.594252114151482
v 847.263671875 -17.424612045288086 -611.5231323242188 0.8314146547151944 0.8236254882847037 0.827444684526569
v -1107.2392578125 -28.4504451751709 -1257.0804443359375 0.5230322218606039 0.5325024018689787 0.5577135694718687
v 1183.9093017578125 38.28446578979492 1083.22216796875 0.48466074528153974 0.4918707170217636 0.5129546597034379
v 764.6364135742188 5.720339298248291 -1954.289306640625 0.4664430098981707 0.4851174922620574 0.5225757159704076
v -2306.457763671875 11.815003395080566 -1667.146240234375 0.6734467031176002 0.7292062685889293 0.8211553740831112
v -1225.783935546875 -47.86192321777344 108.89278411865234 0.8160479223274378 0.8144934689284722 0.8280740859829778
v 695.199951171875 -32.018829345703125 -697.1273193359375 0.5602912771687928 0.5535256383701418 0.5539500280226429
v -1345.6337890625 -13.689996719360352 -813.0010986328125 0.7137218012951297 0.7229345416362644 0.7513658719531049
v 52.97895431518555 35.97966003417969 -651.4892578125 0.5690796293641799 0.5550073752576582 0.5433092026692101
v -1353.8626708984375 -16.57521629333496 -243.76429748535156 0.6808408114193804 0.6837213845318216 0.7017999927066121
v 382.0704345703125 -28.840469360351562 1844.3834228515625 0.8008728587075464 0.8228362770845059 0.871878186444842
v -1179.973388671875 72.27693176269531 340.91302490234375 0.7114123709742071 0.709974366015499 0.7218117792037236
v -2623.321044921875 79.05328369140625 -953.063232421875 0.48281449203198684 0.5221970873716909 0.5878126974213816
v 338.59295654296875 -59.9022216796875 -1995.6097412109375 0.6190178227751295 0.640741335004148 0.6857352622003677
v 734.0213012695312 -82.77251434326172 1617.2745361328125 0.6864570512546041 0.7018866918869553 0.7391030769427654
v -132.53890991210938 -4.440231800079346 -1916.7421875 0.4891729869477371 0.5040842500099971 0.5366382439821855
v 1096.6583251953125 -16.13030242919922 1234.6953125 0.5026720540044608 0.5112364653776972 0.5347018632632504
v -1183.135498046875 46.25422668457031 245.5751190185547 0.5519149838854593 0.5503121242684323 0.5589463696539911
v 1089.9102783203125 -9.031309127807617 -464.9404296875 0.5006058627971627 0.4986407448494828 0.5057494352339195
v -1030.0704345703125 -3.321115732192993 -1283.906005859375 0.5350759712767822 0.5440020719333581 0.5686267851142341
v -1694.221923828125 27.481666564941406 1541.7711181640625 0.720120690427708 0.7553333002442248 0.8213850546958172
v -837.7870483398438 -33.663963317871094 -1489.7567138671875 0.5033625741488823 0.5133358154675413 0.5389213143221672
v 1328.2689208984375 -23.868019104003906 187.95074462890625 0.9079606411193066 0.9104203741831698 0.93203114830004
v 2476.346923828125 -26.94024658203125 1389.3223876953125 0.5010020850699715 0.5433432279824677 0.613248343973087
v -1342.109375 31.5095272064209 1834.0477294921875 0.6186197744763866 0.6485967821918066 0.7051406878588969
v 2492.64501953125 37.28621292114258 -537.5696411132812 0.7149926483894624 0.7606498689162013 0.8406505098036071
v -93.39895629882812 45.52072525024414 -593.902099609375 0.7767790478165136 0.7565678945415137 0.7384633011431266
v -100.86969757080078 6.780138969421387 -1899.1622314453125 0.47804172444043386 0.49216857722753243 0.5233624933560466
v 991.625732421875 48.386634826660156 -452.23651123046875 0.9340807052856962 0.927037948838689 0.9339813013490627
v -659.702392578125 -18.542800903320312 -1632.19677734375 0.5116628237572808 0.5230632003137203 0.5509271866614611
v -229.8450927734375 -21.186731338500977 -297.93023681640625 0.5374572359502782 0.518753147520477 0.4982792956171395
v 2190.80224609375 -87.4776382446289 -1048.6199951171875 0.7807855989906627 0.8248158431702699 0.9042762982951001
v -199.28897094726562 6.610963344573975 -265.56097412109375 0.5592775708507779 0.5390319339669031 0.5162766053304232
v 2672.1982421875 -57.697608947753906 125.16313934326172 0.5302898419307982 0.5691505786380966 0.6354080935798766
v -2321.169189453125 -85.66445922851562 823.135009765625 0.54309113289786 0.4112156845118244 0.44482254102899554
v 1554.9462890625 -20.98808479309082 -1672.2203369140625 0.4911264048206581 0.5157320049758766 0.5619896958366984
v 1342.7557373046875 22.3912296295166 479.4551086425781 0.7888110041270505 0.7938191958551684 0.8172005914504665
v 234.0406494140625 -12.617865562438965 -1950.072265625 0.6066332671210046 0.6260802184818394 0.6675599978646795
v 1226.7877197265625 23.15789794921875 1055.412109375 0.7887594566220598 0.8005212869895663 0.8342244358900059
v 1464.93505859375 19.723608016967773 -1699.9625244140625 0.4649958912732159 0.4873790942796014 0.5299833703894176
v 484.2336120605469 -17.315427780151367 -741.101806640625 0.5206808121542156 0.512300575936875 0.5093019085887037
v 2620.2626953125 15.715394020080566 659.3547973632812 0.4492040486186751 0.48346648077372906 0.5415630888685663
v -2423.456787109375 -11.279098510742188 541.5751953125 0.5259659501565618 0.5582804159687494 0.6158049541206971
v 2348.07470703125 61.13660430908203 -810.1966552734375 0.45524769477445587 0.48364786464668735 0.5341958129810012
v -2526.442138671875 -19.119190216064453 326.5862731933594 0.6274056232157412 0.667774821741779 0.7385503977398234
v 1934.8194580078125 -40.991600036621094 -1338.676513671875 0.5104518063937741 0.5379612727444227 0.588635933611309
v -810.8284301757812 53.552913665771484 1945.4771728515625 0.5234745508238995 0.5444488802470667 0.5863668083373716
v 2352.54541015625 -40.68050765991211 1639.203857421875 0.4342963671502162 0.4723922084329701 0.5349667946801636
v 691.6808471679688 21.69071388244629 -699.5618286132812 0.8642998006514001 0.8541662179255044 0.8547589977019991
v 1579.517578125 8.791489601135254 -1649.488037109375 0.5701768640686294 0.5983546601138493 0.6513225859333094
v 1271.6414794921875 21.109771728515625 -100.363037109375 0.6518936078373493 0.651866023334981 0.6648444000805532
v 2647.579833984375 -21.87331199645996 264.2101135253906 0.5079671825084112 0.5448780410364055 0.608000292920234
v 430.8146057128906 -31.94614601135254 1771.548828125 0.507494776745913 0.520386987835559 0.5503662426738913
v 1350.8580322265625 23.995393753051758 -1764.928466796875 0.5290410943774293 0.5535453096013059 0.6005170058230309
v -1439.2640380859375 48.1923713684082 1722.6820068359375 0.5460488660807781 0.5719427777792807 0.6212179816970174
v 2167.191162109375 74.78743743896484 -1032.42529296875 0.4935861407080114 0.5216580268794625 0.5726964867877034
v -454.6519470214844 28.50248908996582 2007.5926513671875 0.4698858793700698 0.48766481110208953 0.523929108832169
v -1279.070068359375 -14.001757621765137 5.518655300140381 0.774970728226223 0.7750512998483537 0.7904679187178992
v -2042.897705078125 -32.704071044921875 1215.21923828125 0.8412752636589367 0.8860216472240129 0.967895445881649
v 2511.076904296875 31.168628692626953 1273.2801513671875 0.626036145352517 0.6769062314128046 0.7612702014453052
v -1731.9395751953125 3.597727060317993 1527.69970703125 0.6391633532742572 0.6713679524096308 0.7314391259869469
v -367.1989440917969 -9.325490951538086 725.4829711914062 0.5864119308155283 0.5754478353004784 0.5693804237267306
v -439.4483947753906 7.797109603881836 2008.8099365234375 0.4801011544969637 0.4981716568130136 0.5350644904451616
v 2131.367431640625 31.49268341064453 -1128.9696044921875 0.7219216063040761 0.7621477809025988 0.8350644383829212
v 711.8902587890625 -23.405807495117188 -718.5394897460938 0.5192604676856293 0.5135098838137288 0.5148320321879525
v -1339.4954833984375 -70.52283477783203 -657.4823608398438 0.8368522446640999 0.844566316546378 0.8730114481368124
v -2530.37841796875 27.385292053222656 167.53961181640625 0.6486174321791898 0.689790783797779 0.762169436541994
v 1988.86572265625 9.791789054870605 2158.743896484375 0.49378821044517845 0.5388356213680792 0.6119339313486876
v 1329.88427734375 -64.01052856445312 452.48590087890625 0.7195587255602907 0.7234971280193109 0.7439376968836221
v -687.7796020507812 -25.915706634521484 690.8949584960938 0.7134919772255566 0.7047726950043597 0.7048598322758511
v -2265.176513671875 17.644248962402344 -1781.9072265625 0.7312981395283484 0.7932328261565208 0.8946919320738931
v -570.1766967773438 -7.1203083992004395 734.4490966796875 0.5674920522735787 0.5594181970373352 0.5578179559548495
v 1386.7755126953125 0.11455239355564117 485.3056335449219 0.8145920391246457 0.8212940079682677 0.8477692336965965
v 944.8004760742188 21.641382217407227 -1923.221435546875 0.852605937040619 0.8870750186212735 0.9550365575630754
v 720.2811889648438 10.190438270568848 -707.3062133789062 0.9405251646348178 0.7210179528278492 0.7769567163976683
v -1309.8184814453125 77.12232971191406 -746.409423828125 0.8339345198329319 0.8421894752126159 0.8714095724772366
v 1357.3707275390625 26.421571731567383 697.1375122070312 0.5400862916710901 0.5460661161803452 0.5663211521522876
v 49.758724212646484 51.764408111572266 623.7433471679688 0.5888225692692839 0.5737037018844072 0.5605986849513263
v 21.796443939208984 -148.437744140625 -681.1430053710938 0.5196743609358458 0.5072552273084256 0.4974090009026478
v 152.17703247070312 153.7419891357422 460.0684509277344 0.853737914922254 0.8281883512836902 0.8023513275278998
v -1997.7864990234375 30.625022888183594 -2175.540771484375 0.7398928651867245 0.8060647024054064 0.9130966444131522
v 2015.8826904296875 -4.1017279624938965 2134.895263671875 0.7566800447480163 0.823357414830205 0.9315358517244784
v -2656.30126953125 23.250144958496094 -227.48512268066406 0.6139616254015483 0.658026087279406 0.7332984287183546
v -461.7880859375 -11.737869262695312 -1808.8499755859375 0.4735326186189371 0.48669300240163366 0.5163918496058383
v 1000.3995971679688 23.352766036987305 -526.6021118164062 0.5650313123085529 0.5615602792619873 0.5674395682828307
v -914.8106689453125 -12.128236770629883 584.4429321289062 0.7795228903972231 0.7734465660820175 0.7790873763805497
v -2536.641845703125 -44.17723846435547 -1237.1341552734375 0.6714505237699521 0.7260117036029985 0.8163816470481519
v 2264.55810546875 -67.10360717773438 -990.9072875976562 0.6054949372493216 0.641824465225686 0.7066775840105509
v -2598.318359375 -45.536949157714844 -77.6596908569336 0.7462507042733958 0.795985739325941 0.8821658064637771
v -255.3114776611328 5.497138023376465 -1887.0770263671875 0.6292874366441236 0.6474992642919544 0.687655224672736
v -1055.3629150390625 -31.526084899902344 1875.896728515625 0.46658604118193564 0.4866426487658217 0.5260461591227221
v 2611.62060546875 1.7926697731018066 -91.98017883300781 0.7768899598767691 0.8291748769844485 0.919500643220805
v 1197.9239501953125 17.683795928955078 -266.2681579589844 0.65024571643769 0.6488932845250156 0.6597394341360961
v 1775.9893798828125 39.92871856689453 -1506.55615234375 0.4557341215775505 0.4799450878678187 0.5248485699882077
v 24.817710876464844 46.229217529296875 -682.9583740234375 0.5309818689478132 0.5183563513228069 0.5083814641697163
v 2143.410400390625 58.283790588378906 1958.377685546875 0.43530811338311654 0.4745762030443707 0.5386577957213643
v -1580.982421875 10.730378150939941 1674.407470703125 0.84967995990047 0.891343621985432 0.9692111723301674
v -1352.4119873046875 0.5018576979637146 -449.3311462402344 0.9018576464351301 0.9075102121909318 0.9339828788433178
v -2223.359375 13.411511421203613 957.5982666015625 0.5905317026694269 0.6242619030899896 0.6852610229150167
v -59.45652770996094 139.89588928222656 686.8768310546875 0.9538573380273153 0.9323265780984581 0.9155062013260531
v 1344.0433349609375 -1.44179368019104 156.52166748046875 0.7766806531328196 0.7791893414718047 0.7984555790542941
v 2547.39501953125 -78.97981262207031 -198.02162170410156 0.44730247191855316 0.477230193933547 0.5296079546100896
v -67.66667175292969 -62.83918380737305 -554.7881469726562 0.5762071213391595 0.559988283812336 0.5447177988902562
v 2516.184814453125 -13.873845100402832 -411.7679748535156 0.4471579144824594 0.4769253567358334 0.5290875003324715
v -2593.895751953125 -40.09370422363281 -252.23858642578125 0.44594382969585405 0.477226728337486 0.5313540712749704
v 130.50218200683594 -18.28661346435547 552.891845703125 0.5370662036705945 0.5220319063373436 0.5080197938255023
v -1279.629150390625 8.14748764038086 1790.59326171875 0.8263797919300737 0.8623964733979635 0.9319452048485665
v -5.408041954040527 -183.47549438476562 657.96484375 0.7266066608208365 0.5542671515864341 0.5981857967998212
v 1319.447265625 69.78811645507812 214.7948455810547 0.505143617080882 0.5064703688698795 0.5188780200665034
v -1020.2221069335938 -35.377166748046875 475.0057067871094 0.5011698153249668 0.4979484910409447 0.5030482991907137
v 1263.888427734375 -60.25974655151367 940.967041015625 0.48900442598017574 0.495605116894893 0.5158482699198583
v -752.0286865234375 -37.489837646484375 -1536.1964111328125 0.654302309862414 0.6670095027379609 0.6995679124584442
v 1100.461181640625 -36.9140510559082 -416.83831787109375 0.5500133531548599 0.5476850290744261 0.5551239730162612
v -1333.7147216796875 19.768178939819336 -700.611328125 0.48658819017023874 0.4915945046694255 0.5093616744981407
v 392.8741455078125 -52.179283142089844 1801.4268798828125 0.6661129311797274 0.6833115187933583 0.722726770060221
v -958.6922607421875 -6.1801676750183105 -1408.3236083984375 0.6387414153560852 0.6509659464272611 0.682506314520915
v -2068.156982421875 -3.0949859619140625 -2058.6953125 0.47824299614535765 0.5214414874647314 0.5917517963208392
v -953.1541748046875 -22.243595123291016 576.7813720703125 0.9157531466795786 0.9097188794383073 0.9179552168216769
v -2512.964111328125 28.848594665527344 420.1362609863281 0.5780501944721088 0.6155130433286531 0.6811873726817422
v 2517.736328125 14.375151634216309 1320.9713134765625 0.4511318149278945 0.48979173019080297 0.5535744893130945
v 1227.06298828125 21.84360694885254 -191.80789184570312 0.691754275801475 0.5270995163463593 0.5690597932385195
v 23.28057098388672 37.88824462890625 621.220947265625 0.711270933733285 0.6931726865666502 0.6773957042270595
v 723.2853393554688 10.768928527832031 -704.1530151367188 0.5944201371338373 0.5878686077791937 0.5892845943206041
v 2370.111328125 -0.04280536621809006 1562.2115478515625 0.511565328680253 0.5546830558813975 0.6258809510090468
v 266.9637756347656 -25.164480209350586 1840.6334228515625 0.6743790919743508 0.6923088282827415 0.7329557142066393
v -1118.1986083984375 -76.1061019897461 -1124.6483154296875 0.6463602001466258 0.6551733097115023 0.681731541967653
v -2047.4561767578125 36.85547637939453 1188.50634765625 0.49692515823356115 0.5242005393400491 0.5742392531087182
v -1230.99853515625 -42.42047882080078 161.0102081298828 0.5943119798038182 0.4511426583453004 0.4876276271539077
v -2240.957763671875 -61.279056549072266 -1837.16650390625 0.43386480854418014 0.47284763279375425 0.5365273063222536
v -1320.3631591796875 7.335693836212158 -650.3497924804688 0.7513297997462182 0.757630200229197 0.7823117370909978
v -1828.5184326171875 32.2982292175293 -2321.93212890625 0.4435596286059378 0.48512010116895615 0.5523223025501967
v 240.45892333984375 -38.639163970947266 278.8605651855469 0.6992417949055864 0.675238467197785 0.6488312967450863
v 1027.10888671875 26.202178955078125 1399.05859375 0.7198997746817194 0.734638688765682 0.7714816104626467
v -1001.6226196289062 23.9967041015625 -1345.867431640625 0.6281137066446217 0.6393793758867516 0.6692843437716427
v 965.8223266601562 7.441335201263428 1404.3779296875 0.4793815379591741 0.4888158980419774 0.51313785047889
v 1882.0714111328125 -21.907852172851562 2260.707275390625 0.7639182674855306 0.8314659727245287 0.9409538083228077
v -1973.7803955078125 8.340323448181152 1308.873046875 0.9855099030986479 0.7560838300302947 0.814550277494983
v -1141.3814697265625 20.673906326293945 -1172.7041015625 0.48299963101793925 0.4909166935642944 0.5130354265629042
v -382.43792724609375 24.077646255493164 2006.287353515625 0.4748344205815466 0.4923735958806395 0.5284012572213626
v 2532.6953125 4.910427570343018 -309.7227783203125 0.46511449744013006 0.4960016170157448 0.5501020590126228
v 424.16644287109375 -9.750752449035645 1839.4658203125 0.6792361706349025 0.6982193609663455 0.7404966433649548
v 977.810791015625 -4.325210094451904 -1941.086181640625 0.5026422927919678 0.5246677980661303 0.5676092825339828
v -2551.1376953125 -36.29383087158203 198.69432067871094 0.8036667887488509 0.855008184936762 0.9447852904823278
v 2348.64404296875 -33.69121170043945 -819.60546875 0.797217054475764 0.8448194643366839 0.9294695755858519
v -1708.84912109375 -10.85692024230957 -2405.138427734375 0.4801603004657217 0.5245998821870249 0.5965211111232284
v -1298.4317626953125 17.12606430053711 -93.48027801513672 0.9035765897334717 0.9045223620785198 0.923673441175606
v -2379.094970703125 -10.841349601745605 -1568.3309326171875 0.6068733821745056 0.657683596788031 0.7414150531750857
v 222.4496307373047 44.52598571777344 227.09970092773438 0.5316289130711467 0.5120363531379348 0.4898409333937708
v 735.8187866210938 32.39345932006836 1625.0296630859375 0.6947253860236808 0.7105876836437849 0.7486034583132926
v -861.5035400390625 20.47182846069336 609.642578125 0.6647276930586051 0.6586818938370013 0.6622372176765883
v 1202.1728515625 -16.498441696166992 1018.32470703125 0.5205937256923132 0.5275728801840368 0.548984158569497
v 2058.144287109375 -15.50651741027832 -1192.0743408203125 0.5520628032342849 0.4182091542978533 0.45232014562604533
v -2656.294677734375 -4.247201919555664 -554.9168701171875 0.493478650554622 0.531124393957374 0.5948069453040052
v -1232.6805419921875 32.19244384765625 168.1198272705078 0.632908489833279 0.6320392860958371 0.6433342848942285
v 626.7623291015625 -57.380306243896484 1710.6702880859375 0.5604819209447488 0.5745523643824467 0.6073025419496056
v 2145.16796875 -12.251615524291992 -1112.2747802734375 0.45280249829845526 0.4792159212604024 0.5270383988476358
v 781.0758056640625 -5.600182056427002 -653.2232666015625 0.6792252466266188 0.6720539913412448 0.6740413315458438
v -958.0377807617188 -60.72463607788086 -1414.7938232421875 0.8380459214374101 0.8539767781623745 0.8948679474012282
v 1044.567138671875 -9.612298011779785 1323.082763671875 0.538475732822508 0.40761795613053947 0.4409654795103932
v 971.7425537109375 47.344966888427734 -1936.21142578125 0.6397678574046852 0.6669651222484144 0.7201248254527103
v -1898.1864013671875 21.963594436645508 -2266.150146484375 0.6782863462858932 0.7394429616929982 0.8383208749220581
v -709.69140625 6.46915340423584 698.2523193359375 0.8932657960224676 0.8832206724787233 0.8845025009931673
v -216.82772827148438 -5.565269470214844 -337.4720458984375 0.7458639511547814 0.7212090724715157 0.6946541810549657
v 215.2950439453125 24.190439224243164 286.7373352050781 0.6046084058215111 0.583416715218927 0.5599649400829193
v -1688.258544921875 35.182373046875 1587.7548828125 0.5401368691869763 0.5679984759082413 0.6198438144781978
v 622.5187377929688 35.85197448730469 -2001.6123046875 0.8337436116833417 0.8654698983580135 0.9291689591295322
v 90.45882415771484 77.69686889648438 -713.5388793945312 0.7127539302858891 0.6971461094104752 0.6856739795045897
v 2232.927734375 -14.311927795410156 -926.6724853515625 0.7593497709411496 0.801760354587826 0.8785222817111905
v 880.638427734375 -15.646599769592285 -578.9468994140625 0.5561013603531724 0.5509343622147719 0.5538981649917438
v 74.8646240234375 -54.25422668457031 -1954.9605712890625 0.4709553829357939 0.4862255926918995 0.5189277003710744
v 102.64510345458984 72.9585189819336 -720.7564086914062 0.5656927383201635 0.5532604851977819 0.5443027333776005
v -369.52020263671875 85.88516235351562 744.41259765625 0.5099267320839798 0.5006244930270412 0.4958766962079885
v 620.9336547851562 42.230010986328125 -757.1912231445312 0.5102674741235133 0.5039433284642549 0.5041545487486304
v 1970.422119140625 -21.492582321166992 -1301.6485595703125 0.5304961676354139 0.5592497754361644 0.6120864695980063
v 59.029170989990234 -16.666667938232422 1925.2750244140625 0.627061581966709 0.6459047914039022 0.6869297060057055
v 2304.927001953125 -46.709861755371094 -849.0990600585938 0.8191746537294219 0.866522386566013 0.9513722399457331
v -1133.6014404296875 -63.477760314941406 1903.953369140625 0.4618198331763043 0.4833294542218494 0.52465324019099
v -1261.026123046875 -10.77196979522705 -899.8557739257812 0.655490198750398 0.6633189663847056 0.6885533859363313
v -1935.38037109375 25.50735092163086 -2256.845703125 0.45445276229478077 0.4974899536234984 0.566868644607047
v 2346.934814453125 -2.953263282775879 1627.082275390625 0.5741782902500733 0.6227198911313888 0.7026206896478382
v 1363.561279296875 -16.34278678894043 385.05010986328125 0.5154298799830681 0.5186098360093563 0.5340972490082225
v -428.09002685546875 49.87179183959961 737.2735595703125 0.5097054709170381 0.5008321954194124 0.4967997185482618
v 796.458740234375 -27.58041000366211 -695.7820434570312 0.5632862652398145 0.5581424210033048 0.5612778193885434
v -785.2230834960938 -33.19758605957031 632.8297119140625 0.7033848893629947 0.695707677971978 0.6973179266154713
v 144.372314453125 -36.04448318481445 1928.924560546875 0.8747594265314864 0.9007969630439464 0.9572277758437432
v 120.37193298339844 92.27684020996094 585.8748168945312 0.523910791628202 0.5097847210262356 0.49708132597125904
v 600.864990234375 -38.628822326660156 -740.3466186523438 0.7636412605238956 0.7537206012638215 0.752770092039466
v 292.47357177734375 -51.96632766723633 -2057.10986328125 0.46534305048329944 0.48345423654765024 0.5200933209178763
v 1059.2293701171875 10.879867553710938 1306.33544921875 0.7577863510038082 0.7713360424041559 0.8071352674508971
v 1809.249267578125 44.80970001220703 2384.489990234375 0.47664761547847084 0.5222438540319487 0.5954946544943303
v 482.641357421875 -4.060791015625 -784.4078369140625 0.5751892266491279 0.5668171029967639 0.5648680010609514
v 195.56114196777344 48.41090393066406 388.3523864746094 0.7512624970917938 0.7273054132036975 0.702106057756001
v 1176.29052734375 -30.487714767456055 -318.47137451171875 0.6977124270707495 0.5317439345519713 0.5740389927122082
v 2627.513916015625 -21.076034545898438 258.7571716308594 0.8092175211515633 0.8648627310324183 0.9604365060930861
v -382.7225036621094 -2.2794573307037354 1963.6754150390625 0.6935628780051265 0.7168534502463866 0.765630675006893
v 1886.2486572265625 -28.607097625732422 -1403.48779296875 0.5807570233372202 0.6116311495930534 0.6685306114865804
v -2130.000732421875 31.916027069091797 1116.3531494140625 0.45361828921613484 0.47976053551345194 0.5272366742001274
v -1162.1304931640625 -33.544612884521484 311.68780517578125 0.8977681564126524 0.8950637293922481 0.9083178498448377
v -64.73693084716797 47.225948333740234 1905.132080078125 0.6980622398704472 0.7181725444219413 0.7624630946095046
v 1867.734619140625 -5.894423007965088 -1337.548828125 0.6935264685141904 0.7277831976417407 0.7919148184138863
v 382.3838195800781 49.538543701171875 1808.4364013671875 0.5205192447147814 0.5343667643569353 0.5660013616424817
v 207.67491149902344 -29.870525360107422 401.29833984375 0.8736296521556802 0.8465428091376056 0.8184149619514764
v -225.47589111328125 -24.86334991455078 -141.3912811279297 0.6249516508546326 0.6011537938867054 0.5734614306984396
v 971.2840576171875 -27.669328689575195 -1973.783935546875 0.6363490777663933 0.6645652525717647 0.7190700388901303
v -2478.767578125 15.311702728271484 486.4777526855469 0.5934561696236198 0.6310478981478114 0.6972831174549078
v 2645.68798828125 70.37291717529297 547.4442749023438 0.45140906247445506 0.48581498072660806 0.5441574043783078
v -1696.5277099609375 -50.81062698364258 1559.02783203125 0.5126067825633857 0.5387828673695777 0.5876869594346958
v -866.7522583007812 -51.1588249206543 609.5814819335938 0.6006841113758572 0.5952793824091279 0.598686314394149
v 1205.250244140625 -9.394487380981445 -247.35934448242188 0.7326480176360283 0.731235126985867 0.7435038677095088
v -784.3032836914062 1.8614319562911987 -1591.769287109375 0.562848439785337 0.575663220140089 0.6066124211921727
v -1350.567626953125 -30.9835262298584 1754.325927734375 0.7245865216143115 0.7569579249129601 0.8191887670397464
v -853.9393920898438 67.0914306640625 601.41259765625 0.7416865952562807 0.7346731601864931 0.7380849334027405
v -2478.754638671875 -25.30836296081543 -1186.3040771484375 0.43915188363688856 0.47406856901555444 0.5327316079761066
v -690.6747436523438 46.84130859375 -1670.132568359375 0.7966324728735444 0.8155440332889091 0.8600416588106057
v 241.6081085205078 24.646883010864258 -779.7869262695312 0.5104343964755345 0.5008329505025629 0.495591832559752
v 184.5594024658203 136.63084411621094 97.3975601196289 0.821499795477842 0.7892839678612057 0.7507865348545681
v 823.001953125 -13.127095222473145 -663.233642578125 0.7518453604217853 0.7451151670749554 0.7491781013006675
v -797.0593872070312 -36.641536712646484 640.3700561523438 0.6423672524267667 0.48860202071372555 0.5277872293491886
v -559.7645874023438 -16.725399017333984 2021.7020263671875 0.4700991611973539 0.488884486826269 0.5265770016600927
v 1225.382080078125 -45.538265228271484 -1878.5750732421875 0.7614976627011327 0.7965948481472432 0.8634244361446807
v -230.46865844726562 -16.064908981323242 1943.103515625 0.5537316751099263 0.5714145317380398 0.609276894000545
v -627.632080078125 1.2647206783294678 697.6238403320312 0.6795690479209636 0.6702683993798946 0.668755889613103
v -1933.55029296875 12.280750274658203 1375.50390625 0.5770173428161345 0.6084333984637196 0.6659813098754389
v 762.3839721679688 56.551597595214844 -1991.4033203125 0.7120941223317087 0.7408338678920269 0.797722543950948
v -2607.595458984375 -11.922779083251953 -0.543179452419281 0.7115625811241902 0.7594963896844412 0.8424073828110383
v -681.2572021484375 40.253108978271484 -1635.19091796875 0.8848646140653569 0.9042299007923794 0.9511198917026998
v 1366.73828125 13.555455207824707 532.03173828125 0.709100441593657 0.7149079066454231 0.7380459027830538
v 203.89930725097656 129.597900390625 118.85074615478516 0.9172999198620748 0.882372176216228 0.8411424528243955
v -227.91285705566406 33.368465423583984 -332.0524597167969 0.5255420135782911 0.5076996009328038 0.48850312807753965
v 2628.471435546875 12.707572937011719 89.3960952758789 0.47695880871699864 0.5108996420764584 0.5693227004908826
v 448.2694396972656 8.220144271850586 1805.1844482421875 0.7073981767476505 0.7261436518917668 0.768636549050701
v 1748.07958984375 26.817564010620117 2430.806640625 0.5523621506181908 0.6044872801097664 0.6882138279649165
v -2491.7890625 -11.854974746704102 352.383056640625 0.6538252717224964 0.6945464573524912 0.7664562567489288
v -923.9383544921875 -21.601572036743164 607.4083251953125 0.5622152079900175 0.5581851850500202 0.563109182257791
v -1550.1124267578125 18.156476974487305 1632.563232421875 0.5970606000741846 0.6253658528990056 0.6791181923606888
v 1132.4136962890625 45.78627014160156 -1836.6534423828125 0.8505414003247831 0.8856000084023339 0.954342247172188
v -245.08509826660156 10.881966590881348 -244.8201904296875 0.865397490368029 0.8354766655435539 0.8021246018429542
v -1186.404541015625 -49.44527053833008 -1164.604736328125 0.7757799060828596 0.7889352158601836 0.8244874021160686
v 1137.706787109375 3.248164415359497 -419.8616638183594 0.49683143113419687 0.49546630925700225 0.5034641068012545
v 208.15553283691406 132.76315307617188 342.6341857910156 0.7565417545627892 0.7315525497217717 0.7046336321922251
v 1305.9154052734375 -5.568774700164795 709.0269775390625 0.5671593843246806 0.5723823490771154 0.5919825336140685
v 288.8079833984375 45.344871520996094 -2053.72119140625 0.6893978637767035 0.7151683206952174 0.7673868526121028
v -224.5461883544922 -62.37788772583008 -294.157958984375 0.5387956390672471 0.5199329933207291 0.4992051109313273
v -692.3245849609375 -72.69064331054688 718.5787963867188 0.5097916334616523 0.5038546253430939 0.5046935512732609
v 966.6511840820312 -20.35165786743164 -495.7900085449219 0.5803254374045584 0.5757187866095324 0.5800444356534366
v -19.760866165161133 -78.95149993896484 677.46728515625 0.6100668332117352 0.5956103207493865 0.5840714554156828
v 842.5877685546875 -24.366127014160156 1505.4510498046875 0.5681110001411683 0.5796782217995631 0.6088815685704592
v -1290.528076171875 23.6024227142334 -737.912353515625 0.8022704713146116 0.8094890175129628 0.8365296968779543
v -2642.90625 27.582355499267578 -624.4878540039062 0.47127769775102796 0.5074626702079027 0.5686489377876239
v 195.5031280517578 -21.373882293701172 371.31219482421875 0.77953831515699 0.7543373305507802 0.7275380370651806
v -1900.0474853515625 -6.512560844421387 1411.6812744140625 0.5692596715091685 0.6000986361685953 0.6566802692483958
v 2256.96923828125 31.46251106262207 1769.0867919921875 0.5050038635563189 0.5486175986158793 0.6202508359971358
v 166.4694366455078 -31.618837356567383 -766.8330688476562 0.6149867988470424 0.6028728040899809 0.5954190575992722
v 205.33299255371094 -176.29843139648438 377.35577392578125 0.8963369971411762 0.8679110849426949 0.837897148397031
v -2359.731689453125 -20.410673141479492 756.4003295898438 0.4673435792517258 0.4962484467341563 0.547769510897782
v 26.494056701660156 -71.67079162597656 -1906.2628173828125 0.7024973009585654 0.7227335759055784 0.7672958686033129
v 606.157958984375 12.024856567382812 -711.3987426757812 0.9168620648683855 0.9044249886058081 0.9022053476933957
v -614.2747192382812 90.54080963134766 -1695.20703125 0.7993374388629934 0.8181466265073905 0.8625467551781758
v 1362.5447998046875 -9.15050220489502 554.8125 0.6630230476838176 0.6686137253169777 0.6905618887304356
v -770.4224853515625 -8.323528289794922 622.899658203125 0.5490379574293683 0.5425323756977568 0.543173161295867
v -2639.1826171875 35.093902587890625 -269.0298767089844 0.5477200860233478 0.41482397360119705 0.4486909363990487
v -600.7998657226562 -1.4595803022384644 730.2274780273438 0.6492861116560392 0.6405515150223035 0.6394035399031873
v 1238.34326171875 19.35160255432129 -223.0654754638672 0.49523601660015654 0.4948434082163366 0.5043580457789283
v -997.7916870117188 5.57818078994751 -1375.592041015625 0.525833885658762 0.535960031095831 0.5622048855226202
v 1248.5775146484375 -22.921642303466797 -10.005793571472168 0.7254923280228601 0.7246429651084599 0.7376753491006232
v 75.47335052490234 -38.23188400268555 636.1951293945312 0.7070652977165336 0.6895499322680819 0.6746940907647376
v 172.0713348388672 23.040063858032227 -694.7762451171875 0.8928801053758944 0.8734979489929603 0.8591423910083607
v -1121.44140625 8.572517395019531 338.776611328125 0.566241693575965 0.5637264224104698 0.5711653359111909
v -2435.183837890625 58.88432693481445 -1331.217529296875 0.5602096668359846 0.6046782854892202 0.67899291612449
v 1673.1893310546875 10.367555618286133 -1606.553955078125 0.4563254224397261 0.48031710903860675 0.5249346875684268
v 402.0591125488281 -11.110162734985352 -723.8609619140625 0.7592252571533972 0.7457309407477903 0.7387417212148205
v -683.2026977539062 13.606422424316406 691.4569091796875 0.6662670529726218 0.6580098309363948 0.6579700607911947
v -2012.4500732421875 8.69395923614502 -2093.482177734375 0.49289027089422927 0.536788681038412 0.6084194537219787
v 1777.2208251953125 -35.47179412841797 2375.27099609375 0.4971330438121158 0.5435473230000033 0.618454077568661
v 1257.4359130859375 25.64588165283203 938.1893920898438 0.89907416868942 0.9103758136665027 0.9454613303356246
v 272.81658935546875 -36.65861511230469 -2005.4337158203125 0.4896418021553966 0.5071897084091589 0.5435388644381123
v 921.597412109375 32.83518981933594 -526.35302734375 0.8782056870998902 0.8705710205019027 0.8755137398877002
v -1343.9534912109375 32.18528747558594 -564.6234130859375 0.49292505443652307 0.4968899482767997 0.5131743229199723
v -2569.241455078125 -42.76274871826172 343.90728759765625 0.6280133543648938 0.6701270265414914 0.7432190592691481
v 88.6236572265625 -60.16679382324219 526.1212158203125 0.5399584777792458 0.524176759122381 0.5089203617841259
v 579.3634643554688 21.8175106048584 1711.5537109375 0.8217129509864604 0.8411673446080233 0.8869546913363994
v 1916.2904052734375 -22.51848030090332 -1321.64208984375 0.522787004016176 0.5501446507560894 0.6008998349239744
v 204.70980834960938 -23.926589965820312 -761.0536499023438 0.8896195408370964 0.8726514672458394 0.8623309592532182
v -1132.9468994140625 14.247178077697754 319.0615539550781 0.8358674115398276 0.8324476358846222 0.8434151701229242
v -173.36737060546875 -66.3685531616211 -521.5358276367188 0.6979102200659445 0.6783343917641432 0.6597188258878456
v 978.7106323242188 40.164363861083984 -1899.900634765625 0.8105164985791612 0.8431487983028468 0.9076245151725612
v -2545.915283203125 29.44818878173828 -1046.231201171875 0.5571054240942312 0.6005197858782216 0.6733951909274158
v 228.52862548828125 -89.35872650146484 223.5169677734375 0.9683346491054919 0.9342130118509654 0.8955959271943783
v 1228.7763671875 -86.62210083007812 884.8517456054688 0.6106988834348213 0.6170643779270505 0.6392275650515962
v -898.2391967773438 24.40254783630371 -1517.5250244140625 0.4829252463786026 0.49381810634800943 0.52037344142252
v -985.7681884765625 -90.98204040527344 1972.6697998046875 0.46448009774412896 0.485823344144458 0.5269751181603174
v 2629.86474609375 -53.74372863769531 521.3941040039062 0.4752308989970872 0.5106177903146544 0.5708785045964051
v 374.0516662597656 5.153848171234131 -753.0314331054688 0.5523835206168711 0.5425893701502836 0.5378325820639976
v 949.7841796875 74.91706085205078 -1929.53173828125 0.5090248564932356 0.5306641830984518 0.5732048707638631
v 750.5007934570312 -6.819862365722656 1591.9530029296875 0.7913705457563585 0.8083800102649669 0.8499709258879513
v -1362.29931640625 -39.57716751098633 -483.0389099121094 0.5096014354418242 0.513402633530168 0.5297436759060529
v 937.3985595703125 25.900310516357422 -548.7716064453125 0.5060024138639089 0.5019312486601037 0.5057453093446541
v -1372.4720458984375 -32.54217529296875 -406.0518798828125 0.8666270584750277 0.872302464801439 0.8981579972778767
v -260.7783508300781 -3.192660331726074 -259.3863830566406 0.8972031192543239 0.866887684429629 0.8335279882986221
v -266.3770446777344 3.791213274002075 -1847.6427001953125 0.5435682659108368 0.5584692485232277 0.5920987420812975
v -1370.36181640625 -25.680892944335938 1754.8045654296875 0.8355668513364432 0.8731079178932314 0.9449761417990302
v 2510.586669921875 -46.842655181884766 1263.2366943359375 0.8037590995324854 0.8676464699157086 0.9736978885617801
v 97.02699279785156 28.030542373657227 -655.926025390625 0.9371321315416752 0.9150749622775483 0.8970181180173938
v 1942.0037841796875 10.000804901123047 -1332.34814453125 0.6061193785510433 0.6383637286397174 0.6977215692197527
v -999.584716796875 31.744544982910156 1875.341064453125 0.7512905949021973 0.7812121484653228 0.840605034975995
v -62.168418884277344 48.32365417480469 677.6299438476562 0.5221823964558072 0.5096892544634753 0.4997660800201244
v 241.78822326660156 62.59673309326172 -759.5950927734375 0.6255058426583338 0.6134954870612475 0.6064210135896274
v -1337.8931884765625 -13.390361785888672 -526.9191284179688 0.5233501385844789 0.5270676333508095 0.5435341716021427
v 551.5270385742188 18.716291427612305 1747.5682373046875 0.5741461713551136 0.588831488420955 0.6227519985410425
v 257.56060791015625 19.249755859375 246.92601013183594 0.5515120594520346 0.5319926822992888 0.510368671190908
v 1285.2191162109375 -22.280040740966797 -20.41110610961914 0.6667609941084148 0.6670087675501188 0.680696177059491
v -648.4616088867188 48.80838394165039 -1716.8123779296875 0.5143454159692127 0.5277034157726755 0.5585000877341951
v -216.1271209716797 46.2041130065918 -380.79547119140625 0.6047279331957421 0.5851890547499392 0.564683134621555
v 1688.2275390625 16.87813377380371 2432.527587890625 0.4318537062791055 0.47260761598787965 0.5384429285693381
v 2.9504384994506836 138.863525390625 -668.16064453125 0.672088561807971 0.6560487798688222 0.6430303602929872
v -1082.3487548828125 -31.191831588745117 441.6097106933594 0.7668009287110061 0.7633948928205664 0.7731089601790281
v 689.209228515625 36.48979568481445 1698.7830810546875 0.5253257461720622 0.5388907995405618 0.5702073611126897
v 2658.598876953125 -15.699122428894043 596.0791015625 0.6882911816752827 0.7397861486117654 0.8267048213449142
v 17.171131134033203 64.84683990478516 1992.50048828125 0.8209127928451406 0.8478323217421758 0.9044308242220817
v -910.86962890625 11.683465003967285 -1442.9267578125 0.6441024704362546 0.6565042671902928 0.6884117676619339
v -2285.941162109375 61.8152961730957 -1833.701904296875 0.7395871504126287 0.8045745778306779 0.9101173533502233
v -921.5453491210938 10.985052108764648 546.4461059570312 0.5018417118673123 0.4974936800302607 0.5007807339218137
v 769.9275512695312 -8.61763858795166 1527.7525634765625 0.5928983439591509 0.604516793147611 0.6342735178162926
v 2455.666259765625 50.95132064819336 1378.384765625 0.4630203628185769 0.5017333851432648 0.5659283671536469
v -2100.8310546875 30.19869613647461 1098.2171630859375 0.6833629286625127 0.7199744722265611 0.7870825288544222
v 2312.54443359375 19.831880569458008 1688.7509765625 0.44653433719033203 0.48546617680822807 0.5494582213703159
v -207.2319793701172 -3.4153356552124023 -471.4993896484375 0.5805223174819201 0.5632814210436187 0.5463139342580271
v 1144.3314208984375 -40.33183670043945 -1843.6551513671875 0.559714663096287 0.5838863107466351 0.631071756111358
v -2645.303466796875 -23.171098709106445 -605.7374267578125 0.46147982296158657 0.4969332544563258 0.5569056384309514
v -1264.3399658203125 -16.21968650817871 -900.1627807617188 0.7783976253983 0.7876811066995001 0.817433713743817
v -2048.558349609375 -47.525272369384766 1283.4366455078125 0.8395449180460066 0.8861232340716056 0.970432633634348
v -832.3051147460938 -14.674582481384277 630.3001708984375 0.9028712763106485 0.8944237084745242 0.8985009475425508
v -2577.109619140625 -9.257486343383789 289.8730773925781 0.47975281916464213 0.5127612495258322 0.5700350622508379
v -1261.7427978515625 -15.698708534240723 162.7451629638672 0.519946707493233 0.5198480012063589 0.5302832660434884
v -2509.826904296875 -54.52642059326172 400.2038879394531 0.663406178655596 0.7056685187911974 0.7798647244333232
v 2219.318115234375 -60.674774169921875 -911.0426635742188 0.6998631880160209 0.7384299580695083 0.808577808358177
v 1147.4827880859375 -0.4099382162094116 1072.6165771484375 0.8813061242147094 0.892471109399482 0.927015268046644
v 648.1353759765625 -27.949790954589844 -1953.875732421875 0.5018042760520275 0.5206680708113838 0.5591429073167437
v -2522.802978515625 64.369140625 432.4770812988281 0.5404250928777459 0.5760513152895372 0.6383379105150185
v 2614.100830078125 4.317484378814697 547.2140502929688 0.4894961156565489 0.5255109026956268 0.586971805560533
v 796.0017700195312 -48.08799362182617 1542.97021484375 0.48395879894306876 0.49422409200107104 0.5198699482045017
v -1264.6429443359375 64.2088394165039 -888.7486572265625 0.485674595180776 0.49155373035831534 0.5106373244179266
v 1365.9298095703125 -8.248815536499023 238.4347381591797 0.5416828283079343 0.41011789217756656 0.44364561672440894
v 853.2831420898438 -4.820557594299316 -1919.7515869140625 0.6338567549711993 0.6586036782261431 0.708196545943962
v -275.75396728515625 -32.91923904418945 1985.2874755859375 0.468650300993445 0.48503530266206424 0.5192889381350018
v -1107.217529296875 25.547943115234375 -1173.9696044921875 0.6785675154333513 0.6886504847822921 0.7177365999932925
v 231.1212615966797 69.15087890625 1849.5487060546875 0.725697572229566 0.7450325043342375 0.788748709540241
v -1205.17138671875 -18.08083724975586 -1089.7940673828125 0.8418736241824558 0.8546259039863964 0.8908276411658393
v -2557.736083984375 5.5649566650390625 252.79501342773438 0.7798981372054036 0.8303471663611534 0.9183371295374277
v 2094.8505859375 -77.25813293457031 -1223.56787109375 0.45201501877033373 0.47864855444216675 0.5267486386789223
v 239.90444946289062 40.18103790283203 -755.3739013671875 0.5490937798824072 0.5383357327179407 0.5318930788314785
v -745.3776245117188 55.284034729003906 702.8934936523438 0.5069373829317555 0.5015785768892277 0.5033118859400985
v -221.40538024902344 -13.699895858764648 -390.7735595703125 0.7026465552148436 0.6804811915153003 0.6574158578682663
v 2176.351806640625 3.966301918029785 -1047.8936767578125 0.5807249960925814 0.6137620209011112 0.673590804539262
v 120.1247787475586 -166.70443725585938 -720.9943237304688 0.7328586418320143 0.7171563255435464 0.705919211603223
v 1010.9966430664062 8.35561752319336 -1911.3883056640625 0.5618525280181331 0.5858748269502053 0.6328982863068391
v -67.30414581298828 -6.616453647613525 -594.5709228515625 0.9235294993002553 0.8996605898018505 0.8782024827509444
v -1379.0107421875 8.310516357421875 -494.23907470703125 0.6668092255587724 0.6722439350315221 0.6940222421678135
v 745.5851440429688 -18.801054000854492 1593.7716064453125 0.6084219116379038 0.6217416513976415 0.6543231387669364
v 2508.83837890625 39.912078857421875 -360.657958984375 0.49652970117061473 0.528763990155327 0.5854456909509186
v 595.9163818359375 -5.26160192489624 1709.4906005859375 0.7818635779389214 0.8005624294669319 0.8444576724318112
v -1394.8009033203125 52.035301208496094 -260.0032653808594 0.8606941345104209 0.8658708048591967 0.8908438831561697
v 783.7208862304688 -26.061676025390625 -611.7744750976562 0.8483622001644953 0.8387476252422482 0.839894581851098
v 157.27072143554688 -5.555735111236572 93.17138671875 0.5916174843010003 0.5673442092541624 0.538016271385272
v 538.7049560546875 23.5170955657959 -715.2191162109375 0.5712057179961861 0.5623150348672329 0.5594282220891934
v 2366.85693359375 41.20784378051758 1692.950927734375 0.7195520017762513 0.7819056116626606 0.8835398394177134
v -2341.9677734375 -69.7928466796875 920.6008911132812 0.4693733748265075 0.4994930375067114 0.5526836961605627
v -1080.0609130859375 53.372901916503906 -1324.2877197265625 0.7249299960924676 0.7388508973120579 0.7745744189257391
v -2612.662109375 -74.10616302490234 -822.491943359375 0.44095816770554824 0.47574045676016513 0.5342809272591609
v -1247.818359375 72.74483489990234 221.22332763671875 0.8502039420542163 0.8498750778324506 0.8660299583123702
v -143.9767608642578 -70.3439712524414 -533.2810668945312 0.6208169566511317 0.6033071404242589 0.5867051186610811
v 2327.782470703125 9.449542045593262 -780.4646606445312 0.4901223856651015 0.5196119815131028 0.5724751737001985
v 1199.0782470703125 47.198951721191406 -182.60598754882812 0.5445171517562953 0.5430385556914484 0.5517346294259936
v -120.9322509765625 -4.127124786376953 737.787353515625 0.8155711215803094 0.7987182411166649 0.7871483724820922
v -2350.650390625 -29.59363555908203 765.5173950195312 0.9251264235927641 0.7090145364447537 0.7640880534014209
v 2446.192626953125 28.953502655029297 1417.806884765625 0.6586371489114216 0.7124580282330527 0.8015162917668328
v -139.3116912841797 7.347569465637207 -501.9760437011719 0.7435611760547305 0.7220510103093486 0.7010001277272772
v -656.500244140625 18.692363739013672 706.8341674804688 0.5121024796676584 0.5054589957769373 0.5051784842698284
v -2645.467041015625 2.3010735511779785 -703.69091796875 0.8042091297096132 0.8643851318547705 0.9656968579348807
v 212.57359313964844 54.347389221191406 409.1656188964844 0.6604999112724205 0.6398419112018683 0.6185444960261158
v -1659.5145263671875 -33.14384078979492 1539.800537109375 0.5163307919710216 0.5414982438481155 0.589101282924659
v -45.377647399902344 67.91504669189453 653.11669921875 0.7680912973859307 0.749560634959907 0.7341820482730279
v -2613.452392578125 -38.74722671508789 -693.0740356445312 0.7336554055853226 0.7873321074113394 0.878314128119252
v 2524.422119140625 16.98493194580078 -215.5826416015625 0.6536496253340304 0.6950268613089197 0.7678031196612499
v 708.3348999023438 26.940248489379883 -687.3829345703125 0.5109612396272883 0.5047895764349171 0.5052647492278468
v -927.2078247070312 -48.44447708129883 565.4899291992188 0.5422358120404704 0.5378978716395708 0.5419520682369425
v 499.52032470703125 31.51639747619629 -727.96728515625 0.5293848495800171 0.5208280355055045 0.5177008450791724
v 213.61016845703125 66.84440612792969 -2001.360595703125 0.8524696510615734 0.8812251123102443 0.9411009387799011
v -23.808942794799805 -5.806701183319092 1941.16162109375 0.7117545917610862 0.7334763939983245 0.7803732758101735
v 135.6993865966797 -17.590150833129883 -1962.2415771484375 0.4705435378578518 0.4860609664993922 0.5191101784969755
v 879.3966064453125 -27.459901809692383 1510.3548583984375 0.5212561777861627 0.5325244332076495 0.5603788910663556
v 2624.49609375 -3.966273784637451 863.7240600585938 0.45624587306402437 0.49282426873803425 0.5540993612725248
v 1362.3162841796875 7.159317970275879 505.6811218261719 0.5207886159502108 0.5248469043873379 0.5417924120580909
v 214.1454315185547 24.916685104370117 130.29823303222656 0.5531129883084331 0.41902777395615576 0.45319776499739434
v -1857.94140625 25.88479232788086 -2343.9345703125 0.46997930951385253 0.5149294283506273 0.5871693827092446
v -1413.8302001953125 -33.22117233276367 -444.5719909667969 0.493141750861205 0.49765533980339943 0.5147885237273405
v -2208.117919921875 13.161650657653809 1048.3443603515625 0.7409375890455434 0.7835320393137922 0.8600959873846264
v 238.234375 8.528656005859375 380.4918518066406 0.5911071480572875 0.4486444614462614 0.48494936452627585
v 210.41329956054688 84.10662078857422 1862.607421875 0.49569669496668284 0.5095997379638337 0.5408218470709469
v -274.0168151855469 -22.78170394897461 753.1328735351562 0.7579480073709939 0.7437211136560373 0.73547391964784
v 659.0453491210938 -28.024539947509766 -674.4071044921875 0.5824414852736539 0.5744748696033973 0.5733349281742879
v -1137.6805419921875 3.85127329826355 296.5311584472656 0.7542379050409488 0.7510906354021565 0.7609877303577374
v -2370.394775390625 -26.99148941040039 742.7125854492188 0.5980267444051078 0.63437765936001 0.6990750773343778
v 194.81764221191406 -49.444252014160156 404.18389892578125 0.9074976397881969 0.8793253016644137 0.8499989533180208
v -2634.005615234375 19.50998306274414 -442.2829895019531 0.6377814681077826 0.6836090911069953 0.7618141150586146
v -1198.0491943359375 3.117037534713745 -1036.71484375 0.6827543254411464 0.6919745897357709 0.7198348752758675
v -2621.55029296875 41.16719055175781 -92.44158935546875 0.5994809620612134 0.6409851688615402 0.7125321465365254
v 54.53947830200195 -18.349660873413086 -2009.97021484375 0.5155518844114887 0.5335766063781977 0.5711441780501525
v -564.9685668945312 21.65679168701172 1980.454345703125 0.6212083117661135 0.6441464256186246 0.6909132334602486
v -937.1631469726562 41.044063568115234 583.2962646484375 0.7860103794392854 0.780460819346195 0.7870758111778868
v 1311.3507080078125 43.141780853271484 873.5861206054688 0.7927198828598918 0.8030052468962883 0.834549385398118
v -1301.1502685546875 4.792144775390625 18.670011520385742 0.49453655754300235 0.49506778527238554 0.5060295154752248
v -240.8873291015625 -100.38772583007812 -235.34080505371094 0.6407889898353547 0.4873717620255796 0.5264682841486577
v 2461.9609375 -11.735183715820312 -403.9539794921875 0.49159762959220193 0.5223480808639355 0.5769334516660073
v -2599.51025390625 -44.72969436645508 -946.3258666992188 0.4704243669200338 0.5081245541134976 0.5712366615306913
v 2377.3408203125 -38.99875259399414 -732.713134765625 0.4523855539012073 0.4807307560500867 0.5311344765768855
v 283.8240966796875 61.26696014404297 1857.271728515625 0.8839958988638695 0.9078900167846435 0.9614005932668116
v 65.42803955078125 -163.30320739746094 598.2404174804688 0.7425178894404909 0.7231552953408109 0.7058242112289163
v 916.5056762695312 -24.539653778076172 -558.91552734375 0.559673806224615 0.5549222623226359 0.5586288221967117
v 1194.526611328125 40.57417297363281 -1826.955810546875 0.665459225206996 0.6942509726099506 0.7501980465309591
v 385.140625 -41.99122619628906 -736.9288940429688 0.5148641019592348 0.5054889765425931 0.5007138384632728
v 1219.9326171875 1.2180171012878418 -1857.5330810546875 0.817505157940991 0.8541011304608992 0.9242572007196863
v 956.6680908203125 20.880084991455078 -516.9143676757812 0.6234560977730436 0.618562174998336 0.6232228005763103
v 807.1657104492188 -58.80649185180664 -1910.1983642578125 0.6047052839744218 0.6275375558169859 0.6738062442323189
v -2266.36865234375 54.27842712402344 990.483642578125 0.5014891851878028 0.5321430474887396 0.5868442081951825
v 2348.6962890625 3.7421743869781494 1580.9739990234375 0.6360284773871779 0.6883061548194033 0.7747486046954797
v 1329.3553466796875 -70.04402160644531 836.297119140625 0.5123439146383615 0.5191042978309485 0.5400284939429382
v 526.1710815429688 48.37039566040039 -1978.92919921875 0.4875211230859929 0.5056173856903162 0.5427025815880356
v -2551.212646484375 -4.648771286010742 -1036.185791015625 0.44456072002265795 0.4800254085390184 0.5395436063999394
v 702.5510864257812 42.09880447387695 -1979.5908203125 0.6350869758711409 0.6598686686561291 0.7095367766731807
v 1347.6778564453125 17.583343505859375 161.8035125732422 0.786948053271825 0.7896294777072059 0.809355379613072
v -474.0621337890625 39.21711730957031 743.8173217773438 0.6228412990074763 0.6128962102815195 0.6092358339602814
v -2574.696533203125 26.81075096130371 -1024.6292724609375 0.45156323087691147 0.48805150874613973 0.5490792816096529
v 2262.998779296875 2.8756184577941895 -916.3696899414062 0.48212431683782225 0.5107860881138426 0.5623433030197006
v -2669.386474609375 4.956040859222412 -196.8585968017578 0.6154487432203835 0.6600221260532323 0.7359959664915918
v 202.11892700195312 238.7083282470703 406.91461181640625 0.7852664204433045 0.7608242880126377 0.7354918169687882
v -2475.51318359375 -6.065786838531494 -1293.515625 0.44190518457222094 0.4783519838526516 0.5390529244340327
v 2611.202880859375 -31.521312713623047 -21.192541122436523 0.6734677158101025 0.7191718640244221 0.7981624708235266
v 413.5447998046875 -2.078394889831543 -736.951171875 0.7317641574689171 0.7191945139804785 0.7132291740845987
v -970.856689453125 -66.92902374267578 465.8955078125 0.5076701165999293 0.5033910205825953 0.5068984752984058
v 714.1690063476562 -37.50613784790039 -652.2835083007812 0.6966831621931714 0.6879463616747059 0.6876883116031584
v -367.790771484375 -43.1330451965332 807.1651000976562 0.5087506378578318 0.5005787115690867 0.4976999708582656
v -2629.983642578125 30.267976760864258 -546.922607421875 0.44368094495891025 0.47711256794108575 0.5339826630638231
v -143.87229919433594 210.87705993652344 715.1427001953125 0.5806469019114258 0.5679464625164672 0.5588262572131389
v -172.1530303955078 -42.09263610839844 -492.4037780761719 0.7705347201319684 0.7483163430721068 0.7265864842372349
v 7.350090026855469 3.288668155670166 -1983.5711669921875 0.7121827783722506 0.7354354541873114 0.7845421736400079
v 1105.280517578125 -9.15186595916748 -385.8380432128906 0.6708618328964223 0.6679007819845529 0.6765568271335599
v 2503.78662109375 24.829315185546875 -381.0204772949219 0.6319969414751215 0.6720719497394573 0.7425741729328182
v -1085.0350341796875 -62.04364776611328 1874.127685546875 0.7164013533209618 0.746567224285681 0.805546754884026
v 2410.650390625 -33.94894790649414 1479.513916015625 0.6630302995528377 0.7172300160615179 0.8068968797610742
v -135.02899169921875 -36.131465911865234 -564.6507568359375 0.8907982091959787 0.867170919823846 0.8454642443398075
v 118.6834716796875 24.38401222229004 556.02978515625 0.5618595262765369 0.546205185987561 0.5316229391947577
v -2169.7783203125 26.540599822998047 1039.232666015625 0.5221775806474575 0.5518742991556368 0.6057913220110116
v -1148.0975341796875 -39.14559555053711 325.6724548339844 0.6693970084498129 0.6670688935420196 0.6767115515239402
v 1336.7978515625 -19.19002914428711 322.9457092285156 0.77240327367654 0.775629715728235 0.7959383039933203
v -133.64869689941406 68.99933624267578 706.1680297851562 0.8615665152380575 0.8429163997218285 0.8291915185154409
v -223.49769592285156 22.985349655151367 -332.7174072265625 0.612106877343643 0.5915631713324425 0.5694316420639801
v -1310.3599853515625 0.7218965888023376 -74.90076446533203 0.7452535675930566 0.7463801286310964 0.7628987773044951
v 1145.1185302734375 -3.300013542175293 -311.9242248535156 0.7657324560945052 0.7628892727901839 0.7734856340185271
v 2489.611083984375 69.62220001220703 -517.7114868164062 0.7580900753289402 0.8059827669334476 0.8900376625729421
v 435.5675354003906 30.917129516601562 -774.3585815429688 0.598128299105935 0.5886942555817213 0.585414887452186
v 1318.0242919921875 -8.943641662597656 -1749.5946044921875 0.4659012484571992 0.48691783978389364 0.5276466132325855
v 1023.9067993164062 22.45496368408203 1294.9566650390625 0.5738017957558723 0.5834435516911088 0.6098793669311101
v 2298.28955078125 -58.99367141723633 1750.16015625 0.4973144810346641 0.5410497048024988 0.6126078125232634
v 521.5328979492188 -12.968205451965332 -739.3016357421875 0.7810135001075595 0.7694220267145844 0.7660306217444867
v -998.1756591796875 21.855226516723633 477.8060302734375 0.7079062714574221 0.7029513925258443 0.7090803968963564
v 1163.16259765625 -28.113737106323242 1207.8677978515625 0.48036773881412714 0.4891780841863444 0.512587015654594
v -1186.0035400390625 -54.04407501220703 -1082.6920166015625 0.48976785332549305 0.49707357338671915 0.5183986045389883
v -2593.1787109375 15.71700382232666 -955.4611206054688 0.7220606988156764 0.7776866390950155 0.8708581531064616
v -871.9724731445312 -28.385032653808594 -1519.12353515625 0.4839243600162603 0.494554872512637 0.520741439017759
v -2080.130615234375 0.9637928009033203 1210.130615234375 0.5836580014687387 0.616542152710394 0.6762349848757363
v -397.2270812988281 1.2976962327957153 767.5570678710938 0.915103810260561 0.9002606283716975 0.8940029113991417
v -2268.827392578125 17.039745330810547 -1733.0213623046875 0.443520546437974 0.48195743843751054 0.5452348468228244
v -1307.9676513671875 9.956204414367676 -222.37164306640625 0.6656422473894806 0.6670616092915007 0.6825732420538679
v -1959.1387939453125 11.180876731872559 1351.022705078125 0.7383884912294184 0.563451185340681 0.6080318463933053
v -1324.6739501953125 2.6805760860443115 -0.4573940336704254 0.6655424333010079 0.6669028895568829 0.6823201701833185
v 1068.8948974609375 55.776519775390625 -480.0561218261719 0.6132625947256006 0.6105633525481657 0.618575556566169
v -673.5845336914062 -71.49921417236328 679.0348510742188 0.5802977767707644 0.572666755211676 0.5720410946862788
v -2540.199462890625 -51.99298858642578 -875.8417358398438 0.4625619976110899 0.4972804891881179 0.5563311847389157
v 466.739501953125 -0.7532733678817749 -1975.1297607421875 0.4923759102848661 0.5101586393598582 0.5468993431045107
v -1566.7216796875 64.9686279296875 1670.014892578125 0.9537231844965729 0.7313058697926822 0.7879862523918211
v 9.62763500213623 42.032066345214844 -1986.4039306640625 0.4977991904809503 0.5146281198016294 0.5501184628936937
v -1328.8663330078125 35.83476638793945 1795.2476806640625 0.524114905955712 0.5487341532514599 0.5957552560399285
v -1061.409423828125 -30.71110725402832 -1324.424560546875 0.6142258429198667 0.4666656392550355 0.5042695780843901
v -2590.10595703125 -22.387739181518555 -963.658447265625 0.4440717529997841 0.4797967748291207 0.5396353543170116
v -1249.991455078125 14.46964168548584 -993.1031494140625 0.536834709583779 0.5445355618112856 0.5673461018238305
v -1936.616455078125 3.327070474624634 1342.49072265625 0.7038844075942626 0.7409496782484274 0.8091568606027509
v -1177.84033203125 -47.324676513671875 284.44036865234375 0.778968534631414 0.7768731508132708 0.7889084630735936
v 460.9114074707031 -3.3604588508605957 1795.4891357421875 0.5290627391409323 0.5432559276147902 0.5755647774348441
v 177.7164306640625 -8.511994361877441 479.7796630859375 0.8493978346277509 0.8247629000362314 0.8004418752292651
v 56.855621337890625 -62.81703567504883 -710.9376831054688 0.5144072999494241 0.5027144930693856 0.49400617909451755
v 1969.399169921875 18.32353973388672 2124.076171875 0.6132786076942083 0.6665191670524887 0.75350771637208
v 1177.45849609375 -4.15310001373291 1131.146728515625 0.6832940283631125 0.6940416894336842 0.7242192090314408
v -128.9423828125 -24.277193069458008 751.5908813476562 0.7561633304932251 0.7408771002980685 0.7308037549759928
v -2265.89208984375 -48.054649353027344 -1791.8824462890625 0.807320330606937 0.8756026945933355 0.9873242549005486
v 239.14846801757812 45.01066589355469 226.5699462890625 0.5996967553587373 0.5780660755508993 0.5537184063541479
v -1145.78369140625 36.92692184448242 1850.5987548828125 0.5393732734542962 0.5629420289571271 0.6088410506390893
v -1345.400390625 77.35870361328125 -624.5955810546875 0.7556256948098853 0.7623418661910006 0.7877427582384929
v -2273.12646484375 -48.89491653442383 903.460205078125 0.7403347854194048 0.7829717724838595 0.8595781634421461
v -33.0971565246582 -86.77023315429688 657.6534423828125 0.5750015763696437 0.5608983357372417 0.5492655773513364
v -202.47482299804688 -50.76008605957031 -340.16363525390625 0.5745054804223614 0.4357033716598766 0.47107540927988173
v 2621.356201171875 66.692138671875 4.261359691619873 0.7565390686226489 0.8079191717808765 0.8965255443099638
v -1892.65673828125 16.99419593811035 -2274.12060546875 0.5247402314128079 0.5731855416380058 0.651476834028577
v -886.6759643554688 -7.305983066558838 572.6032104492188 0.7478609378379886 0.7411198716044118 0.7450908171551203
v -2433.330322265625 69.62183380126953 -1434.40234375 0.4364336519679429 0.4734150457376047 0.5346399825081309
v 1759.0357666015625 -16.361770629882812 -1473.90966796875 0.4893597868672465 0.5142064067446687 0.5607546747225622
v -76.2558364868164 83.02617645263672 -576.1206665039062 0.6336320422723102 0.61644215757025 0.600660271944417
v -552.0145874023438 27.490570068359375 -1708.7576904296875 0.5645129042558524 0.4279140782365476 0.46272463280480985
v 1340.7659912109375 13.463632583618164 270.28155517578125 0.7984791993021616 0.8015508431454109 0.8220991762634455
v -1371.3431396484375 -17.049760818481445 -468.3464050292969 0.4910256481229451 0.49478440642552374 0.5107154513879963
v -93.51808166503906 38.1739387512207 1915.6514892578125 0.8733689146807143 0.8986623382968092 0.9539896259399708
v 2428.497314453125 -41.68768310546875 1456.328857421875 0.4903168490263417 0.5315866173849148 0.5998212690827047
v 1376.8326416015625 -52.07975387573242 117.59996032714844 0.49568712470487347 0.4979799334320005 0.5117232576622028
v 1759.6976318359375 -49.22953414916992 2406.37890625 0.786588238026917 0.6010231628470696 0.6483121694217692
v -242.28172302246094 159.1124267578125 -253.030517578125 0.9041155100428155 0.8730533359824252 0.8385085638401191
v 948.4320678710938 -28.506921768188477 -1938.457763671875 0.5070494171142165 0.5288190957796265 0.5714992691016372
v -1977.92724609375 -0.7965086102485657 -2202.85546875 0.43943560892857136 0.4808107596735797 0.5476546172972513
v 380.48193359375 12.24561882019043 -2005.2177734375 0.5539171406784824 0.5740329129960049 0.6153793427934812
v -2186.113525390625 45.8349494934082 1044.8089599609375 0.7826121691755594 0.8264751247755603 0.9057543448662801
v -1050.927490234375 16.724409103393555 -1298.666748046875 0.873969847835248 0.8890064897852344 0.9292498136866707
v 383.3583068847656 -24.46367073059082 1816.2003173828125 0.6008904820815676 0.6169040816498907 0.653295655161155
v 2636.388671875 -52.76213455200195 88.11421203613281 0.6504182236380347 0.695743306634239 0.773630967618701
v 95.57218170166016 -90.1798095703125 -739.808349609375 0.6268349584719789 0.6135964966786148 0.6044682613027487
v 2604.66259765625 -26.955018997192383 581.3750610351562 0.5327474911176018 0.5715550543788783 0.6378096048607006
v -2331.355224609375 1.2843403816223145 839.044921875 0.5817231946137845 0.6169486753544626 0.6797397119066679
v 1997.989990234375 -6.33715295791626 2161.74267578125 0.6308861263089434 0.6875497824530208 0.7793625802299646
v -2640.259521484375 60.684635162353516 -913.5679321289062 0.668226339043484 0.721306117180474 0.8096959796965214
v 2237.509521484375 -23.0899658203125 1883.034423828125 0.7883222539527718 0.8569727756130328 0.968584738593154
v 817.966064453125 18.440706253051758 1545.376220703125 0.5799998517445601 0.5924388099405417 0.6231653585844137
v 186.24826049804688 104.1065902709961 103.055419921875 0.5444944921404697 0.5225360674278967 0.4963440837564384
v 683.4039306640625 -16.175338745117188 -704.6727905273438 0.7672107393726643 0.7580835481340531 0.7585086435684715
v -1048.67431640625 5.622171401977539 -1283.70263671875 0.5562228138452919 0.5657724604418307 0.5917355520233654
v 1342.091796875 -16.87903594970703 352.3936462402344 0.49836446732800804 0.5007958533366867 0.5148044753007126
v 2620.582275390625 4.907705783843994 874.5668334960938 0.7995272988755397 0.8606511654236562 0.9630502318333282
v -1812.348388671875 -40.880496978759766 1444.3291015625 0.6341990291943931 0.6664604265500016 0.7264948231245326
v 2597.53125 31.90471649169922 -179.89805603027344 0.5072704355242613 0.5423074012216468 0.6029618702952517
v 1070.8551025390625 -22.77623748779297 -434.6313781738281 0.7311338215304286 0.7274796960948176 0.7361364095402987
v 248.12733459472656 -75.16106414794922 275.4605407714844 0.5333179497264613 0.5146417026520861 0.4941271859564182
v -1272.486083984375 -1.0970667600631714 1836.6566162109375 0.7424008469358551 0.7763335464945806 0.841124902876598
v 39.35966491699219 -133.97422790527344 633.5436401367188 0.519761243905721 0.5064376258318974 0.4950378376947923
v 1178.17041015625 -2.0860891342163086 -226.28762817382812 0.6666333283762789 0.6644882891557048 0.674372612585273
v 1629.4442138671875 -22.28264808654785 -1655.584228515625 0.4627244198621336 0.487105911498174 0.5324042725466392
v -1925.7196044921875 34.18217086791992 -2188.646728515625 0.435352978454533 0.47498794425042573 0.5395314420266809
v 2071.017822265625 -20.63382339477539 -1181.308349609375 0.4539459724947457 0.47954939051190976 0.5263045283197447
v -1915.705810546875 10.083910942077637 1419.1639404296875 0.7557758331002556 0.7965575040123548 0.8710328069242629
v -882.443115234375 33.13173294067383 -1498.7398681640625 0.503781929567891 0.5144994716033694 0.5411993868220202
v 1215.414794921875 34.741024017333984 974.960693359375 0.5124700638268292 0.5189361488034431 0.5394154536018338
v 2606.64013671875 -16.623273849487305 571.3502197265625 0.4809971049555249 0.5163804425694889 0.5767919423012938
v 251.4585723876953 -10.54971981048584 -743.2374267578125 0.6805104112736655 0.6672098580570487 0.6590240988542332
v 2146.963134765625 61.395469665527344 -1074.2919921875 0.4555421946972836 0.48167260475081913 0.5291787383342079
v 309.1693420410156 12.143417358398438 -779.3659057617188 0.6754098479850226 0.6635712512960479 0.6577492278349387
v 419.5161437988281 -4.734270095825195 -1985.445556640625 0.5563985338358298 0.42158888279046813 0.45594348149785663
v 1250.4405517578125 16.44087791442871 982.607666015625 0.7884461722038152 0.7992010439179419 0.8313764058843318
v 2199.584716796875 -22.510557174682617 1885.9215087890625 0.45374444434555244 0.49430050851477275 0.5605546235518004
v -20.203859329223633 -20.45931625366211 -616.040283203125 0.6601864419377345 0.6431688492203732 0.6282260247114989
v 103.72813415527344 85.21283721923828 627.9866333007812 0.6439990229845004 0.6278358815841075 0.6140417165077385
v -687.2855834960938 43.52949905395508 1937.73193359375 0.6080263742630609 0.6304071274076679 0.676105929731518
v 142.3365020751953 140.0719451904297 513.4625854492188 0.8482506452708225 0.8242703522914256 0.8010720362577294
v 736.8438720703125 -45.290809631347656 -645.6598510742188 0.55874963199552 0.5518935055514013 0.5521400446435083
v -958.1145629882812 20.704700469970703 -1442.5177001953125 0.5086594947162982 0.5192841957552654 0.5459405691538046
v 1372.8690185546875 -8.826013565063477 121.30363464355469 0.5203862378198469 0.5226982308565707 0.5369275754576313
v -1048.5067138671875 -13.132084846496582 398.4186706542969 0.5110969028583278 0.5077387784270627 0.5128015606652524
v 1229.100341796875 5.163403511047363 -228.89727783203125 0.49893424787778756 0.4983661162574648 0.5076705430090172
v 249.1145477294922 -72.70328521728516 222.3924560546875 0.5493761845612412 0.41611493077876494 0.4500749447137697
v 230.4277801513672 40.014102935791016 1886.7828369140625 0.5559386660714668 0.5721007746274827 0.6078109530277019
v 103.69245910644531 -168.4531707763672 570.572509765625 0.5764899789160915 0.5607009115591315 0.5461841412549036
v -174.64193725585938 -85.23603820800781 -421.74542236328125 0.5254817851485064 0.5086360361172686 0.491205601934014
v 2056.0166015625 1.8558204174041748 2107.73193359375 0.7951917365184525 0.8654716109340351 0.9793312111994817
v -233.29959106445312 -27.037456512451172 -271.48663330078125 0.9699505741211188 0.9370016834923448 0.9005254172861065
v 2417.804931640625 23.742523193359375 -646.0811157226562 0.5465414451242804 0.5806384606517294 0.6410512559928908
v -2639.98046875 25.245779037475586 -133.1909637451172 0.8040077906575099 0.8594706638594607 0.9546681157814444
v -1063.1741943359375 -3.8519744873046875 -1240.14453125 0.5285681067551024 0.537081674260553 0.560962426650021
v 1354.08984375 -34.494476318359375 431.49407958984375 0.558782632818725 0.5623109290378363 0.5791407291302954
v 2615.932373046875 15.9136962890625 71.0411148071289 0.5748587307139501 0.43597872858692205 0.47137060883151344
v -2355.662353515625 40.271209716796875 727.9015502929688 0.45847794245575607 0.48654532091520847 0.536727915094063
v 2380.705078125 3.0296409130096436 1547.597900390625 0.7818211426212954 0.8455502206803379 0.9507656596302262
v -187.7514190673828 -17.611425399780273 2000.73486328125 0.7193607334419841 0.7437805662031218 0.7947055990490448
v -1332.01513671875 64.51258850097656 -674.5877685546875 0.751086892897361 0.7580903394335475 0.7838479321306365
v -25.481229782104492 -105.43318939208984 -622.2398071289062 0.8411943096146697 0.8200604466899528 0.8016654275078502
v 1369.4091796875 -41.99742126464844 -1760.1993408203125 0.5230174541902761 0.547490413964311 0.5942844777176316
v 885.1014404296875 -23.35513687133789 -631.17333984375 0.767141683519526 0.7612024298727231 0.7668357192920755
v -1157.918212890625 36.163578033447266 299.0154113769531 0.6164085416979267 0.6143151298414549 0.6233554358850393
v -160.65997314453125 83.49053955078125 -485.22369384765625 0.5208536913554345 0.5051584924246473 0.4896560504473309
v -1019.5088500976562 -17.134063720703125 450.392333984375 0.5484365501472213 0.5446964499270807 0.5498338599777863
v -390.9911193847656 22.821205139160156 1983.1280517578125 0.681513707800139 0.7051523377904193 0.7541768284869673
v -863.6866455078125 32.099056243896484 -1495.650146484375 0.6240527361151623 0.6367152708248832 0.668624940884669
v 980.3068237304688 13.084821701049805 1420.7099609375 0.7932062273910441 0.8089852743329875 0.8487875012595802
v -141.24880981445312 -80.39151763916016 732.5086669921875 0.5745311228024066 0.5623092090168611 0.5538829216273268
v 341.79412841796875 4.038674831390381 1865.237548828125 0.8349130385613152 0.8582708382816183 0.9100197601231114
v -831.1509399414062 39.778743743896484 671.2173461914062 0.5642406424413186 0.5593355863593727 0.5628774495640246
v -577.7745971679688 -8.538354873657227 1983.09326171875 0.744399054451892 0.771750192016917 0.8273689808613042
v -953.2294921875 3.6501102447509766 563.7160034179688 0.8749673505973847 0.8689552347973976 0.8764713448938948
v 1221.7860107421875 22.38383674621582 1069.5657958984375 0.48906414164012096 0.496775956780991 0.5187005719731043
v -1347.6768798828125 -13.33288860321045 -245.79495239257812 0.7236842097076636 0.7265541842355324 0.7454072080890045
v -1654.258544921875 54.14596939086914 1575.1834716796875 0.7822207342079742 0.8199753353870769 0.8909356186463606
v 2630.23193359375 -31.97762680053711 487.5291442871094 0.4959382506868983 0.5325151718613904 0.5948800345513829
v 322.6526794433594 16.809751510620117 -757.91455078125 0.575074397526363 0.56453755417857 0.5589702148811203
v -1129.032958984375 -19.299671173095703 376.6016540527344 0.8476898760726791 0.8446780531012337 0.8565170607863581
v -1168.2598876953125 -13.887166976928711 1797.3443603515625 0.7444207680311901 0.7748165559066288 0.8347267812788858
v -1179.4088134765625 33.75460433959961 253.30238342285156 0.7149718611981885 0.7128778177840391 0.7237351536590559
v 1276.209716796875 -21.297016143798828 955.951416015625 0.5475769140559926 0.5553680672906532 0.578517823327383
v 168.0377960205078 -142.78147888183594 448.7479553222656 0.773165038969011 0.7497363228062626 0.7259357573237758
v -1067.10888671875 -55.55728530883789 1884.9468994140625 0.5248316259722862 0.5475199763360525 0.5918719344055144
v 135.47007751464844 75.2615966796875 -1994.5838623046875 0.5299401152715095 0.5480997632318494 0.5861579143423606
v -93.65827941894531 97.13031005859375 -571.479736328125 0.6833424603188434 0.6648619172720392 0.6478543204316162
v -1279.785888671875 2.6820950508117676 45.57188415527344 0.7225664974108401 0.7226880012504786 0.7372039605514119
v 1205.0899658203125 2.0868022441864014 1031.9580078125 0.48893214898219767 0.4957814174356208 0.5164000569103797
v 390.7233581542969 -26.794700622558594 -1998.0208740234375 0.500419431963058 0.5186316034053728 0.5561515832330467
v -230.90296936035156 60.221431732177734 -398.2216491699219 0.6169716358007687 0.5975538303224002 0.5775228026221654
v -1393.6453857421875 -45.158973693847656 -295.2354736328125 0.8015822709280909 0.8066241347562668 0.8302941163973107
v -871.0103149414062 83.12638092041016 1938.4310302734375 0.6808529601084703 0.7081614193654864 0.7623669228768561
v 2396.781982421875 -25.785371780395508 1501.7613525390625 0.6196246913055468 0.47087407089593875 0.5087813660571121
v -2397.60498046875 -20.764272689819336 -1472.9468994140625 0.4754042299973516 0.5149734335955255 0.5806148935281473
v 199.2037811279297 -185.59136962890625 217.83546447753906 0.8012109621904134 0.7720113934300088 0.7385284589348526
v -1841.776123046875 43.43264389038086 -2362.053955078125 0.5114646498263761 0.5601213500569875 0.6382614856926349
v -284.9946594238281 42.372928619384766 -1897.9547119140625 0.4942599008226663 0.509257518802005 0.5420391414470874
v 1219.2933349609375 10.801578521728516 1033.375244140625 0.4831449783808361 0.49018869765554013 0.5109926770787752
v 103.95648193359375 -140.779296875 517.9793090820312 0.9538548833731443 0.9269221909094009 0.9007513819556727
v 1319.00146484375 53.133087158203125 -6.792544841766357 0.5127579277716279 0.5137031399209773 0.525652137627182
v -890.8470458984375 -9.245793342590332 526.2138061523438 0.8575767755857279 0.8492135953537222 0.8525835535579827
v 596.4613647460938 -0.5755836367607117 1692.5819091796875 0.6929289054271057 0.7091119247743901 0.7475650358615731
v -856.7042846679688 53.24024200439453 597.4533081054688 0.8847115724932023 0.876438811638577 0.8804626055029507
v -2474.201904296875 19.790876388549805 465.0087890625 0.6034509260651927 0.6413121651014151 0.7081566985436051
v -197.96473693847656 -15.969918251037598 723.156982421875 0.5314563663348278 0.5201464075026501 0.5124252870770551
v 1013.5885009765625 -23.01641082763672 1356.1690673828125 0.6575987153336978 0.5004750407701279 0.540516096417587
v 2105.090087890625 34.57708740234375 -1178.314697265625 0.5571534825788326 0.5888656986946603 0.6463414293059457
v 808.658935546875 -6.296731472015381 -626.007568359375 0.7555571857798011 0.747771833748248 0.750181025927147
v -727.6734619140625 -56.25558853149414 706.6041259765625 0.6179667973904274 0.6112971391920429 0.6129602584380779
v 735.7272338867188 49.534515380859375 1640.6156005859375 0.5796684815790022 0.5934981691332882 0.6262714539607148
v 2260.75 -34.17134475708008 -1005.4822387695312 0.5456747514282397 0.5787922331430927 0.6378763996370767
v 1292.1180419921875 -20.774511337280273 806.7906494140625 0.6696677690806 0.6768708643084133 0.7014159673509841
v 2638.373046875 87.08959197998047 58.77198028564453 0.6306713771888958 0.6747734362193838 0.7505404934996822
v 269.50567626953125 69.82881164550781 1869.3564453125 0.7204296631825546 0.7405115428724491 0.7852097034696328
v 1802.9835205078125 -15.583842277526855 -1490.7611083984375 0.5961792878230876 0.6274060812931226 0.6851460439050749
v -1802.2215576171875 8.526211738586426 1432.972412109375 0.6367019521566645 0.668543805755689 0.728061499703685
v -899.9788818359375 39.04456329345703 -1487.1529541015625 0.47824861483077424 0.4884538546938823 0.5139002697369249
v 1197.8480224609375 -58.593292236328125 -262.49005126953125 0.5394451409987824 0.5382848227855088 0.5473945375433793
v 376.3757019042969 -4.803380012512207 -2030.08544921875 0.46630217326621765 0.48411659483721187 0.5203557309186523
v 1151.097412109375 -13.319046020507812 -308.8293151855469 0.5767052962622548 0.5746367000185364 0.5829841496059186
v 2424.296875 -22.923011779785156 -670.5242919921875 0.7252023487318437 0.7699697076839067 0.8490483952935418
v -2605.568359375 -50.58202362060547 -916.7797241210938 0.54929038784244 0.5924964453308829 0.6648855634154097
v -761.7861328125 28.576257705688477 711.0430908203125 0.7698101941111556 0.7624762383471618 0.7658894317159278
v -588.0586547851562 59.50959014892578 1983.9853515625 0.6038597853515398 0.626521793085749 0.6725315087297428
v 2621.92236328125 26.63812255859375 505.2010192871094 0.4429403387542277 0.47585820019974995 0.5320412324578925
v -1019.8502807617188 -64.17239379882812 1912.4005126953125 0.46777726889757815 0.4882668175448139 0.528301650011415
v -1332.0301513671875 -15.311647415161133 -140.48866271972656 0.8668137865287071 0.8690922924885369 0.8896603095492674
v -2619.95654296875 68.06427764892578 -770.2406616210938 0.7107995676822698 0.7641344689096969 0.8540468805439694
v -455.4403381347656 -5.084144115447998 743.3395385742188 0.9045564724384261 0.8901292631405798 0.8843652209932477
v 1316.453857421875 -30.83748435974121 232.99705505371094 0.5277327990588676 0.529115317448489 0.5420268447062858
v -971.263671875 0.666797935962677 544.6685180664062 0.5009303763132393 0.4974638029791663 0.5021630085573557
v 1350.558837890625 -3.826004981994629 613.3259887695312 0.6232314576271228 0.6288503076622971 0.6501020074160332
v -951.5205688476562 50.88660430908203 -1424.4932861328125 0.5275050017406943 0.5380084945296671 0.5648477277319998
v -1243.2611083984375 31.455522537231445 1797.0068359375 0.6208291027120645 0.6479165445159019 0.7005083075775417
v 2440.681640625 0.546622097492218 -539.6526489257812 0.651772311976259 0.6917175940128426 0.7625435251559718
v 1402.470703125 -60.04798889160156 288.7820739746094 0.620813901758733 0.6249924545733354 0.6439780185295498
v 227.6475372314453 -19.421327590942383 304.9900817871094 0.9278383457697352 0.8969428750275706 0.8632161211046135
v -950.215576171875 7.542825222015381 1935.481201171875 0.6586559893588101 0.6862311093475393 0.7403305048959469
v -512.3516845703125 49.822696685791016 721.8049926757812 0.8584324898148126 0.8451317750165824 0.8403674588263538
v -2487.783447265625 70.67245483398438 538.5452880859375 0.7642408410080176 0.81261121203018 0.8974547381649148
v 1635.9832763671875 43.908485412597656 -1607.4227294921875 0.7902127026871244 0.828730996915754 0.9009223479874268
v -638.3595581054688 54.37125778198242 1960.6951904296875 0.5913866945903523 0.6133920237180003 0.6582081138160297
v -1287.10498046875 -30.80208396911621 -809.9241943359375 0.8106459801384915 0.8191574377861314 0.8483354691231395
v -1349.06787109375 -5.077695369720459 1809.8360595703125 0.4888992928614649 0.5126774955860427 0.5577455832259873
v -989.3739624023438 19.63055992126465 -1352.9925537109375 0.5004799934032742 0.5096037930382911 0.5338659269075836
v 72.50665283203125 10.471550941467285 1937.2476806640625 0.6269210255572285 0.6461537750476828 0.6877382486154754
v -1178.2315673828125 4.552051067352295 319.89715576171875 0.8341535671658062 0.8322335748016692 0.8455659823079335
v 1328.7440185546875 48.43498992919922 129.8882293701172 0.6102203459629515 0.6117501385374071 0.6264134542314718
v 2637.81982421875 42.083099365234375 596.40283203125 0.5353435175902271 0.5755439606169146 0.6436752790554487
v -1902.718017578125 58.253875732421875 -2239.426025390625 0.5309996834982101 0.5792246926300613 0.6574334270211983
v -529.4033203125 -7.337406635284424 792.4002075195312 0.6014587041913474 0.5934912298961698 0.5927087857209065
v -541.5994262695312 -27.488082885742188 2030.503173828125 0.7143093746205419 0.7419708902009675 0.7973901652177819
v 2236.16259765625 -34.890201568603516 -912.5147705078125 0.805339997445018 0.8500355852530905 0.9309841278317479
v 1338.9439697265625 4.28187370300293 361.4422302246094 0.6721722097278605 0.6753464280904078 0.6937226141430493
v 171.68653869628906 -65.03458404541016 81.82266235351562 0.6681626133352128 0.5087096527759982 0.549344320015739
v -2463.161376953125 -5.561887741088867 563.5155029296875 0.6640549253402352 0.7057689298878707 0.779254566680423
v 2112.672119140625 -44.3204460144043 2029.995361328125 0.7371114516005935 0.8018648029472125 0.9070391858932254
v 38.68036651611328 -14.818511009216309 1979.3665771484375 0.538698933686543 0.5565861004532925 0.5944343753242015
v 2527.958984375 12.090041160583496 1116.0640869140625 0.4398371491500389 0.4752531403142312 0.5345764358273466
v -1734.6693115234375 5.798260688781738 -2420.507568359375 0.43229726353922326 0.47361360001741887 0.540162535266444
v -1213.6627197265625 -20.094879150390625 -999.065673828125 0.6215473518905995 0.6296500724510398 0.6546641588056111
v -1801.6187744140625 -0.6592152118682861 1504.911865234375 0.528890734202577 0.557134703344188 0.6092405660607177
v -53.285438537597656 55.51780700683594 659.6879272460938 0.6307729571881425 0.6154984641224236 0.6029687208426731
v -1914.2716064453125 5.099386692047119 -2283.282958984375 0.7218324111448005 0.7877796815442812 0.8939718850481403
v 2346.40478515625 -18.389366149902344 -811.6802368164062 0.5541712672175615 0.4198527108487416 0.45408217023842373
v 1022.6444091796875 57.05704116821289 1342.7196044921875 0.4932038994923142 0.5024855659592906 0.5268446249932661
v 405.8598327636719 9.418830871582031 -2039.87841796875 0.4799504272841461 0.4986234589259975 0.5363667153448932
v -2026.7264404296875 -16.393571853637695 1280.5758056640625 0.8570414314171977 0.655941861697362 0.7071896555662571
v 2319.76123046875 4.229179382324219 1700.034912109375 0.557454149267835 0.605466974428999 0.6842060392548525
v -1969.6044921875 -5.712626934051514 1295.018798828125 0.4568384562779419 0.48185834584880044 0.5278897705139163
v -638.9127197265625 16.16004753112793 -1671.9735107421875 0.8750997939929857 0.8950286250918377 0.942559266697997
v 113.48217010498047 5.7969441413879395 1949.8651123046875 0.5010116720231935 0.5170706279513123 0.5515207892830286
v -1108.81884765625 -20.688289642333984 350.4425964355469 0.7969100601113166 0.7931821523678829 0.8029357811880987
v 1255.867431640625 7.659089088439941 -107.16866302490234 0.6474687524100812 0.6470264458460294 0.6592668622218361
v -1328.2236328125 -22.838123321533203 -414.39288330078125 0.8055465109428682 0.8094583030952148 0.831446850147952
v 1103.0010986328125 28.341222763061523 -347.9072570800781 0.5636342716622927 0.5607791457829819 0.5676242219628879
v -1369.0584716796875 7.428534507751465 -611.2869262695312 0.7255819169436769 0.7325647795248804 0.7578157189662524
v -1270.883056640625 10.896101951599121 1791.81787109375 0.7573890202926741 0.7904206566889415 0.854294824740408
v 2183.507080078125 35.39546585083008 2018.5106201171875 0.6475608148621778 0.7069341345658505 0.8026392472947069
v 1094.591064453125 34.01401901245117 1239.60595703125 0.7759606918751498 0.788804556452452 0.8238930074289526
v -1312.476806640625 49.74463653564453 -787.7081298828125 0.48790949153190016 0.493473167242561 0.5121174124900657
v 296.1410217285156 25.31757354736328 1859.79736328125 0.7378863923580966 0.7582220372115174 0.803638229361491
v -762.2509765625 6.316586971282959 -1629.60888671875 0.5577467325378882 0.5711272347224949 0.6028104223193528
v -506.1835021972656 -10.555808067321777 2005.4364013671875 0.5199122756240101 0.5396599106264174 0.5797692627275643
v 2088.590087890625 31.050064086914062 -1106.9803466796875 0.6129286577845654 0.6458104498900552 0.7061946995181063
v -17.33130645751953 -129.68975830078125 -655.9248657226562 0.6090337868301595 0.5941166641474998 0.5817660159184813
v 1966.1185302734375 36.76029586791992 2131.521240234375 0.6701417080850555 0.7280583777285757 0.8226321826031188
v 17.065975189208984 72.27894592285156 -708.81103515625 0.5246491045097881 0.5126633165309923 0.5036572364050863
v -332.4447021484375 7.526664733886719 748.6226806640625 0.5311548797149203 0.5212580259500249 0.5159198141962654
v -1018.5252075195312 -23.785388946533203 1926.9068603515625 0.5780321702448782 0.6032266854458643 0.6522404885625003
v 2105.96240234375 2.4000258445739746 2069.29736328125 0.4398551650129604 0.4810125718819071 0.5475978907223623
v -194.37249755859375 -45.062591552734375 -350.9377746582031 0.5286138901390436 0.5106479690092209 0.49129809895476856
v 0.7213966846466064 90.08324432373047 634.6595458984375 0.5263012842309466 0.5128240302420505 0.5012909891563576
v -176.24827575683594 91.10417938232422 -374.6576232910156 0.88565665035837 0.8570838356926638 0.8265796070120114
v -434.4048156738281 0.8024182915687561 -1818.755126953125 0.4863832145225457 0.4999388581518937 0.5304694880378773
v 794.3328857421875 -38.292640686035156 -663.2728271484375 0.5844978958784841 0.5786417027833672 0.5810103928951953
v 2363.816162109375 56.18435287475586 1538.053955078125 0.49335854026501197 0.5344742469761194 0.6026011621043182
v -251.68629455566406 -11.689724922180176 2037.717529296875 0.7198659334970323 0.7459174009863222 0.7991763952182599
v -1333.113037109375 9.609066009521484 38.439613342285156 0.6087648414883418 0.6102542255404063 0.6248272801316683
v 1294.8441162109375 -56.17824935913086 -105.57151794433594 0.5379362069605721 0.4071973778726016 0.44051459786433905
v 2545.87060546875 37.02219009399414 1212.5098876953125 0.797018380936881 0.8608877319391596 0.9667221041953055
v -2030.2554931640625 -34.90068817138672 -2057.2802734375 0.44404313308589194 0.4836089654972023 0.5483267902525918
v 2382.18408203125 51.876487731933594 -713.89306640625 0.6070860615006253 0.6440433369212708 0.709774556003914
v -1654.841552734375 43.72638702392578 1555.8040771484375 0.5350367992246667 0.561254655254835 0.6107280366239012
v -519.7911987304688 6.532456874847412 741.7445068359375 0.525551733360936 0.517522870520453 0.5152020540189861
v 441.44158935546875 15.893372535705566 -725.9020385742188 0.8698453338177718 0.8552170727504609 0.8484518924609601
v -1333.7861328125 23.105545043945312 -151.3467254638672 0.49637506939489756 0.4978019750062082 0.510204907528149
v 1055.5867919921875 -48.973567962646484 -468.13079833984375 0.5922563067154145 0.5892241258355908 0.5963135972299087
v -97.57772064208984 -15.184210777282715 -1920.2003173828125 0.6411956415226534 0.660316375958269 0.7020281504248705
v -216.7625274658203 -66.79644775390625 -312.3891906738281 0.9707696822161761 0.9385132133830404 0.9032927770069807
v 2601.148193359375 -3.008432388305664 90.03865814208984 0.519269906894557 0.5550205765701317 0.6169248268610354
v -914.6373901367188 4.014520645141602 1922.784423828125 0.6429351005548516 0.6689771191507939 0.7205871886607694
v -1175.513916015625 -21.822141647338867 -1110.69970703125 0.7065300963846177 0.7171114250624678 0.7474783068372037
v 755.6941528320312 64.7572250366211 1623.6854248046875 0.6569518944440693 0.6722396123847073 0.7086709864948876
v 2666.595703125 -10.573575973510742 -24.47435760498047 0.8210870312278804 0.8788293707494675 0.9774526541401777
v 1169.3079833984375 -21.251468658447266 -306.4600524902344 0.7414658533975473 0.7393760768647839 0.7507287983416172
v 121.89375305175781 -20.763317108154297 506.29730224609375 0.5659496641861275 0.549219925751416 0.5328445152981456
v 883.0883178710938 -25.52216339111328 1529.8408203125 0.6516369586721058 0.6660397702250944 0.7010621011364438
v -276.99993896484375 -37.2161979675293 -1833.9326171875 0.8377746228297931 0.8595115023432323 0.9089584619080517
v -936.9536743164062 54.62347412109375 1906.3343505859375 0.5863270989837086 0.6100966250119519 0.6572955587020091
v 275.5368347167969 -5.851547718048096 -1956.486083984375 0.49152295354201186 0.5078872582070653 0.5425823732788616
v -528.1320190429688 28.000457763671875 2018.7357177734375 0.4757259397915656 0.4944267314165293 0.5321195974015215
v -1056.786376953125 65.0189437866211 396.9062194824219 0.5052847516522989 0.5021129681755601 0.5073688639685184
v -53.81877136230469 -179.11598205566406 -637.10791015625 0.6748331732913694 0.6580273796024012 0.6437460248768476
v 1582.07568359375 26.2705135345459 -1650.8372802734375 0.45748163588812024 0.48065229227715994 0.5241713598519343
v -2391.51513671875 54.177635192871094 598.3765869140625 0.6610949490920854 0.7002251625220443 0.7701929689503675
v 229.20272827148438 78.72188568115234 137.2014923095703 0.574966657936514 0.5529374110719658 0.5273155093267474
v -1383.38134765625 -43.2977409362793 1719.3045654296875 0.5740464503850673 0.5999384717601075 0.6498352737224428
v -616.7664184570312 78.64706420898438 -1706.190673828125 0.4753316780966705 0.4872735030816941 0.5152257398444284
v -224.61962890625 -250.8357391357422 -387.112548828125 0.6042045744319031 0.5848858713942762 0.5647585416428754
v -489.0275573730469 12.900773048400879 -1792.3880615234375 0.47432651397381137 0.48729059916859724 0.5167190092796901
v 1258.2392578125 -54.92814254760742 -89.73221588134766 0.5272101767025151 0.5268662938239744 0.5370471881872717
v -11.110261917114258 -97.7283935546875 641.7379760742188 0.8340395747608054 0.8136408880587067 0.796370218299894
v 189.74789428710938 65.61508178710938 -707.4788208007812 0.5729001912632088 0.5604191530469363 0.5515201636983854
v -1364.225341796875 59.79062271118164 -200.77784729003906 0.508309001582598 0.5105883462779517 0.5245437443249709
v -196.35549926757812 43.016693115234375 1991.2562255859375 0.5891546060038076 0.6092054873054645 0.6511919607611691
v 230.57192993164062 -133.89340209960938 349.8460693359375 0.9191975856558647 0.88975933086683 0.8584398308316777
v 147.6238250732422 35.7257194519043 1951.361083984375 0.47265791936286267 0.48799095650868823 0.520818219196839
v -800.401123046875 -22.554819107055664 -1562.57421875 0.5271385346733344 0.538725712240173 0.5671664363520152
v 758.642822265625 0.9283692836761475 -643.0248413085938 0.8554344922383046 0.8457534898880196 0.8469240538559196
v -1251.640869140625 -5.594148635864258 -947.7857055664062 0.5607631102930704 0.5680866300634511 0.590775578526123
v -2323.48388671875 -14.568551063537598 -1592.625244140625 0.4371434429260507 0.4739479254859555 0.5349683760807122
v -1245.4285888671875 48.91677474975586 -1015.991943359375 0.5589543927532247 0.5672245221410835 0.5913131817245867
v -5.6381378173828125 -10.044087409973145 -650.2118530273438 0.518518326508543 0.5055206539905336 0.4946575152035357
v -790.4885864257812 44.31269836425781 676.9817504882812 0.5813495590940899 0.5756607162569719 0.5782439697883403
v -1921.4544677734375 3.888509750366211 1396.0693359375 0.4754751901224647 0.5019049248837752 0.550289853347117
v 775.4608764648438 -22.708824157714844 -1955.096435546875 0.6464109869423745 0.671691844865589 0.7223054081704056
v -220.64932250976562 3.1019387245178223 1997.6885986328125 0.7606811585274904 0.7864161435510146 0.8400758393796007
v -875.955810546875 18.044570922851562 568.9017944335938 0.5149222462183133 0.5099054673784148 0.5123467714576424
v 887.8072509765625 -74.11344146728516 -593.4019165039062 0.8330029495585454 0.8259533638580376 0.8310069717501416
v -1260.6326904296875 -14.636473655700684 46.603965759277344 0.49984337887795033 0.4995169265700881 0.5092213049438589
v 418.0361022949219 1.992134690284729 1750.0556640625 0.47587137573087385 0.48746924804623853 0.5149266672002818
v 2024.875 63.29515838623047 -1220.4132080078125 0.8025307985787999 0.8447648549334801 0.9223149284994311
v -2522.666748046875 -30.231231689453125 -1263.5377197265625 0.48414809931287933 0.5246145479909758 0.5916497466642947
v 2464.7509765625 76.37867736816406 -492.2434997558594 0.742761628181303 0.7884534480690132 0.8692014135895476
v -931.4415283203125 8.056208610534668 1960.6448974609375 0.462273824713264 0.48263256288775497 0.5223645329190014
v -604.3609008789062 -2.126309633255005 700.6469116210938 0.6247917709526734 0.6158650088150107 0.6139355947607061
v 1345.9696044921875 4.991004467010498 429.8710021972656 0.5506882468350883 0.553968351104749 0.570263471322657
v 2640.76513671875 22.867244720458984 562.9327392578125 0.45271987723487467 0.4871664690839242 0.5455973235633753
v -807.3934326171875 9.694679260253906 1936.10009765625 0.6376059313482701 0.6623818061053558 0.7120954322206438
v 2579.50390625 13.819324493408203 897.129638671875 0.798805523357462 0.6105465988566117 0.6585220983777356
v -153.2069549560547 107.68711853027344 -509.8965148925781 0.9137581687081676 0.888025796035381 0.8631223306926102
v 2052.262451171875 -26.89134979248047 -1233.3314208984375 0.8771440804407376 0.6716119837161023 0.7239893427484115
v -2603.569091796875 -46.76312255859375 -170.6099090576172 0.7195742929268318 0.7680773888586213 0.8519445867877923
v 1508.4437255859375 3.5956039428710938 -1724.604248046875 0.4775322110946673 0.5017376328631437 0.54713544952927
v 509.8913269042969 8.734939575195312 1760.084716796875 0.4751910810313165 0.48756473197250355 0.5161472858473052
v 1006.8662719726562 7.252304553985596 -1922.39501953125 0.8598659153938486 0.895848626596758 0.9660857419812975
v -1936.6619873046875 36.13002395629883 1346.988037109375 0.5215912623984507 0.549831747513641 0.6017618392226414
v 2493.514892578125 31.646244049072266 -555.593994140625 0.6344789747648739 0.6755428446965576 0.7474173158319911
v -215.94049072265625 13.963988304138184 2028.5335693359375 0.8699403762031183 0.9004517647458359 0.9631936000466829
v -1283.6015625 37.628292083740234 -853.9300537109375 0.4892739924873703 0.4951011210721729 0.5141728397774753
v -196.9368896484375 31.89529800415039 -142.553466796875 0.9826169421233609 0.9455682556131836 0.901978932515498
v 172.4696807861328 -58.902442932128906 82.77848815917969 0.7770620427169765 0.7460413144786092 0.7086943414028394
v 113.22974395751953 33.3532829284668 1908.8797607421875 0.6100676330160126 0.6280122948737109 0.6673943744835865
v -90.7834243774414 77.85963439941406 681.2711791992188 0.5891306897988107 0.5753369249854866 0.5645171552923557
v -2103.93408203125 -23.18392562866211 1123.2091064453125 0.5630873049782842 0.594205503545572 0.6510199021012465
v 2660.098388671875 -4.1396660804748535 119.76011657714844 0.6146577040760437 0.6586432630752401 0.7338316442225262
v 1305.43115234375 -24.816654205322266 701.9442138671875 0.6370588062422075 0.6427605116777627 0.6643967373785097
v 230.3798370361328 44.33442687988281 157.36715698242188 0.5576328799369127 0.5364336896745998 0.5119222895749374
v 1363.8096923828125 36.58766555786133 151.98899841308594 0.903637203117141 0.9072602999975985 0.9306104711409774
v 1265.3494873046875 2.9977376461029053 -1847.291015625 0.7794834899653994 0.815193184731572 0.8832728843748795
v -1085.931396484375 8.313973426818848 1901.960693359375 0.7724942455336874 0.8058660257219045 0.8705464105260146
v -289.90228271484375 51.61494445800781 749.2846069335938 0.5146114161546956 0.5046822068175266 0.49896969573170086
v -209.93280029296875 -71.6663818359375 -390.22894287109375 0.7081272182506902 0.6856543744216989 0.6621618158568511
v -727.6588745117188 -1.5017205476760864 -1630.6197509765625 0.4846989021455976 0.49615974436992966 0.5235880207721888
v -2656.361572265625 -29.09447479248047 -336.1883850097656 0.4631880604190535 0.4976661741480615 0.5564218153664625
v -668.0850830078125 -40.057640075683594 674.3392944335938 0.5184108013257203 0.5113742271237641 0.5105634473028493
v 373.4984130859375 -29.327260971069336 1858.8905029296875 0.4735167409185515 0.4873827187892908 0.5181073425796916
v -413.3355407714844 32.3773078918457 756.6405639648438 0.8714306617370087 0.8571878750958478 0.8510985010865577
v 1119.496826171875 19.9312744140625 -369.6868896484375 0.8437639411435184 0.840380315510232 0.8515514891646679
v 235.1558074951172 151.5477752685547 179.42698669433594 0.5862655295307151 0.5644082993291256 0.5393527083814481
v -1673.2896728515625 -70.79853057861328 -2475.190185546875 0.4916409647585133 0.5383315686558954 0.6134105390744261
v -1383.998779296875 -12.69705581665039 -242.76930236816406 0.5259234838625134 0.5288861006471076 0.5442302919550858
v 310.23046875 -25.863014221191406 -765.8397216796875 0.916157720817089 0.9000035680394326 0.8915681476126532
v -800.0379638671875 -3.9213545322418213 -1597.615234375 0.49692794893433495 0.5086762410196476 0.5367669157960966
v -2243.797119140625 -14.39681625366211 -1786.6671142578125 0.5397669770856497 0.5861086886033121 0.6622146635088685
v 2116.607666015625 39.55617904663086 2068.43994140625 0.7417856585708397 0.8084081768688233 0.9160604762315098
v -2556.218994140625 -34.39596176147461 -993.1524658203125 0.6794680889059734 0.731120749165348 0.817998173072616
v -1208.0975341796875 -3.85736083984375 -983.8184204101562 0.8322230568370034 0.8423280506722223 0.8743398783522155
v -2452.791259765625 19.43478775024414 525.8355102539062 0.5643325564414717 0.5996380124072156 0.6621037896019619
v 1857.701171875 -18.397727966308594 -1400.7354736328125 0.772716627679528 0.8118546297191704 0.8844914986696761
v 216.3323211669922 27.57229232788086 -763.177001953125 0.7643483508923901 0.7497765523220117 0.7410713722711613
v -108.31900024414062 72.34365844726562 710.8787841796875 0.513730896009684 0.5021658266444958 0.493662092672925
v -1791.9803466796875 -23.784555435180664 -2399.274169921875 0.7955609196264178 0.8685861888911471 0.9858734855099366
v 1911.247802734375 52.054744720458984 2275.929443359375 0.44195218722585183 0.483899682202565 0.5515341253952967
v 19.490196228027344 -157.68258666992188 -666.1804809570312 0.6262845031876113 0.6112161369520542 0.5989507671125321
v 2145.023193359375 -50.283592224121094 2000.7369384765625 0.4569480898836033 0.49890733702655804 0.5670183751676929
v -1843.4705810546875 -18.349180221557617 -2353.4052734375 0.4608127206389789 0.5049278306126181 0.575844216714824
v -974.1362915039062 21.313199996948242 507.2655334472656 0.5104237619400389 0.5065751856409291 0.5108322374595703
v -2488.643310546875 -3.7300901412963867 433.8306884765625 0.5002877923170497 0.532482108823162 0.5892057014896334
v -1312.1864013671875 -41.36203384399414 -216.29759216308594 0.5106781768007185 0.5118629794520276 0.5241499592413197
v 1061.429931640625 34.69520950317383 -481.8807678222656 0.8810818309931536 0.8770855599052354 0.887963405140687
v 1721.696044921875 -16.343788146972656 2445.919189453125 0.6248647982721692 0.6830823049592362 0.7766424166262514
v -56.00954055786133 13.93902587890625 1960.0059814453125 0.5275020378240771 0.5445342034826243 0.580925135977934
v -45.64870071411133 -94.66769409179688 716.5509033203125 0.5951464250167456 0.5819018379724262 0.5721399327239493
v -2446.3564453125 -39.14217758178711 558.3893432617188 0.6994759591598474 0.742516493911354 0.8186542498362287
v 175.3460693359375 -28.104280471801758 91.03196716308594 0.6861421145000907 0.6586515284023379 0.625642573944105
v 1030.5987548828125 -19.04703140258789 1257.5394287109375 0.5358796795412658 0.5443079671931177 0.5681988035019723
v -957.7510375976562 36.204376220703125 -1465.638427734375 0.9172331223672845 0.7028616372073145 0.7574916076606848
v -200.99131774902344 24.838560104370117 -108.18208312988281 0.9852970498155528 0.9476804533030058 0.903119104710526
v 2489.202392578125 40.5980110168457 -484.30999755859375 0.676804320451576 0.7196254541823252 0.7949015192101646
v -233.4571075439453 -16.15766716003418 -170.03887939453125 0.841578610349858 0.8108257783453755 0.7754452393225465
v -305.8851013183594 -30.27739143371582 723.8650512695312 0.6534141608242867 0.640633478836131 0.6327997923102858
v 1275.842529296875 -57.354278564453125 966.423095703125 0.6299924629677683 0.6390237439948044 0.6656036912424051
v 2511.933837890625 5.480977535247803 1261.4046630859375 0.7479702634664133 0.8077256765702929 0.9069110693155341
v -221.1104736328125 -20.738428115844727 -399.6313171386719 0.8613900003659856 0.8348033725182752 0.8072993074520055
v -731.143798828125 -10.312045097351074 688.713623046875 0.504579344211913 0.49883193815080623 0.49988438190354495
v -55.72697830200195 40.863407135009766 1976.6669921875 0.5674800149569825 0.5861672274358413 0.6257539875544386
v -1400.2835693359375 20.888200759887695 -553.5947875976562 0.4936436377975458 0.498697136940702 0.5166681641661603
v -711.0366821289062 -45.36865234375 1979.8563232421875 0.8256556132720095 0.857413916430609 0.9209856442463875
v -715.5159301757812 -87.12602233886719 -1676.4989013671875 0.5894819370214133 0.6042423289366686 0.6385751979728698
v -99.09723663330078 23.205638885498047 1968.752197265625 0.8610241835408003 0.8882565767891574 0.9461279060207876
v -1331.2117919921875 -2.4982008934020996 -387.09613037109375 0.8546319015281718 0.8585835570723516 0.8815410527892851
v -2644.622314453125 -66.3290023803711 -509.8652038574219 0.7411224363578356 0.5655822983972697 0.6103165816337283
v -360.7749328613281 -39.52875900268555 797.8057861328125 0.6789488065400066 0.6680127925010169 0.6637694746672043
v -2620.8427734375 -30.4672908782959 -675.5697631835938 0.7724915949936888 0.8289430242399822 0.9245754229794488
v 366.78399658203125 26.74687957763672 -1953.0218505859375 0.6364566872728066 0.65753084082696 0.7019576134483141
v -2606.701171875 -15.045273780822754 -950.5892944335938 0.4994356946503605 0.5394890686883311 0.6064338587844562
p 1 2 3 4 5 6 7 8 9 10 11 12 13 14 15 16 17 18 19 20 21 22 23 24 25 26 27 28 29 30 31 32 33 34 35 36 37 38 39 40 41 42 43 44 45 46 47 48 49 50 51 52 53 54 55 56 57 58 59 60 61 62 63 64 65 66 67 68 69 70 71 72 73 74 75 76 77 78 79 80 81 82 83 84 85 86 87 88 89 90 91 92 93 94 95 96 97 98 99 100 101 102 103 104 105 106 107 108 109 110 111 112 113 114 115 116 117 118 119 120 121 122 123 124 125 126 127 128 129 130 131 132 133 134 135 136 137 138 139 140 141 142 143 144 145 146 147 148 149 150 151 152 153 154 155 156 157 158 159 160 161 162 163 164 165 166 167 168 169 170 171 172 173 174 175 176 177 178 179 180 181 182 183 184 185 186 187 188 189 190 191 192 193 194 195 196 197 198 199 200 201 202 203 204 205 206 207 208 209 210 211 212 213 214 215 216 217 218 219 220 221 222 223 224 225 226 227 228 229 230 231 232 233 234 235 236 237 238 239 240 241 242 243 244 245 246 247 248 249 250 251 252 253 254 255 256 257 258 259 260 261 262 263 264 265 266 267 268 269 270 271 272 273 274 275 276 277 278 279 280 281 282 283 284 285 286 287 288 289 290 291 292 293 294 295 296 297 298 299 300 301 302 303 304 305 306 307 308 309 310 311 312 313 314 315 316 317 318 319 320 321 322 323 324 325 326 327 328 329 330 331 332 333 334 335 336 337 338 339 340 341 342 343 344 345 346 347 348 349 350 351 352 353 354 355 356 357 358 359 360 361 362 363 364 365 366 367 368 369 370 371 372 373 374 375 376 377 378 379 380 381 382 383 384 385 386 387 388 389 390 391 392 393 394 395 396 397 398 399 400 401 402 403 404 405 406 407 408 409 410 411 412 413 414 415 416 417 418 419 420 421 422 423 424 425 426 427 428 429 430 431 432 433 434 435 436 437 438 439 440 441 442 443 444 445 446 447 448 449 450 451 452 453 454 455 456 457 458 459 460 461 462 463 464 465 466 467 468 469 470 471 472 473 474 475 476 477 478 479 480 481 482 483 484 485 486 487 488 489 490 491 492 493 494 495 496 497 498 499 500 501 502 503 504 505 506 507 508 509 510 511 512 513 514 515 516 517 518 519 520 521 522 523 524 525 526 527 528 529 530 531 532 533 534 535 536 537 538 539 540 541 542 543 544 545 546 547 548 549 550 551 552 553 554 555 556 557 558 559 560 561 562 563 564 565 566 567 568 569 570 571 572 573 574 575 576 577 578 579 580 581 582 583 584 585 586 587 588 589 590 591 592 593 594 595 596 597 598 599 600 601 602 603 604 605 606 607 608 609 610 611 612 613 614 615 616 617 618 619 620 621 622 623 624 625 626 627 628 629 630 631 632 633 634 635 636 637 638 639 640 641 642 643 644 645 646 647 648 649 650 651 652 653 654 655 656 657 658 659 660 661 662 663 664 665 666 667 668 669 670 671 672 673 674 675 676 677 678 679 680 681 682 683 684 685 686 687 688 689 690 691 692 693 694 695 696 697 698 699 700 701 702 703 704 705 706 707 708 709 710 711 712 713 714 715 716 717 718 719 720 721 722 723 724 725 726 727 728 729 730 731 732 733 734 735 736 737 738 739 740 741 742 743 744 745 746 747 748 749 750 751 752 753 754 755 756 757 758 759 760 761 762 763 764 765 766 767 768 769 770 771 772 773 774 775 776 777 778 779 780 781 782 783 784 785 786 787 788 789 790 791 792 793 794 795 796 797 798 799 800 801 802 803 804 805 806 807 808 809 810 811 812 813 814 815 816 817 818 819 820 821 822 823 824 825 826 827 828 829 830 831 832 833 834 835 836 837 838 839 840 841 842 843 844 845 846 847 848 849 850 851 852 853 854 855 856 857 858 859 860 861 862 863 864 865 866 867 868 869 870 871 872 873 874 875 876 877 878 879 880 881 882 883 884 885 886 887 888 889 890 891 892 893 894 895 896 897 898 899 900 901 902 903 904 905 906 907 908 909 910 911 912 913 914 915 916 917 918 919 920 921 922 923 924 925 926 927 928 929 930 931 932 933 934 935 936 937 938 939 940 941 942 943 944 945 946 947 948 949 950 951 952 953 954 955 956 957 958 959 960 961 962 963 964 965 966 967 968 969 970 971 972 973 974 975 976 977 978 979 980 981 982 983 984 985 986 987 988 989 990 991 992 993 994 995 996 997 998 999 1000 1001 1002 1003 1004 1005 1006 1007 1008 1009 1010 1011 1012 1013 1014 1015 1016 1017 1018 1019 1020 1021 1022 1023 1024 1025 1026 1027 1028 1029 1030 1031 1032 1033 1034 1035 1036 1037 1038 1039 1040 1041 1042 1043 1044 1045 1046 1047 1048 1049 1050 1051 1052 1053 1054 1055 1056 1057 1058 1059 1060 1061 1062 1063 1064 1065 1066 1067 1068 1069 1070 1071 1072 1073 1074 1075 1076 1077 1078 1079 1080 1081 1082 1083 1084 1085 1086 1087 1088 1089 1090 1091 1092 1093 1094 1095 1096 1097 1098 1099 1100 1101 1102 1103 1104 1105 1106 1107 1108 1109 1110 1111 1112 1113 1114 1115 1116 1117 1118 1119 1120 1121 1122 1123 1124 1125 1126 1127 1128 1129 1130 1131 1132 1133 1134 1135 1136 1137 1138 1139 1140 1141 1142 1143 1144 1145 1146 1147 1148 1149 1150 1151 1152 1153 1154 1155 1156 1157 1158 1159 1160 1161 1162 1163 1164 1165 1166 1167 1168 1169 1170 1171 1172 1173 1174 1175 1176 1177 1178 1179 1180 1181 1182 1183 1184 1185 1186 1187 1188 1189 1190 1191 1192 1193 1194 1195 1196 1197 1198 1199 1200 1201 1202 1203 1204 1205 1206 1207 1208 1209 1210 1211 1212 1213 1214 1215 1216 1217 1218 1219 1220 1221 1222 1223 1224 1225 1226 1227 1228 1229 1230 1231 1232 1233 1234 1235 1236 1237 1238 1239 1240 1241 1242 1243 1244 1245 1246 1247 1248 1249 1250 1251 1252 1253 1254 1255 1256 1257 1258 1259 1260 1261 1262 1263 1264 1265 1266 1267 1268 1269 1270 1271 1272 1273 1274 1275 1276 1277 1278 1279 1280 1281 1282 1283 1284 1285 1286 1287 1288 1289 1290 1291 1292 1293 1294 1295 1296 1297 1298 1299 1300 1301 1302 1303 1304 1305 1306 1307 1308 1309 1310 1311 1312 1313 1314 1315 1316 1317 1318 1319 1320 1321 1322 1323 1324 1325 1326 1327 1328 1329 1330 1331 1332 1333 1334 1335 1336 1337 1338 1339 1340 1341 1342 1343 1344 1345 1346 1347 1348 1349 1350 1351 1352 1353 1354 1355 1356 1357 1358 1359 1360 1361 1362 1363 1364 1365 1366 1367 1368 1369 1370 1371 1372 1373 1374 1375 1376 1377 1378 1379 1380 1381 1382 1383 1384 1385 1386 1387 1388 1389 1390 1391 1392 1393 1394 1395 1396 1397 1398 1399 1400 1401 1402 1403 1404 1405 1406 1407 1408 1409 1410 1411 1412 1413 1414 1415 1416 1417 1418 1419 1420 1421 1422 1423 1424 1425 1426 1427 1428 1429 1430 1431 1432 1433 1434 1435 1436 1437 1438 1439 1440 1441 1442 1443 1444 1445 1446 1447 1448 1449 1450 1451 1452 1453 1454 1455 1456 1457 1458 1459 1460 1461 1462 1463 1464 1465 1466 1467 1468 1469 1470 1471 1472 1473 1474 1475 1476 1477 1478 1479 1480 1481 1482 1483 1484 1485 1486 1487 1488 1489 1490 1491 1492 1493 1494 1495 1496 1497 1498 1499 1500 1501 1502 1503 1504 1505 1506 1507 1508 1509 1510 1511 1512 1513 1514 1515 1516 1517 1518 1519 1520 1521 1522 1523 1524 1525 1526 1527 1528 1529 1530 1531 1532 1533 1534 1535 1536 1537 1538 1539 1540 1541 1542 1543 1544 1545 1546 1547 1548 1549 1550 1551 1552 1553 1554 1555 1556 1557 1558 1559 1560 1561 1562 1563 1564 1565 1566 1567 1568 1569 1570 1571 1572 1573 1574 1575 1576 1577 1578 1579 1580 1581 1582 1583 1584 1585 1586 1587 1588 1589 1590 1591 1592 1593 1594 1595 1596 1597 1598 1599 1600 1601 1602 1603 1604 1605 1606 1607 1608 1609 1610 1611 1612 1613 1614 1615 1616 1617 1618 1619 1620 1621 1622 1623 1624 1625 1626 1627 1628 1629 1630 1631 1632 1633 1634 1635 1636 1637 1638 1639 1640 1641 1642 1643 1644 1645 1646 1647 1648 1649 1650 1651 1652 1653 1654 1655 1656 1657 1658 1659 1660 1661 1662 1663 1664 1665 1666 1667 1668 1669 1670 1671 1672 1673 1674 1675 1676 1677 1678 1679 1680 1681 1682 1683 1684 1685 1686 1687 1688 1689 1690 1691 1692 1693 1694 1695 1696 1697 1698 1699 1700 1701 1702 1703 1704 1705 1706 1707 1708 1709 1710 1711 1712 1713 1714 1715 1716 1717 1718 1719 1720 1721 1722 1723 1724 1725 1726 1727 1728 1729 1730 1731 1732 1733 1734 1735 1736 1737 1738 1739 1740 1741 1742 1743 1744 1745 1746 1747 1748 1749 1750 1751 1752 1753 1754 1755 1756 1757 1758 1759 1760 1761 1762 1763 1764 1765 1766 1767 1768 1769 1770 1771 1772 1773 1774 1775 1776 1777 1778 1779 1780 1781 1782 1783 1784 1785 1786 1787 1788 1789 1790 1791 1792 1793 1794 1795 1796 1797 1798 1799 1800 1801 1802 1803 1804 1805 1806 1807 1808 1809 1810 1811 1812 1813 1814 1815 1816 1817 1818 1819 1820 1821 1822 1823 1824 1825 1826 1827 1828 1829 1830 1831 1832 1833 1834 1835 1836 1837 1838 1839 1840 1841 1842 1843 1844 1845 1846 1847 1848 1849 1850 1851 1852 1853 1854 1855 1856 1857 1858 1859 1860 1861 1862 1863 1864 1865 1866 1867 1868 1869 1870 1871 1872 1873 1874 1875 1876 1877 1878 1879 1880 1881 1882 1883 1884 1885 1886 1887 1888 1889 1890 1891 1892 1893 1894 1895 1896 1897 1898 1899 1900 1901 1902 1903 1904 1905 1906 1907 1908 1909 1910 1911 1912 1913 1914 1915 1916 1917 1918 1919 1920 1921 1922 1923 1924 1925 1926 1927 1928 1929 1930 1931 1932 1933 1934 1935 1936 1937 1938 1939 1940 1941 1942 1943 1944 1945 1946 1947 1948 1949 1950 1951 1952 1953 1954 1955 1956 1957 1958 1959 1960 1961 1962 1963 1964 1965 1966 1967 1968 1969 1970 1971 1972 1973 1974 1975 1976 1977 1978 1979 1980 1981 1982 1983 1984 1985 1986 1987 1988 1989 1990 1991 1992 1993 1994 1995 1996 1997 1998 1999 2000 2001 2002 2003 2004 2005 2006 2007 2008 2009 2010 2011 2012 2013 2014 2015 2016 2017 2018 2019 2020 2021 2022 2023 2024 2025 2026 2027 2028 2029 2030 2031 2032 2033 2034 2035 2036 2037 2038 2039 2040 2041 2042 2043 2044 2045 2046 2047 2048 2049 2050 2051 2052 2053 2054 2055 2056 2057 2058 2059 2060 2061 2062 2063 2064 2065 2066 2067 2068 2069 2070 2071 2072 2073 2074 2075 2076 2077 2078 2079 2080 2081 2082 2083 2084 2085 2086 2087 2088 2089 2090 2091 2092 2093 2094 2095 2096 2097 2098 2099 2100 2101 2102 2103 2104 2105 2106 2107 2108 2109 2110 2111 2112 2113 2114 2115 2116 2117 2118 2119 2120 2121 2122 2123 2124 2125 2126 2127 2128 2129 2130 2131 2132 2133 2134 2135 2136 2137 2138 2139 2140 2141 2142 2143 2144 2145 2146 2147 2148 2149 2150 2151 2152 2153 2154 2155 2156 2157 2158 2159 2160 2161 2162 2163 2164 2165 2166 2167 2168 2169 2170 2171 2172 2173 2174 2175 2176 2177 2178 2179 2180 2181 2182 2183 2184 2185 2186 2187 2188 2189 2190 2191 2192 2193 2194 2195 2196 2197 2198 2199 2200 2201 2202 2203 2204 2205 2206 2207 2208 2209 2210 2211 2212 2213 2214 2215 2216 2217 2218 2219 2220 2221 2222 2223 2224 2225 2226 2227 2228 2229 2230 2231 2232 2233 2234 2235 2236 2237 2238 2239 2240 2241 2242 2243 2244 2245 2246 2247 2248 2249 2250 2251 2252 2253 2254 2255 2256 2257 2258 2259 2260 2261 2262 2263 2264 2265 2266 2267 2268 2269 2270 2271 2272 2273 2274 2275 2276 2277 2278 2279 2280 2281 2282 2283 2284 2285 2286 2287 2288 2289 2290 2291 2292 2293 2294 2295 2296 2297 2298 2299 2300 2301 2302 2303 2304 2305 2306 2307 2308 2309 2310 2311 2312 2313 2314 2315 2316 2317 2318 2319 2320 2321 2322 2323 2324 2325 2326 2327 2328 2329 2330 2331 2332 2333 2334 2335 2336 2337 2338 2339 2340 2341 2342 2343 2344 2345 2346 2347 2348 2349 2350 2351 2352 2353 2354 2355 2356 2357 2358 2359 2360 2361 2362 2363 2364 2365 2366 2367 2368 2369 2370 2371 2372 2373 2374 2375 2376 2377 2378 2379 2380 2381 2382 2383 2384 2385 2386 2387 2388 2389 2390 2391 2392 2393 2394 2395 2396 2397 2398 2399 2400 2401 2402 2403 2404 2405 2406 2407 2408 2409 2410 2411 2412 2413 2414 2415 2416 2417 2418 2419 2420 2421 2422 2423 2424 2425 2426 2427 2428 2429 2430 2431 2432 2433 2434 2435 2436 2437 2438 2439 2440 2441 2442 2443 2444 2445 2446 2447 2448 2449 2450 2451 2452 2453 2454 2455 2456 2457 2458 2459 2460 2461 2462 2463 2464 2465 2466 2467 2468 2469 2470 2471 2472 2473 2474 2475 2476 2477 2478 2479 2480 2481 2482 2483 2484 2485 2486 2487 2488 2489 2490 2491 2492 2493 2494 2495 2496 2497 2498 2499 2500 2501 2502 2503 2504 2505 2506 2507 2508 2509 2510 2511 2512 2513 2514 2515 2516 2517 2518 2519 2520 2521 2522 2523 2524 2525 2526 2527 2528 2529 2530 2531 2532 2533 2534 2535 2536 2537 2538 2539 2540 2541 2542 2543 2544 2545 2546 2547 2548 2549 2550 2551 2552 2553 2554 2555 2556 2557 2558 2559 2560 2561 2562 2563 2564 2565 2566 2567 2568 2569 2570 2571 2572 2573 2574 2575 2576 2577 2578 2579 2580 2581 2582 2583 2584 2585 2586 2587 2588 2589 2590 2591 2592 2593 2594 2595 2596 2597 2598 2599 2600 2601 2602 2603 2604 2605 2606 2607 2608 2609 2610 2611 2612 2613 2614 2615 2616 2617 2618 2619 2620 2621 2622 2623 2624 2625 2626 2627 2628 2629 2630 2631 2632 2633 2634 2635 2636 2637 2638 2639 2640 2641 2642 2643 2644 2645 2646 2647 2648 2649 2650 2651 2652 2653 2654 2655 2656 2657 2658 2659 2660 2661 2662 2663 2664 2665 2666 2667 2668 2669 2670 2671 2672 2673 2674 2675 2676 2677 2678 2679 2680 2681 2682 2683 2684 2685 2686 2687 2688 2689 2690 2691 2692 2693 2694 2695 2696 2697 2698 2699 2700 2701 2702 2703 2704 2705 2706 2707 2708 2709 2710 2711 2712 2713 2714 2715 2716 2717 2718 2719 2720 2721 2722 2723 2724 2725 2726 2727 2728 2729 2730 2731 2732 2733 2734 2735 2736 2737 2738 2739 2740 2741 2742 2743 2744 2745 2746 2747 2748 2749 2750 2751 2752 2753 2754 2755 2756 2757 2758 2759 2760 2761 2762 2763 2764 2765 2766 2767 2768 2769 2770 2771 2772 2773 2774 2775 2776 2777 2778 2779 2780 2781 2782 2783 2784 2785 2786 2787 2788 2789 2790 2791 2792 2793 2794 2795 2796 2797 2798 2799 2800 2801 2802 2803 2804 2805 2806 2807 2808 2809 2810 2811 2812 2813 2814 2815 2816 2817 2818 2819 2820 2821 2822 2823 2824 2825 2826 2827 2828 2829 2830 2831 2832 2833 2834 2835 2836 2837 2838 2839 2840 2841 2842 2843 2844 2845 2846 2847 2848 2849 2850 2851 2852 2853 2854 2855 2856 2857 2858 2859 2860 2861 2862 2863 2864 2865 2866 2867 2868 2869 2870 2871 2872 2873 2874 2875 2876 2877 2878 2879 2880 2881 2882 2883 2884 2885 2886 2887 2888 2889 2890 2891 2892 2893 2894 2895 2896 2897 2898 2899 2900 2901 2902 2903 2904 2905 2906 2907 2908 2909 2910 2911 2912 2913 2914 2915 2916 2917 2918 2919 2920 2921 2922 2923 2924 2925 2926 2927 2928 2929 2930 2931 2932 2933 2934 2935 2936 2937 2938 2939 2940 2941 2942 2943 2944 2945 2946 2947 2948 2949 2950 2951 2952 2953 2954 2955 2956 2957 2958 2959 2960 2961 2962 2963 2964 2965 2966 2967 2968 2969 2970 2971 2972 2973 2974 2975 2976 2977 2978 2979 2980 2981 2982 2983 2984 2985 2986 2987 2988 2989 2990 2991 2992 2993 2994 2995 2996 2997 2998 2999 3000 3001 3002 3003 3004 3005 3006 3007 3008 3009 3010 3011 3012 3013 3014 3015 3016 3017 3018 3019 3020 3021 3022 3023 3024 3025 3026 3027 3028 3029 3030 3031 3032 3033 3034 3035 3036 3037 3038 3039 3040 3041 3042 3043 3044 3045 3046 3047 3048 3049 3050 3051 3052 3053 3054 3055 3056 3057 3058 3059 3060 3061 3062 3063 3064 3065 3066 3067 3068 3069 3070 3071 3072 3073 3074 3075 3076 3077 3078 3079 3080 3081 3082 3083 3084 3085 3086 3087 3088 3089 3090 3091 3092 3093 3094 3095 3096 3097 3098 3099 3100 3101 3102 3103 3104 3105 3106 3107 3108 3109 3110 3111 3112 3113 3114 3115 3116 3117 3118 3119 3120 3121 3122 3123 3124 3125 3126 3127 3128 3129 3130 3131 3132 3133 3134 3135 3136 3137 3138 3139 3140 3141 3142 3143 3144 3145 3146 3147 3148 3149 3150 3151 3152 3153 3154 3155 3156 3157 3158 3159 3160 3161 3162 3163 3164 3165 3166 3167 3168 3169 3170 3171 3172 3173 3174 3175 3176 3177 3178 3179 3180 3181 3182 3183 3184 3185 3186 3187 3188 3189 3190 3191 3192 3193 3194 3195 3196 3197 3198 3199 3200 3201 3202 3203 3204 3205 3206 3207 3208 3209 3210 3211 3212 3213 3214 3215 3216 3217 3218 3219 3220 3221 3222 3223 3224 3225 3226 3227 3228 3229 3230 3231 3232 3233 3234 3235 3236 3237 3238 3239 3240 3241 3242 3243 3244 3245 3246 3247 3248 3249 3250 3251 3252 3253 3254 3255 3256 3257 3258 3259 3260 3261 3262 3263 3264 3265 3266 3267 3268 3269 3270 3271 3272 3273 3274 3275 3276 3277 3278 3279 3280 3281 3282 3283 3284 3285 3286 3287 3288 3289 3290 3291 3292 3293 3294 3295 3296 3297 3298 3299 3300 3301 3302 3303 3304 3305 3306 3307 3308 3309 3310 3311 3312 3313 3314 3315 3316 3317 3318 3319 3320 3321 3322 3323 3324 3325 3326 3327 3328 3329 3330 3331 3332 3333 3334 3335 3336 3337 3338 3339 3340 3341 3342 3343 3344 3345 3346 3347 3348 3349 3350 3351 3352 3353 3354 3355 3356 3357 3358 3359 3360 3361 3362 3363 3364 3365 3366 3367 3368 3369 3370 3371 3372 3373 3374 3375 3376 3377 3378 3379 3380 3381 3382 3383 3384 3385 3386 3387 3388 3389 3390 3391 3392 3393 3394 3395 3396 3397 3398 3399 3400 3401 3402 3403 3404 3405 3406 3407 3408 3409 3410 3411 3412 3413 3414 3415 3416 3417 3418 3419 3420 3421 3422 3423 3424 3425 3426 3427 3428 3429 3430 3431 3432 3433 3434 3435 3436 3437 3438 3439 3440 3441 3442 3443 3444 3445 3446 3447 3448 3449 3450 3451 3452 3453 3454 3455 3456 3457 3458 3459 3460 3461 3462 3463 3464 3465 3466 3467 3468 3469 3470 3471 3472 3473 3474 3475 3476 3477 3478 3479 3480 3481 3482 3483 3484 3485 3486 3487 3488 3489 3490 3491 3492 3493 3494 3495 3496 3497 3498 3499 3500 3501 3502 3503 3504 3505 3506 3507 3508 3509 3510 3511 3512 3513 3514 3515 3516 3517 3518 3519 3520 3521 3522 3523 3524 3525 3526 3527 3528 3529 3530 3531 3532 3533 3534 3535 3536 3537 3538 3539 3540 3541 3542 3543 3544 3545 3546 3547 3548 3549 3550 3551 3552 3553 3554 3555 3556 3557 3558 3559 3560 3561 3562 3563 3564 3565 3566 3567 3568 3569 3570 3571 3572 3573 3574 3575 3576 3577 3578 3579 3580 3581 3582 3583 3584 3585 3586 3587 3588 3589 3590 3591 3592 3593 3594 3595 3596 3597 3598 3599 3600 3601 3602 3603 3604 3605 3606 3607 3608 3609 3610 3611 3612 3613 3614 3615 3616 3617 3618 3619 3620 3621 3622 3623 3624 3625 3626 3627 3628 3629 3630 3631 3632 3633 3634 3635 3636 3637 3638 3639 3640 3641 3642 3643 3644 3645 3646 3647 3648 3649 3650 3651 3652 3653 3654 3655 3656 3657 3658 3659 3660 3661 3662 3663 3664 3665 3666 3667 3668 3669 3670 3671 3672 3673 3674 3675 3676 3677 3678 3679 3680 3681 3682 3683 3684 3685 3686 3687 3688 3689 3690 3691 3692 3693 3694 3695 3696 3697 3698 3699 3700 3701 3702 3703 3704 3705 3706 3707 3708 3709 3710 3711 3712 3713 3714 3715 3716 3717 3718 3719 3720 3721 3722 3723 3724 3725 3726 3727 3728 3729 3730 3731 3732 3733 3734 3735 3736 3737 3738 3739 3740 3741 3742 3743 3744 3745 3746 3747 3748 3749 3750 3751 3752 3753 3754 3755 3756 3757 3758 3759 3760 3761 3762 3763 3764 3765 3766 3767 3768 3769 3770 3771 3772 3773 3774 3775 3776 3777 3778 3779 3780 3781 3782 3783 3784 3785 3786 3787 3788 3789 3790 3791 3792 3793 3794 3795 3796 3797 3798 3799 3800 3801 3802 3803 3804 3805 3806 3807 3808 3809 3810 3811 3812 3813 3814 3815 3816 3817 3818 3819 3820 3821 3822 3823 3824 3825 3826 3827 3828 3829 3830 3831 3832 3833 3834 3835 3836 3837 3838 3839 3840 3841 3842 3843 3844 3845 3846 3847 3848 3849 3850 3851 3852 3853 3854 3855 3856 3857 3858 3859 3860 3861 3862 3863 3864 3865 3866 3867 3868 3869 3870 3871 3872 3873 3874 3875 3876 3877 3878 3879 3880 3881 3882 3883 3884 3885 3886 3887 3888 3889 3890 3891 3892 3893 3894 3895 3896 3897 3898 3899 3900 3901 3902 3903 3904 3905 3906 3907 3908 3909 3910 3911 3912 3913 3914 3915 3916 3917 3918 3919 3920 3921 3922 3923 3924 3925 3926 3927 3928 3929 3930 3931 3932 3933 3934 3935 3936 3937 3938 3939 3940 3941 3942 3943 3944 3945 3946 3947 3948 3949 3950 3951 3952 3953 3954 3955 3956 3957 3958 3959 3960 3961 3962 3963 3964 3965 3966 3967 3968 3969 3970 3971 3972 3973 3974 3975 3976 3977 3978 3979 3980 3981 3982 3983 3984 3985 3986 3987 3988 3989 3990 3991 3992 3993 3994 3995 3996 3997 3998 3999 4000 4001 4002 4003 4004 4005 4006 4007 4008 4009 4010 4011 4012 4013 4014 4015 4016 4017 4018 4019 4020 4021 4022 4023 4024 4025 4026 4027 4028 4029 4030 4031 4032 4033 4034 4035 4036 4037 4038 4039 4040 4041 4042 4043 4044 4045 4046 4047 4048 4049 4050 4051 4052 4053 4054 4055 4056 4057 4058 4059 4060 4061 4062 4063 4064 4065 4066 4067 4068 4069 4070 4071 4072 4073 4074 4075 4076 4077 4078 4079 4080 4081 4082 4083 4084 4085 4086 4087 4088 4089 4090 4091 4092 4093 4094 4095 4096 4097 4098 4099 4100 4101 4102 4103 4104 4105 4106 4107 4108 4109 4110 4111 4112 4113 4114 4115 4116 4117 4118 4119 4120 4121 4122 4123 4124 4125 4126 4127 4128 4129 4130 4131 4132 4133 4134 4135 4136 4137 4138 4139 4140 4141 4142 4143 4144 4145 4146 4147 4148 4149 4150 4151 4152 4153 4154 4155 4156 4157 4158 4159 4160 4161 4162 4163 4164 4165 4166 4167 4168 4169 4170 4171 4172 4173 4174 4175 4176 4177 4178 4179 4180 4181 4182 4183 4184 4185 4186 4187 4188 4189 4190 4191 4192 4193 4194 4195 4196 4197 4198 4199 4200 4201 4202 4203 4204 4205 4206 4207 4208 4209 4210 4211 4212 4213 4214 4215 4216 4217 4218 4219 4220 4221 4222 4223 4224 4225 4226 4227 4228 4229 4230 4231 4232 4233 4234 4235 4236 4237 4238 4239 4240 4241 4242 4243 4244 4245 4246 4247 4248 4249 4250 4251 4252 4253 4254 4255 4256 4257 4258 4259 4260 4261 4262 4263 4264 4265 4266 4267 4268 4269 4270 4271 4272 4273 4274 4275 4276 4277 4278 4279 4280 4281 4282 4283 4284 4285 4286 4287 4288 4289 4290 4291 4292 4293 4294 4295 4296 4297 4298 4299 4300 4301 4302 4303 4304 4305 4306 4307 4308 4309 4310 4311 4312 4313 4314 4315 4316 4317 4318 4319 4320 4321 4322 4323 4324 4325 4326 4327 4328 4329 4330 4331 4332 4333 4334 4335 4336 4337 4338 4339 4340 4341 4342 4343 4344 4345 4346 4347 4348 4349 4350 4351 4352 4353 4354 4355 4356 4357 4358 4359 4360 4361 4362 4363 4364 4365 4366 4367 4368 4369 4370 4371 4372 4373 4374 4375 4376 4377 4378 4379 4380 4381 4382 4383 4384 4385 4386 4387 4388 4389 4390 4391 4392 4393 4394 4395 4396 4397 4398 4399 4400 4401 4402 4403 4404 4405 4406 4407 4408 4409 4410 4411 4412 4413 4414 4415 4416 4417 4418 4419 4420 4421 4422 4423 4424 4425 4426 4427 4428 4429 4430 4431 4432 4433 4434 4435 4436 4437 4438 4439 4440 4441 4442 4443 4444 4445 4446 4447 4448 4449 4450 4451 4452 4453 4454 4455 4456 4457 4458 4459 4460 4461 4462 4463 4464 4465 4466 4467 4468 4469 4470 4471 4472 4473 4474 4475 4476 4477 4478 4479 4480 4481 4482 4483 4484 4485 4486 4487 4488 4489 4490 4491 4492 4493 4494 4495 4496 4497 4498 4499 4500 4501 4502 4503 4504 4505 4506 4507 4508 4509 4510 4511 4512 4513 4514 4515 4516 4517 4518 4519 4520 4521 4522 4523 4524 4525 4526 4527 4528 4529 4530 4531 4532 4533 4534 4535 4536 4537 4538 4539 4540 4541 4542 4543 4544 4545 4546 4547 4548 4549 4550 4551 4552 4553 4554 4555 4556 4557 4558 4559 4560 4561 4562 4563 4564 4565 4566 4567 4568 4569 4570 4571 4572 4573 4574 4575 4576 4577 4578 4579 4580 4581 4582 4583 4584 4585 4586 4587 4588 4589 4590 4591 4592 4593 4594 4595 4596 4597 4598 4599 4600 4601 4602 4603 4604 4605 4606 4607 4608 4609 4610 4611 4612 4613 4614 4615 4616 4617 4618 4619 4620 4621 4622 4623 4624 4625 4626 4627 4628 4629 4630 4631 4632 4633 4634 4635 4636 4637 4638 4639 4640 4641 4642 4643 4644 4645 4646 4647 4648 4649 4650 4651 4652 4653 4654 4655 4656 4657 4658 4659 4660 4661 4662 4663 4664 4665 4666 4667 4668 4669 4670 4671 4672 4673 4674 4675 4676 4677 4678 4679 4680 4681 4682 4683 4684 4685 4686 4687 4688 4689 4690 4691 4692 4693 4694 4695 4696 4697 4698 4699 4700 4701 4702 4703 4704 4705 4706 4707 4708 4709 4710 4711 4712 4713 4714 4715 4716 4717 4718 4719 4720 4721 4722 4723 4724 4725 4726 4727 4728 4729 4730 4731 4732 4733 4734 4735 4736 4737 4738 4739 4740 4741 4742 4743 4744 4745 4746 4747 4748 4749 4750 4751 4752 4753 4754 4755 4756 4757 4758 4759 4760 4761 4762 4763 4764 4765 4766 4767 4768 4769 4770 4771 4772 4773 4774 4775 4776 4777 4778 4779 4780 4781 4782 4783 4784 4785 4786 4787 4788 4789 4790 4791 4792 4793 4794 4795 4796 4797 4798 4799 4800 4801 4802 4803 4804 4805 4806 4807 4808 4809 4810 4811 4812 4813 4814 4815 4816 4817 4818 4819 4820 4821 4822 4823 4824 4825 4826 4827 4828 4829 4830 4831 4832 4833 4834 4835 4836 4837 4838 4839 4840 4841 4842 4843 4844 4845 4846 4847 4848 4849 4850 4851 4852 4853 4854 4855 4856 4857 4858 4859 4860 4861 4862 4863 4864 4865 4866 4867 4868 4869 4870 4871 4872 4873 4874 4875 4876 4877 4878 4879 4880 4881 4882 4883 4884 4885 4886 4887 4888 4889 4890 4891 4892 4893 4894 4895 4896 4897 4898 4899 4900 4901 4902 4903 4904 4905 4906 4907 4908 4909 4910 4911 4912 4913 4914 4915 4916 4917 4918 4919 4920 4921 4922 4923 4924 4925 4926 4927 4928 4929 4930 4931 4932 4933 4934 4935 4936 4937 4938 4939 4940 4941 4942 4943 4944 4945 4946 4947 4948 4949 4950 4951 4952 4953 4954 4955 4956 4957 4958 4959 4960 4961 4962 4963 4964 4965 4966 4967 4968 4969 4970 4971 4972 4973 4974 4975 4976 4977 4978 4979 4980 4981 4982 4983 4984 4985 4986 4987 4988 4989 4990 4991 4992 4993 4994 4995 4996 4997 4998 4999 5000 5001 5002 5003 5004 5005 5006 5007 5008 5009 5010 5011 5012 5013 5014 5015 5016 5017 5018 5019 5020 5021 5022 5023 5024 5025 5026 5027 5028 5029 5030 5031 5032 5033 5034 5035 5036 5037 5038 5039 5040 5041 5042 5043 5044 5045 5046 5047 5048 5049 5050 5051 5052 5053 5054 5055 5056 5057 5058 5059 5060 5061 5062 5063 5064 5065 5066 5067 5068 5069 5070 5071 5072 5073 5074 5075 5076 5077 5078 5079 5080 5081 5082 5083 5084 5085 5086 5087 5088 5089 5090 5091 5092 5093 5094 5095 5096 5097 5098 5099 5100 5101 5102 5103 5104 5105 5106 5107 5108 5109 5110 5111 5112 5113 5114 5115 5116 5117 5118 5119 5120 5121 5122 5123 5124 5125 5126 5127 5128 5129 5130 5131 5132 5133 5134 5135 5136 5137 5138 5139 5140 5141 5142 5143 5144 5145 5146 5147 5148 5149 5150 5151 5152 5153 5154 5155 5156 5157 5158 5159 5160 5161 5162 5163 5164 5165 5166 5167 5168 5169 5170 5171 5172 5173 5174 5175 5176 5177 5178 5179 5180 5181 5182 5183 5184 5185 5186 5187 5188 5189 5190 5191 5192 5193 5194 5195 5196 5197 5198 5199 5200 5201 5202 5203 5204 5205 5206 5207 5208 5209 5210 5211 5212 5213 5214 5215 5216 5217 5218 5219 5220 5221 5222 5223 5224 5225 5226 5227 5228 5229 5230 5231 5232 5233 5234 5235 5236 5237 5238 5239 5240 5241 5242 5243 5244 5245 5246 5247 5248 5249 5250 5251 5252 5253 5254 5255 5256 5257 5258 5259 5260 5261 5262 5263 5264 5265 5266 5267 5268 5269 5270 5271 5272 5273 5274 5275 5276 5277 5278 5279 5280 5281 5282 5283 5284 5285 5286 5287 5288 5289 5290 5291 5292 5293 5294 5295 5296 5297 5298 5299 5300 5301 5302 5303 5304 5305 5306 5307 5308 5309 5310 5311 5312 5313 5314 5315 5316 5317 5318 5319 5320 5321 5322 5323 5324 5325 5326 5327 5328 5329 5330 5331 5332 5333 5334 5335 5336 5337 5338 5339 5340 5341 5342 5343 5344 5345 5346 5347 5348 5349 5350 5351 5352 5353 5354 5355 5356 5357 5358 5359 5360 5361 5362 5363 5364 5365 5366 5367 5368 5369 5370 5371 5372 5373 5374 5375 5376 5377 5378 5379 5380 5381 5382 5383 5384 5385 5386 5387 5388 5389 5390 5391 5392 5393 5394 5395 5396 5397 5398 5399 5400 5401 5402 5403 5404 5405 5406 5407 5408 5409 5410 5411 5412 5413 5414 5415 5416 5417 5418 5419 5420 5421 5422 5423 5424 5425 5426 5427 5428 5429 5430 5431 5432 5433 5434 5435 5436 5437 5438 5439 5440 5441 5442 5443 5444 5445 5446 5447 5448 5449 5450 5451 5452 5453 5454 5455 5456 5457 5458 5459 5460 5461 5462 5463 5464 5465 5466 5467 5468 5469 5470 5471 5472 5473 5474 5475 5476 5477 5478 5479 5480 5481 5482 5483 5484 5485 5486 5487 5488 5489 5490 5491 5492 5493 5494 5495 5496 5497 5498 5499 5500 5501 5502 5503 5504 5505 5506 5507 5508 5509 5510 5511 5512 5513 5514 5515 5516 5517 5518 5519 5520 5521 5522 5523 5524 5525 5526 5527 5528 5529 5530 5531 5532 5533 5534 5535 5536 5537 5538 5539 5540 5541 5542 5543 5544 5545 5546 5547 5548 5549 5550 5551 5552 5553 5554 5555 5556 5557 5558 5559 5560 5561 5562 5563 5564 5565 5566 5567 5568 5569 5570 5571 5572 5573 5574 5575 5576 5577 5578 5579 5580 5581 5582 5583 5584 5585 5586 5587 5588 5589 5590 5591 5592 5593 5594 5595 5596 5597 5598 5599 5600 5601 5602 5603 5604 5605 5606 5607 5608 5609 5610 5611 5612 5613 5614 5615 5616 5617 5618 5619 5620 5621 5622 5623 5624 5625 5626 5627 5628 5629 5630 5631 5632 5633 5634 5635 5636 5637 5638 5639 5640 5641 5642 5643 5644 5645 5646 5647 5648 5649 5650 5651 5652 5653 5654 5655 5656 5657 5658 5659 5660 5661 5662 5663 5664 5665 5666 5667 5668 5669 5670 5671 5672 5673 5674 5675 5676 5677 5678 5679 5680 5681 5682 5683 5684 5685 5686 5687 5688 5689 5690 5691 5692 5693 5694 5695 5696 5697 5698 5699 5700 5701 5702 5703 5704 5705 5706 5707 5708 5709 5710 5711 5712 5713 5714 5715 5716 5717 5718 5719 5720 5721 5722 5723 5724 5725 5726 5727 5728 5729 5730 5731 5732 5733 5734 5735 5736 5737 5738 5739 5740 5741 5742 5743 5744 5745 5746 5747 5748 5749 5750 5751 5752 5753 5754 5755 5756 5757 5758 5759 5760 5761 5762 5763 5764 5765 5766 5767 5768 5769 5770 5771 5772 5773 5774 5775 5776 5777 5778 5779 5780 5781 5782 5783 5784 5785 5786 5787 5788 5789 5790 5791 5792 5793 5794 5795 5796 5797 5798 5799 5800 5801 5802 5803 5804 5805 5806 5807 5808 5809 5810 5811 5812 5813 5814 5815 5816 5817 5818 5819 5820 5821 5822 5823 5824 5825 5826 5827 5828 5829 5830 5831 5832 5833 5834 5835 5836 5837 5838 5839 5840 5841 5842 5843 5844 5845 5846 5847 5848 5849 5850 5851 5852 5853 5854 5855 5856 5857 5858 5859 5860 5861 5862 5863 5864 5865 5866 5867 5868 5869 5870 5871 5872 5873 5874 5875 5876 5877 5878 5879 5880 5881 5882 5883 5884 5885 5886 5887 5888 5889 5890 5891 5892 5893 5894 5895 5896 5897 5898 5899 5900 5901 5902 5903 5904 5905 5906 5907 5908 5909 5910 5911 5912 5913 5914 5915 5916 5917 5918 5919 5920 5921 5922 5923 5924 5925 5926 5927 5928 5929 5930 5931 5932 5933 5934 5935 5936 5937 5938 5939 5940 5941 5942 5943 5944 5945 5946 5947 5948 5949 5950 5951 5952 5953 5954 5955 5956 5957 5958 5959 5960 5961 5962 5963 5964 5965 5966 5967 5968 5969 5970 5971 5972 5973 5974 5975 5976 5977 5978 5979 5980 5981 5982 5983 5984 5985 5986 5987 5988 5989 5990 5991 5992 5993 5994 5995 5996 5997 5998 5999 6000 6001 6002 6003 6004 6005 6006 6007 6008 6009 6010 6011 6012 6013 6014 6015 6016 6017 6018 6019 6020 6021 6022 6023 6024 6025 6026 6027 6028 6029 6030 6031 6032 6033 6034 6035 6036 6037 6038 6039 6040 6041 6042 6043 6044 6045 6046 6047 6048 6049 6050 6051 6052 6053 6054 6055 6056 6057 6058 6059 6060 6061 6062 6063 6064 6065 6066 6067 6068 6069 6070 6071 6072 6073 6074 6075 6076 6077 6078 6079 6080 6081 6082 6083 6084 6085 6086 6087 6088 6089 6090 6091 6092 6093 6094 6095 6096 6097 6098 6099 6100 6101 6102 6103 6104 6105 6106 6107 6108 6109 6110 6111 6112 6113 6114 6115 6116 6117 6118 6119 6120 6121 6122 6123 6124 6125 6126 6127 6128 6129 6130 6131 6132 6133 6134 6135 6136 6137 6138 6139 6140 6141 6142 6143 6144 6145 6146 6147 6148 6149 6150 6151 6152 6153 6154 6155 6156 6157 6158 6159 6160 6161 6162 6163 6164 6165 6166 6167 6168 6169 6170 6171 6172 6173 6174 6175 6176 6177 6178 6179 6180 6181 6182 6183 6184 6185 6186 6187 6188 6189 6190 6191 6192 6193 6194 6195 6196 6197 6198 6199 6200 6201 6202 6203 6204 6205 6206 6207 6208 6209 6210 6211 6212 6213 6214 6215 6216 6217 6218 6219 6220 6221 6222 6223 6224 6225 6226 6227 6228 6229 6230 6231 6232 6233 6234 6235 6236 6237 6238 6239 6240 6241 6242 6243 6244 6245 6246 6247 6248 6249 6250 6251 6252 6253 6254 6255 6256 6257 6258 6259 6260 6261 6262 6263 6264 6265 6266 6267 6268 6269 6270 6271 6272 6273 6274 6275 6276 6277 6278 6279 6280 6281 6282 6283 6284 6285 6286 6287 6288 6289 6290 6291 6292 6293 6294 6295 6296 6297 6298 6299 6300 6301 6302 6303 6304 6305 6306 6307 6308 6309 6310 6311 6312 6313 6314 6315 6316 6317 6318 6319 6320 6321 6322 6323 6324 6325 6326 6327 6328 6329 6330 6331 6332 6333 6334 6335 6336 6337 6338 6339 6340 6341 6342 6343 6344 6345 6346 6347 6348 6349 6350 6351 6352 6353 6354 6355 6356 6357 6358 6359 6360 6361 6362 6363 6364 6365 6366 6367 6368 6369 6370 6371 6372 6373 6374 6375 6376 6377 6378 6379 6380 6381 6382 6383 6384 6385 6386 6387 6388 6389 6390 6391 6392 6393 6394 6395 6396 6397 6398 6399 6400 6401 6402 6403 6404 6405 6406 6407 6408 6409 6410 6411 6412 6413 6414 6415 6416 6417 6418 6419 6420 6421 6422 6423 6424 6425 6426 6427 6428 6429 6430 6431 6432 6433 6434 6435 6436 6437 6438 6439 6440 6441 6442 6443 6444 6445 6446 6447 6448 6449 6450 6451 6452 6453 6454 6455 6456 6457 6458 6459 6460 6461 6462 6463 6464 6465 6466 6467 6468 6469 6470 6471 6472 6473 6474 6475 6476 6477 6478 6479 6480 6481 6482 6483 6484 6485 6486 6487 6488 6489 6490 6491 6492 6493 6494 6495 6496 6497 6498 6499 6500 6501 6502 6503 6504 6505 6506 6507 6508 6509 6510 6511 6512 6513 6514 6515 6516 6517 6518 6519 6520 6521 6522 6523 6524 6525 6526 6527 6528 6529 6530 6531 6532 6533 6534 6535 6536 6537 6538 6539 6540 6541 6542 6543 6544 6545 6546 6547 6548 6549 6550 6551 6552 6553 6554 6555 6556 6557 6558 6559 6560 6561 6562 6563 6564 6565 6566 6567 6568 6569 6570 6571 6572 6573 6574 6575 6576 6577 6578 6579 6580 6581 6582 6583 6584 6585 6586 6587 6588 6589 6590 6591 6592 6593 6594 6595 6596 6597 6598 6599 6600 6601 6602 6603 6604 6605 6606 6607 6608 6609 6610 6611 6612 6613 6614 6615 6616 6617 6618 6619 6620 6621 6622 6623 6624 6625 6626 6627 6628 6629 6630 6631 6632 6633 6634 6635 6636 6637 6638 6639 6640 6641 6642 6643 6644 6645 6646 6647 6648 6649 6650 6651 6652 6653 6654 6655 6656 6657 6658 6659 6660 6661 6662 6663 6664 6665 6666 6667 6668 6669 6670 6671 6672 6673 6674 6675 6676 6677 6678 6679 6680 6681 6682 6683 6684 6685 6686 6687 6688 6689 6690 6691 6692 6693 6694 6695 6696 6697 6698 6699 6700 6701 6702 6703 6704 6705 6706 6707 6708 6709 6710 6711 6712 6713 6714 6715 6716 6717 6718 6719 6720 6721 6722 6723 6724 6725 6726 6727 6728 6729 6730 6731 6732 6733 6734 6735 6736 6737 6738 6739 6740 6741 6742 6743 6744 6745 6746 6747 6748 6749 6750 6751 6752 6753 6754 6755 6756 6757 6758 6759 6760 6761 6762 6763 6764 6765 6766 6767 6768 6769 6770 6771 6772 6773 6774 6775 6776 6777 6778 6779 6780 6781 6782 6783 6784 6785 6786 6787 6788 6789 6790 6791 6792 6793 6794 6795 6796 6797 6798 6799 6800 6801 6802 6803 6804 6805 6806 6807 6808 6809 6810 6811 6812 6813 6814 6815 6816 6817 6818 6819 6820 6821 6822 6823 6824 6825 6826 6827 6828 6829 6830 6831 6832 6833 6834 6835 6836 6837 6838 6839 6840 6841 6842 6843 6844 6845 6846 6847 6848 6849 6850 6851 6852 6853 6854 6855 6856 6857 6858 6859 6860 6861 6862 6863 6864 6865 6866 6867 6868 6869 6870 6871 6872 6873 6874 6875 6876 6877 6878 6879 6880 6881 6882 6883 6884 6885 6886 6887 6888 6889 6890 6891 6892 6893 6894 6895 6896 6897 6898 6899 6900 6901 6902 6903 6904 6905 6906 6907 6908 6909 6910 6911 6912 6913 6914 6915 6916 6917 6918 6919 6920 6921 6922 6923 6924 6925 6926 6927 6928 6929 6930 6931 6932 6933 6934 6935 6936 6937 6938 6939 6940 6941 6942 6943 6944 6945 6946 6947 6948 6949 6950 6951 6952 6953 6954 6955 6956 6957 6958 6959 6960 6961 6962 6963 6964 6965 6966 6967 6968 6969 6970 6971 6972 6973 6974 6975 6976 6977 6978 6979 6980 6981 6982 6983 6984 6985 6986 6987 6988 6989 6990 6991 6992 6993 6994 6995 6996 6997 6998 6999 7000 
